Admission_ID,Patient_ID,Patient_Name,Age,Gender,Blood_Type,City,State,Medical_Condition,Admission_Date,Discharge_Date,Admission_Type,Doctor,Hospital,Insurance_Provider,Room_Number,Medication,Test_Result,BMI,Systolic_BP,Diastolic_BP,Heart_Rate,Fasting_Glucose_mg_dL,Length_of_Stay_Days,Billing_Amount_INR,Readmitted_30_Days,Satisfaction_Score,Smoking_Status
ADM00001,PAT01716,Diya Joshi,33,Female,B-,Hyderabad,Telangana,Anemia,2024-02-21,2024-02-24,Emergency,Dr. M. Joshi,Metro Health Institute,Niva Bupa,182,Iron Supplement,Normal,21.3,120,75,85,65,3,12468.29,No,4,Never
ADM00002,PAT00679,Isha Gupta,46,Female,B+,Lucknow,Uttar Pradesh,Pneumonia,2026-06-18,2026-06-20,Emergency,Dr. V. Jain,LifeLine Multispeciality,HDFC ERGO,357,Amoxicillin,Normal,22.6,120,66,92,105,2,14422.05,No,5,Never
ADM00003,PAT01787,Aarav Jain,29,Male,O-,Bengaluru,Karnataka,COPD,2024-01-08,2024-01-11,Emergency,Dr. M. Joshi,CityCare Hospital,Self Pay,791,Tiotropium,Normal,15.8,126,95,89,101,3,28139.06,No,5,Current
ADM00004,PAT00327,Riya Kumar,55,Male,O-,Patna,Bihar,Arthritis,2026-07-27,2026-07-31,Urgent,Dr. V. Jain,Green Valley Hospital,HDFC ERGO,275,Ibuprofen,Borderline,22.2,100,65,61,81,4,31436.79,No,5,Never
ADM00005,PAT00502,Kabir Verma,50,Female,O-,Bhopal,Madhya Pradesh,COPD,2025-04-21,2025-04-27,Emergency,Dr. K. Rao,Harmony Medical Centre,Self Pay,748,Tiotropium,Borderline,23.0,137,59,67,125,6,58548.33,No,4,Current
ADM00006,PAT00947,Aditya Kapoor,26,Male,O+,Patna,Bihar,Cardiac Disease,2025-03-20,2025-03-28,Emergency,Dr. V. Jain,LifeLine Multispeciality,HDFC ERGO,599,Metoprolol,Normal,19.3,134,90,79,107,8,96021.46,Yes,4,Never
ADM00007,PAT01479,Isha Agarwal,40,Male,A+,Jaipur,Rajasthan,COPD,2025-03-21,2025-03-26,Urgent,Dr. T. Gupta,NewHope Hospital,Star Health,416,Budesonide,Normal,24.9,132,79,89,95,5,49948.7,No,5,Never
ADM00008,PAT00144,Isha Rao,67,Female,A-,Jaipur,Rajasthan,Hypertension,2025-12-01,2025-12-02,Urgent,Dr. P. Singh,Green Valley Hospital,Self Pay,805,Amlodipine,Normal,,133,83,72,117,1,13074.17,No,4,Never
ADM00009,PAT00015,Isha Mehta,46,Female,B-,Chandigarh,Chandigarh,Arthritis,2026-07-12,2026-07-17,Urgent,Dr. P. Singh,Green Valley Hospital,Niva Bupa,582,Ibuprofen,Normal,24.4,110,75,74,111,5,47033.01,No,5,Current
ADM00010,PAT01534,Arjun Gupta,47,Male,AB+,Delhi,Delhi,Arthritis,2024-04-07,2024-04-08,Urgent,Dr. N. Sharma,PrimeCare Hospital,Self Pay,161,Diclofenac,Normal,27.5,120,89,55,109,1,29226.06,No,4,Former
ADM00011,PAT00067,Aman Mishra,85,Female,B-,Jaipur,Rajasthan,Diabetes,2024-12-01,2024-12-03,Urgent,Dr. I. Khan,Sunrise Medical Center,HDFC ERGO,163,Glimepiride,Normal,32.3,108,74,90,160,2,16632.13,No,5,Never
ADM00012,PAT01397,Aditya Kumar,13,Male,B+,Bhopal,Madhya Pradesh,Anemia,2025-05-31,2025-06-01,Urgent,Dr. N. Sharma,NewHope Hospital,Care Health,669,Iron Supplement,Normal,33.8,102,87,86,99,1,16107.87,No,4,Never
ADM00013,PAT01387,Ishaan Agarwal,52,Male,A+,Mumbai,Maharashtra,Fracture,2024-11-17,2024-11-22,Urgent,Dr. K. Rao,Harmony Medical Centre,Niva Bupa,744,Calcium,Normal,28.1,124,93,71,102,5,65179.97,No,5,Never
ADM00014,PAT00833,Aditya Chauhan,33,Female,O-,Patna,Bihar,Anemia,2024-07-01,2024-07-03,Emergency,Dr. N. Sharma,Sunrise Medical Center,Niva Bupa,831,Iron Supplement,Borderline,33.6,137,81,64,85,2,22966.77,No,3,Never
ADM00015,PAT01776,Priya Malhotra,16,Female,B-,Chandigarh,Chandigarh,Diabetes,2024-12-31,2025-01-03,Emergency,Dr. R. Kapoor,LifeLine Multispeciality,HDFC ERGO,158,Glimepiride,Normal,31.3,125,69,65,159,3,25744.29,No,3,Former
ADM00016,PAT01065,Aditya Sharma,68,Female,B-,Bengaluru,Karnataka,Cardiac Disease,2025-10-20,2025-10-28,Emergency,Dr. S. Verma,NewHope Hospital,Star Health,832,Metoprolol,Normal,23.1,138,81,78,111,8,107283.48,No,3,Never
ADM00017,PAT00963,Aditya Kapoor,62,Female,B-,Patna,Bihar,Pneumonia,2024-07-23,2024-07-28,Emergency,Dr. I. Khan,LifeLine Multispeciality,HDFC ERGO,484,Ceftriaxone,Normal,24.1,127,79,81,67,5,39861.31,No,5,Former
ADM00018,PAT01766,Priya Pandey,44,Female,O-,Jaipur,Rajasthan,Cardiac Disease,2024-07-25,2024-08-01,Emergency,Dr. R. Kapoor,CityCare Hospital,ICICI Lombard,210,Metoprolol,Abnormal,22.3,137,98,65,119,7,79298.02,No,4,Never
ADM00019,PAT00790,Kavya Saxena,48,Female,A-,Hyderabad,Telangana,Pneumonia,2025-08-06,2025-08-12,Emergency,Dr. A. Mehta,LifeLine Multispeciality,Star Health,286,Amoxicillin,Normal,21.9,124,74,78,86,6,48982.58,No,4,Never
ADM00020,PAT00145,Aarav Patel,1,Female,AB+,Mumbai,Maharashtra,Asthma,2025-02-01,2025-02-03,Elective,Dr. A. Mehta,CityCare Hospital,Care Health,112,Budesonide,Normal,20.8,105,89,97,84,2,8847.1,No,3,Never
ADM00021,PAT01604,Arjun Singh,52,Female,A-,Hyderabad,Telangana,Hypertension,2025-01-25,2025-01-27,Emergency,Dr. R. Kapoor,LifeLine Multispeciality,Star Health,568,Amlodipine,Normal,15.0,157,94,60,65,2,20254.83,No,3,Never
ADM00022,PAT00855,Tanya Sharma,22,Male,AB+,Mumbai,Maharashtra,Asthma,2025-11-29,2025-12-02,Urgent,Dr. R. Kapoor,Metro Health Institute,HDFC ERGO,508,Montelukast,Normal,16.7,133,77,99,123,3,10464.55,No,4,Never
ADM00023,PAT00533,Sneha Jain,43,Female,B+,Kolkata,West Bengal,Cardiac Disease,2025-05-24,2025-05-29,Emergency,Dr. S. Verma,Green Valley Hospital,HDFC ERGO,559,Aspirin,Borderline,27.9,128,81,90,76,5,83683.09,No,3,Never
ADM00024,PAT01467,Aman Joshi,31,Male,B-,Lucknow,Uttar Pradesh,Anemia,2025-07-30,2025-08-03,Emergency,Dr. K. Rao,Metro Health Institute,ICICI Lombard,755,Folic Acid,Abnormal,21.6,141,76,80,144,4,40587.59,No,4,Never
ADM00025,PAT01101,Rohan Mehta,35,Male,B+,Noida,Uttar Pradesh,Cardiac Disease,2025-02-15,2025-02-19,Emergency,Dr. K. Rao,NewHope Hospital,Niva Bupa,653,Metoprolol,Abnormal,35.3,127,74,67,65,4,50354.05,Yes,3,Former
ADM00026,PAT00248,Ishaan Mehta,46,Male,B-,Bhopal,Madhya Pradesh,Asthma,2024-12-17,2024-12-18,Elective,Dr. R. Kapoor,Harmony Medical Centre,Self Pay,614,Montelukast,Normal,25.4,114,71,65,86,1,24183.94,No,5,Never
ADM00027,PAT01466,Aarav Pandey,74,Male,O+,Noida,Uttar Pradesh,Hypertension,2024-01-05,2024-01-08,Emergency,Dr. T. Gupta,Green Valley Hospital,Niva Bupa,868,Losartan,Abnormal,31.6,169,84,70,65,3,18581.59,No,4,Never
ADM00028,PAT01591,Arjun Chauhan,41,Female,O-,Bhopal,Madhya Pradesh,COPD,2024-04-18,2024-04-22,Elective,Dr. S. Verma,Green Valley Hospital,SBI General,411,Tiotropium,Borderline,32.3,139,91,86,65,4,64001.47,No,3,Current
ADM00029,PAT01244,Rohan Gupta,70,Male,AB-,Jaipur,Rajasthan,Arthritis,2026-04-14,2026-04-17,Emergency,Dr. I. Khan,LifeLine Multispeciality,ICICI Lombard,484,Ibuprofen,Normal,26.6,126,85,85,65,3,37516.96,No,,Never
ADM00030,PAT01326,Arjun Verma,29,Male,B-,Bhopal,Madhya Pradesh,Migraine,2025-08-26,2025-08-29,Urgent,Dr. T. Gupta,PrimeCare Hospital,Self Pay,802,Naproxen,Normal,22.6,108,72,90,93,3,20481.26,No,4,Never
ADM00031,PAT01094,Aditya Rao,28,Female,B+,Bhopal,Madhya Pradesh,Hypertension,2025-05-14,2025-05-17,Emergency,Dr. K. Rao,LifeLine Multispeciality,Niva Bupa,821,Losartan,Borderline,23.8,144,93,78,143,3,23836.29,No,3,Never
ADM00032,PAT01464,Riya Pandey,66,Female,B+,Delhi,Delhi,Diabetes,2024-01-11,2024-01-13,Urgent,Dr. S. Verma,Sunrise Medical Center,Care Health,603,Metformin,Borderline,21.7,127,78,73,167,2,26970.81,No,5,Never
ADM00033,PAT00049,Meera Malhotra,37,Male,O+,Bhopal,Madhya Pradesh,Kidney Disease,2024-06-15,2024-06-23,Emergency,Dr. T. Gupta,CityCare Hospital,HDFC ERGO,329,Erythropoietin,Normal,27.3,107,86,82,96,8,82831.22,No,4,Never
ADM00034,PAT00899,Vivaan Pandey,8,Female,B+,Chandigarh,Chandigarh,Fracture,2025-05-20,2025-05-24,Urgent,Dr. A. Mehta,PrimeCare Hospital,Care Health,209,Calcium,Normal,30.7,115,61,82,105,4,40180.4,No,2,Former
ADM00035,PAT00985,Aditya Gupta,38,Female,B+,Kolkata,West Bengal,Kidney Disease,2025-03-22,2025-03-26,Emergency,Dr. I. Khan,Metro Health Institute,Care Health,557,Sevelamer,Abnormal,24.1,137,82,87,90,4,32866.17,No,5,Never
ADM00036,PAT01696,Aarav Yadav,43,Female,A-,Delhi,Delhi,Gastroenteritis,2024-09-26,2024-09-27,Emergency,Dr. A. Mehta,Sunrise Medical Center,Niva Bupa,373,Probiotic,Borderline,27.5,117,70,80,102,1,16439.06,No,4,Never
ADM00037,PAT01487,Aarav Khan,50,Male,B+,Jaipur,Rajasthan,Gastroenteritis,2026-06-20,2026-06-24,Emergency,Dr. R. Kapoor,Metro Health Institute,Care Health,623,ORS,Normal,22.1,128,90,81,132,4,23610.35,No,4,Never
ADM00038,PAT00123,Meera Rao,53,Male,A-,Mumbai,Maharashtra,Diabetes,2024-03-15,2024-03-17,Urgent,Dr. K. Rao,Harmony Medical Centre,ICICI Lombard,331,Glimepiride,Normal,25.9,128,62,72,181,2,23702.92,No,4,Never
ADM00039,PAT00600,Ananya Sharma,38,Female,O+,Bengaluru,Karnataka,Asthma,2026-08-30,2026-09-02,Urgent,Dr. N. Sharma,CityCare Hospital,ICICI Lombard,503,Budesonide,Normal,16.5,112,68,94,125,3,24869.24,Yes,5,Former
ADM00040,PAT01663,Nisha Yadav,40,Male,O-,Delhi,Delhi,Kidney Disease,2026-07-28,2026-07-31,Elective,Dr. I. Khan,Metro Health Institute,Niva Bupa,194,Sevelamer,Borderline,33.1,102,67,85,76,3,24121.67,No,4,Never
ADM00041,PAT00816,Meera Verma,71,Male,A-,Pune,Maharashtra,Migraine,2025-06-13,2025-06-15,Emergency,Dr. P. Singh,PrimeCare Hospital,Niva Bupa,522,Naproxen,Normal,24.7,107,64,88,75,2,22256.15,No,5,Never
ADM00042,PAT01697,Nisha Yadav,53,Female,O-,Bengaluru,Karnataka,Migraine,2025-11-16,2025-11-17,Urgent,Dr. N. Sharma,Sunrise Medical Center,SBI General,399,Paracetamol,Normal,19.2,134,76,79,78,1,10918.01,No,3,Never
ADM00043,PAT01685,Aarav Jain,51,Female,AB+,Bhopal,Madhya Pradesh,Pneumonia,2026-03-19,2026-03-24,Emergency,Dr. R. Kapoor,Harmony Medical Centre,Self Pay,503,Azithromycin,Normal,22.7,147,69,78,114,5,48578.57,No,2,Never
ADM00044,PAT01486,Rohan Pandey,58,Female,A+,Noida,Uttar Pradesh,Diabetes,2026-08-14,2026-08-18,Emergency,Dr. T. Gupta,Harmony Medical Centre,ICICI Lombard,244,Metformin,Abnormal,32.7,144,75,83,142,4,32691.07,No,4,Never
ADM00045,PAT01575,Ishaan Chauhan,31,Female,AB+,Patna,Bihar,Diabetes,2026-03-31,2026-04-04,Emergency,Dr. R. Kapoor,PrimeCare Hospital,Self Pay,837,Insulin,Normal,27.3,132,81,72,165,4,51124.09,Yes,4,Never
ADM00046,PAT00082,Isha Agarwal,62,Female,O+,Pune,Maharashtra,Diabetes,2024-08-13,2024-08-15,Emergency,Dr. I. Khan,CityCare Hospital,Self Pay,194,Glimepiride,Normal,23.3,127,91,81,156,2,16538.29,No,3,Never
ADM00047,PAT00745,Vivaan Patel,33,Male,O-,Delhi,Delhi,COPD,2024-10-03,2024-10-07,Urgent,Dr. I. Khan,Harmony Medical Centre,ICICI Lombard,338,Tiotropium,Normal,23.6,126,89,86,130,4,61046.11,Yes,3,Former
ADM00048,PAT00819,Riya Kapoor,46,Male,A-,Chandigarh,Chandigarh,Diabetes,2025-03-30,2025-03-31,Urgent,Dr. M. Joshi,Harmony Medical Centre,Self Pay,722,Metformin,Borderline,30.0,113,88,67,188,1,13944.21,No,5,Never
ADM00049,PAT01468,Isha Gupta,30,Female,B-,Kolkata,West Bengal,Arthritis,2024-03-20,2024-03-21,Emergency,Dr. A. Mehta,Green Valley Hospital,Care Health,167,Diclofenac,Normal,21.6,108,91,80,118,1,9867.43,No,4,Current
ADM00050,PAT01048,Ananya Mishra,43,Male,O-,Lucknow,Uttar Pradesh,COPD,2025-02-02,2025-02-05,Elective,Dr. P. Singh,Green Valley Hospital,Self Pay,491,Salbutamol,Normal,23.9,142,81,75,106,3,28609.21,No,4,Current
ADM00051,PAT01289,Isha Pandey,40,Female,A-,Hyderabad,Telangana,Hypertension,2024-04-02,2024-04-04,Elective,Dr. T. Gupta,LifeLine Multispeciality,HDFC ERGO,169,Amlodipine,Normal,23.2,131,82,77,127,2,20534.73,No,4,Never
ADM00052,PAT01331,Priya Pandey,41,Male,B+,Patna,Bihar,Diabetes,2025-08-09,2025-08-10,Urgent,Dr. R. Kapoor,Sunrise Medical Center,HDFC ERGO,284,Glimepiride,Normal,20.6,159,73,84,195,1,34325.88,No,3,Never
ADM00053,PAT00902,Vivaan Kumar,92,Male,A-,Mumbai,Maharashtra,Hypertension,2026-02-18,2026-02-19,Urgent,Dr. N. Sharma,CityCare Hospital,Niva Bupa,236,Amlodipine,Abnormal,27.9,140,88,80,77,1,18236.2,No,5,Former
ADM00054,PAT00878,Aarav Rao,73,Female,B+,Hyderabad,Telangana,Fracture,2025-08-10,2025-08-14,Elective,Dr. M. Joshi,Harmony Medical Centre,Niva Bupa,844,Calcium,Abnormal,20.8,108,83,76,84,4,39420.19,No,4,Former
ADM00055,PAT01613,Aarav Pandey,44,Male,AB-,Pune,Maharashtra,Gastroenteritis,2025-10-24,2025-10-27,Urgent,Dr. I. Khan,PrimeCare Hospital,Self Pay,219,Probiotic,Normal,24.3,109,71,77,65,3,15489.1,No,4,Current
ADM00056,PAT00255,Krishna Jain,62,Female,A-,Mumbai,Maharashtra,Anemia,2024-11-02,2024-11-03,Urgent,Dr. P. Singh,Metro Health Institute,Star Health,333,Folic Acid,Borderline,28.7,129,81,63,111,1,25698.05,No,5,Never
ADM00057,PAT00213,Kabir Saxena,45,Male,AB+,Pune,Maharashtra,Migraine,2025-04-22,2025-04-23,Urgent,Dr. T. Gupta,Sunrise Medical Center,Care Health,464,Paracetamol,Normal,21.5,129,84,85,93,1,22050.9,No,5,Former
ADM00058,PAT00299,Ananya Jain,46,Male,A+,Mumbai,Maharashtra,Gastroenteritis,2026-08-14,2026-08-19,Urgent,Dr. V. Jain,PrimeCare Hospital,Star Health,514,Ondansetron,Borderline,24.8,139,83,73,124,5,39149.66,No,4,Never
ADM00059,PAT01735,Priya Saxena,35,Female,B+,Patna,Bihar,Fracture,2025-09-28,2025-10-01,Urgent,Dr. N. Sharma,Harmony Medical Centre,ICICI Lombard,832,Calcium,Normal,29.7,132,68,91,70,3,23496.45,No,4,Never
ADM00060,PAT00538,Arjun Sharma,67,Male,A+,Patna,Bihar,Kidney Disease,2024-05-27,2024-06-03,Urgent,Dr. N. Sharma,Harmony Medical Centre,Niva Bupa,362,Furosemide,Normal,33.8,140,84,75,102,7,72247.4,No,5,Former
ADM00061,PAT01553,Arjun Srivastava,29,Female,O-,Bengaluru,Karnataka,Hypertension,2024-06-16,2024-06-19,Elective,Dr. K. Rao,NewHope Hospital,Self Pay,365,Telmisartan,Normal,23.0,139,90,48,111,3,35897.75,No,4,Former
ADM00062,PAT01691,Tanya Rao,40,Female,B-,Bengaluru,Karnataka,Gastroenteritis,2026-07-11,2026-07-14,Urgent,Dr. T. Gupta,NewHope Hospital,HDFC ERGO,622,Ondansetron,Borderline,22.0,118,70,67,65,3,13077.56,No,3,Never
ADM00063,PAT01188,Aarav Singh,50,Male,AB-,Pune,Maharashtra,Kidney Disease,2025-02-18,2025-02-25,Elective,Dr. V. Jain,PrimeCare Hospital,ICICI Lombard,510,Erythropoietin,Abnormal,27.7,131,73,84,70,7,83064.56,No,4,Never
ADM00064,PAT01544,Nisha Jain,42,Male,A-,Mumbai,Maharashtra,Fracture,2024-03-24,2024-03-29,Emergency,Dr. K. Rao,Sunrise Medical Center,HDFC ERGO,599,Calcium,Normal,32.2,146,75,81,65,5,58229.03,No,4,Former
ADM00065,PAT01622,Tanya Malhotra,57,Male,AB-,Mumbai,Maharashtra,Cardiac Disease,2025-02-19,2025-02-24,Urgent,Dr. T. Gupta,NewHope Hospital,Self Pay,815,Metoprolol,Normal,27.2,129,96,70,125,5,51197.31,Yes,3,Current
ADM00066,PAT00229,Diya Mishra,46,Female,A-,Noida,Uttar Pradesh,Asthma,2024-01-03,2024-01-05,Elective,Dr. I. Khan,Sunrise Medical Center,Self Pay,730,Salbutamol,Normal,26.0,120,96,75,65,2,17879.67,No,3,Former
ADM00067,PAT01479,Isha Agarwal,40,Male,A+,Jaipur,Rajasthan,Pneumonia,2026-07-07,2026-07-08,Elective,Dr. V. Jain,Sunrise Medical Center,Niva Bupa,330,Ceftriaxone,Normal,35.0,141,87,75,78,1,21395.22,No,3,Never
ADM00068,PAT00347,Isha Singh,59,Female,AB+,Delhi,Delhi,Migraine,2026-05-22,2026-05-23,Emergency,Dr. K. Rao,Green Valley Hospital,HDFC ERGO,253,Paracetamol,Normal,28.1,113,81,86,91,1,4782.85,No,2,Never
ADM00069,PAT00751,Diya Pandey,31,Female,A+,Pune,Maharashtra,Asthma,2024-03-01,2024-03-03,Emergency,Dr. V. Jain,LifeLine Multispeciality,Self Pay,315,Budesonide,Normal,24.6,138,86,88,105,2,23752.37,No,2,Former
ADM00070,PAT00846,Ishaan Saxena,3,Female,O+,Chandigarh,Chandigarh,Gastroenteritis,2025-02-04,2025-02-07,Emergency,Dr. K. Rao,Harmony Medical Centre,Care Health,870,Probiotic,Normal,27.4,151,83,77,113,3,11411.59,No,4,Never
ADM00071,PAT01345,Aarav Joshi,25,Male,AB-,Bhopal,Madhya Pradesh,Fracture,2026-06-09,2026-06-15,Emergency,Dr. T. Gupta,CityCare Hospital,SBI General,747,Calcium,Normal,15.0,112,85,84,97,6,62730.13,No,3,Never
ADM00072,PAT00696,Diya Joshi,43,Female,AB+,Mumbai,Maharashtra,COPD,2025-09-21,2025-09-26,Emergency,Dr. I. Khan,Green Valley Hospital,ICICI Lombard,849,Tiotropium,Borderline,26.0,101,81,78,97,5,47960.67,No,5,Never
ADM00073,PAT00291,Kabir Malhotra,53,Male,A+,Chandigarh,Chandigarh,Kidney Disease,2025-08-28,2025-08-31,Elective,Dr. I. Khan,Green Valley Hospital,Self Pay,706,Furosemide,Normal,24.1,128,77,72,119,3,28095.68,No,3,Current
ADM00074,PAT00498,Tanya Chauhan,59,Male,O+,Bhopal,Madhya Pradesh,Kidney Disease,2026-07-01,2026-07-07,Emergency,Dr. R. Kapoor,LifeLine Multispeciality,Niva Bupa,660,Erythropoietin,Abnormal,24.7,132,99,77,116,6,66908.75,No,4,Never
ADM00075,PAT01630,Kavya Mehta,21,Female,O-,Pune,Maharashtra,Hypertension,2026-01-20,2026-01-23,Elective,Dr. V. Jain,PrimeCare Hospital,HDFC ERGO,772,Amlodipine,Normal,19.5,137,101,109,120,3,29567.52,No,5,Current
ADM00076,PAT00989,Nisha Kapoor,29,Female,AB+,Bengaluru,Karnataka,Hypertension,2024-03-22,2024-03-23,Elective,Dr. K. Rao,Sunrise Medical Center,SBI General,396,Losartan,Normal,28.8,137,90,94,81,1,18495.74,No,5,Never
ADM00077,PAT00431,Diya Yadav,82,Female,AB+,Delhi,Delhi,COPD,2025-10-16,2025-10-24,Elective,Dr. R. Kapoor,NewHope Hospital,Niva Bupa,593,Budesonide,Abnormal,31.3,149,67,94,98,8,84667.7,No,3,Former
ADM00078,PAT00542,Rohan Pandey,66,Male,B-,Hyderabad,Telangana,Cardiac Disease,2024-12-30,2025-01-05,Elective,Dr. K. Rao,Metro Health Institute,Niva Bupa,807,Metoprolol,Abnormal,21.6,122,83,94,84,6,87864.46,No,3,Former
ADM00079,PAT00199,Priya Singh,54,Female,AB+,Pune,Maharashtra,Pneumonia,2026-08-04,2026-08-09,Urgent,Dr. R. Kapoor,Green Valley Hospital,Self Pay,607,Ceftriaxone,Normal,21.5,120,87,86,86,5,36475.48,No,4,Never
ADM00080,PAT00676,Kabir Gupta,62,Male,AB+,Chandigarh,Chandigarh,Kidney Disease,2025-10-19,2025-10-22,Urgent,Dr. M. Joshi,Sunrise Medical Center,Star Health,199,Sevelamer,Normal,,137,81,76,96,3,34782.09,No,3,Former
ADM00081,PAT01315,Nisha Jain,47,Female,B+,Bengaluru,Karnataka,Gastroenteritis,2024-04-29,2024-04-30,Urgent,Dr. A. Mehta,Sunrise Medical Center,Star Health,408,Probiotic,Normal,22.9,111,76,78,85,1,20095.66,No,3,Former
ADM00082,PAT01421,Aarav Patel,37,Male,O+,Delhi,Delhi,Asthma,2026-04-15,2026-04-16,Elective,Dr. R. Kapoor,Metro Health Institute,Self Pay,718,Montelukast,Normal,27.6,119,87,98,111,1,22383.91,Yes,4,Former
ADM00083,PAT00152,Isha Sharma,26,Female,AB+,Noida,Uttar Pradesh,Diabetes,2024-04-07,2024-04-14,Emergency,Dr. R. Kapoor,LifeLine Multispeciality,Self Pay,774,Insulin,Normal,26.1,123,84,65,153,7,63837.05,No,4,Never
ADM00084,PAT00939,Sneha Srivastava,52,Male,O-,Pune,Maharashtra,Diabetes,2026-02-09,2026-02-13,Elective,Dr. K. Rao,Harmony Medical Centre,Niva Bupa,371,Metformin,Abnormal,25.6,132,77,68,202,4,41513.34,Yes,4,Never
ADM00085,PAT01453,Meera Joshi,33,Female,B-,Bhopal,Madhya Pradesh,Fracture,2026-07-05,2026-07-09,Elective,Dr. V. Jain,Green Valley Hospital,Self Pay,106,Ibuprofen,Normal,24.0,136,91,57,77,4,40370.74,No,4,Former
ADM00086,PAT01007,Riya Kumar,10,Male,AB+,Noida,Uttar Pradesh,Migraine,2026-03-24,2026-03-26,Emergency,Dr. I. Khan,LifeLine Multispeciality,HDFC ERGO,732,Sumatriptan,Normal,17.0,114,80,64,112,2,6557.6,No,5,Never
ADM00087,PAT01542,Diya Jain,52,Female,A-,Chandigarh,Chandigarh,COPD,2025-10-25,2025-10-29,Urgent,Dr. P. Singh,Green Valley Hospital,SBI General,849,Tiotropium,Borderline,25.6,142,87,85,65,4,30758.44,No,3,Current
ADM00088,PAT00502,Kabir Verma,50,Female,O-,Bhopal,Madhya Pradesh,Anemia,2024-08-11,2024-08-13,Urgent,Dr. K. Rao,PrimeCare Hospital,Self Pay,488,Vitamin B12,Normal,28.0,137,80,91,121,2,13664.22,No,4,Current
ADM00089,PAT01551,Krishna Kumar,39,Female,AB+,Chandigarh,Chandigarh,Gastroenteritis,2025-03-30,2025-03-31,Elective,Dr. M. Joshi,Metro Health Institute,Star Health,162,Probiotic,Borderline,18.0,135,87,84,130,1,20539.95,No,,Never
ADM00090,PAT00533,Sneha Jain,43,Female,B+,Kolkata,West Bengal,Kidney Disease,2024-07-27,2024-07-29,Urgent,Dr. S. Verma,NewHope Hospital,Self Pay,377,Furosemide,Normal,30.7,134,85,76,99,2,31608.28,No,3,Never
ADM00091,PAT00702,Krishna Jain,30,Male,A-,Delhi,Delhi,Kidney Disease,2026-07-15,2026-07-23,Emergency,Dr. V. Jain,LifeLine Multispeciality,SBI General,121,Furosemide,Normal,31.8,117,72,91,95,8,86438.8,No,3,Former
ADM00092,PAT00605,Krishna Gupta,49,Female,A+,Kolkata,West Bengal,Fracture,2024-04-19,2024-04-23,Elective,Dr. N. Sharma,CityCare Hospital,ICICI Lombard,807,Ibuprofen,Normal,29.5,136,65,71,71,4,29313.06,No,3,Never
ADM00093,PAT01412,Sneha Mishra,63,Female,A-,Kolkata,West Bengal,Pneumonia,2025-05-07,2025-05-13,Emergency,Dr. T. Gupta,NewHope Hospital,Care Health,351,Amoxicillin,Abnormal,27.9,120,94,85,141,6,50791.81,No,3,Never
ADM00094,PAT00911,Arjun Saxena,44,Male,O-,Delhi,Delhi,Hypertension,2024-12-31,2025-01-01,Elective,Dr. V. Jain,Sunrise Medical Center,Star Health,662,Losartan,Normal,26.4,140,95,79,96,1,25156.74,No,4,Never
ADM00095,PAT00678,Priya Malhotra,37,Female,AB-,Delhi,Delhi,COPD,2026-01-25,2026-01-30,Emergency,Dr. R. Kapoor,Sunrise Medical Center,Self Pay,713,Budesonide,Normal,30.1,129,80,81,91,5,52221.82,No,5,Former
ADM00096,PAT01613,Aarav Pandey,44,Male,AB-,Pune,Maharashtra,COPD,2026-02-18,2026-02-22,Urgent,Dr. V. Jain,Green Valley Hospital,Self Pay,385,Tiotropium,Abnormal,31.0,126,85,86,65,4,54736.06,No,4,Current
ADM00097,PAT00923,Riya Chauhan,33,Female,B-,Chandigarh,Chandigarh,Cardiac Disease,2026-08-15,2026-08-20,Elective,Dr. P. Singh,Green Valley Hospital,HDFC ERGO,403,Atorvastatin,Normal,29.8,125,78,90,117,5,73031.84,Yes,4,Former
ADM00098,PAT01433,Sneha Patel,14,Male,O-,Lucknow,Uttar Pradesh,Diabetes,2025-09-25,2025-09-29,Urgent,Dr. A. Mehta,Metro Health Institute,ICICI Lombard,646,Metformin,Normal,29.0,133,76,62,132,4,34695.75,Yes,5,Never
ADM00099,PAT00529,Sneha Yadav,62,Male,O-,Delhi,Delhi,Cardiac Disease,2024-04-21,2024-04-28,Elective,Dr. I. Khan,PrimeCare Hospital,Self Pay,262,Metoprolol,Abnormal,27.2,141,84,62,112,7,95779.08,No,5,Former
ADM00100,PAT01164,Kavya Verma,26,Female,AB-,Lucknow,Uttar Pradesh,Gastroenteritis,2024-08-08,2024-08-12,Elective,Dr. V. Jain,NewHope Hospital,Self Pay,696,ORS,Borderline,24.4,106,69,76,116,4,33068.95,Yes,5,Never
ADM00101,PAT00564,Ananya Malhotra,31,Male,O-,Hyderabad,Telangana,COPD,2024-02-25,2024-03-01,Emergency,Dr. N. Sharma,Green Valley Hospital,Self Pay,621,Budesonide,Normal,32.9,132,78,62,104,5,41628.41,No,3,Former
ADM00102,PAT01218,Tanya Rao,89,Male,A+,Lucknow,Uttar Pradesh,Arthritis,2025-07-05,2025-07-07,Emergency,Dr. R. Kapoor,Metro Health Institute,Care Health,174,Diclofenac,Borderline,24.4,120,78,75,109,2,26139.77,No,4,Never
ADM00103,PAT00074,Aditya Jain,56,Female,B-,Hyderabad,Telangana,COPD,2024-03-23,2024-03-27,Urgent,Dr. R. Kapoor,PrimeCare Hospital,HDFC ERGO,861,Budesonide,Borderline,21.8,134,86,87,93,4,46920.97,No,3,Never
ADM00104,PAT01560,Sneha Kapoor,54,Male,A+,Bhopal,Madhya Pradesh,Fracture,2025-12-05,2025-12-11,Emergency,Dr. R. Kapoor,LifeLine Multispeciality,SBI General,368,Paracetamol,Borderline,36.4,148,89,67,92,6,61237.58,No,2,Former
ADM00105,PAT00287,Arjun Pandey,73,Female,B-,Delhi,Delhi,Hypertension,2025-09-06,2025-09-07,Elective,Dr. T. Gupta,NewHope Hospital,Star Health,714,Amlodipine,Borderline,20.8,143,100,78,84,1,18197.75,Yes,3,Never
ADM00106,PAT00304,Meera Kapoor,59,Male,AB-,Kolkata,West Bengal,Hypertension,2026-06-26,2026-06-28,Elective,Dr. K. Rao,PrimeCare Hospital,Care Health,475,Losartan,Normal,30.0,139,97,64,95,2,11114.51,No,5,Never
ADM00107,PAT01069,Kavya Mehta,44,Female,B+,Noida,Uttar Pradesh,Asthma,2025-01-19,2025-01-21,Elective,Dr. V. Jain,Metro Health Institute,Star Health,163,Budesonide,Normal,20.0,142,82,79,107,2,12047.97,No,3,Never
ADM00108,PAT00591,Diya Jain,67,Male,B-,Pune,Maharashtra,Kidney Disease,2026-06-05,2026-06-08,Elective,Dr. P. Singh,Green Valley Hospital,ICICI Lombard,883,Furosemide,Abnormal,31.3,142,88,76,97,3,34319.19,No,4,Current
ADM00109,PAT00054,Kabir Agarwal,7,Female,B+,Bengaluru,Karnataka,Migraine,2024-10-01,2024-10-03,Emergency,Dr. T. Gupta,Metro Health Institute,ICICI Lombard,843,Paracetamol,Normal,32.7,133,87,70,65,2,6564.49,No,3,Former
ADM00110,PAT00453,Krishna Kumar,51,Male,O+,Jaipur,Rajasthan,Cardiac Disease,2024-11-13,2024-11-21,Emergency,Dr. N. Sharma,Harmony Medical Centre,SBI General,839,Metoprolol,Abnormal,24.9,124,80,57,134,8,96442.85,No,3,Never
ADM00111,PAT00760,Riya Singh,84,Female,B+,Chandigarh,Chandigarh,Asthma,2024-07-10,2024-07-11,Urgent,Dr. A. Mehta,Green Valley Hospital,SBI General,478,Salbutamol,Normal,37.0,133,78,95,109,1,9314.28,No,4,Never
ADM00112,PAT01155,Riya Sharma,53,Male,O-,Noida,Uttar Pradesh,Gastroenteritis,2025-06-15,2025-06-19,Elective,Dr. P. Singh,Green Valley Hospital,Self Pay,314,Ondansetron,Normal,37.6,109,101,57,107,4,42527.12,No,4,Former
ADM00113,PAT00743,Arjun Mishra,26,Female,A+,Bengaluru,Karnataka,Pneumonia,2024-09-20,2024-09-22,Elective,Dr. A. Mehta,Green Valley Hospital,HDFC ERGO,194,Ceftriaxone,Normal,20.8,142,90,92,65,2,38525.6,No,5,Former
ADM00114,PAT01462,Arjun Rao,32,Female,O-,Kolkata,West Bengal,Anemia,2024-08-09,2024-08-14,Emergency,Dr. T. Gupta,Sunrise Medical Center,Niva Bupa,613,Folic Acid,Borderline,30.8,130,79,75,101,5,41586.37,No,4,Never
ADM00115,PAT00597,Kavya Singh,53,Female,B+,Bhopal,Madhya Pradesh,Gastroenteritis,2025-06-21,2025-06-23,Elective,Dr. P. Singh,Harmony Medical Centre,ICICI Lombard,753,Probiotic,Normal,25.4,138,95,80,97,2,31644.01,No,5,Never
ADM00116,PAT00629,Arjun Rao,36,Male,O-,Pune,Maharashtra,Kidney Disease,2024-10-17,2024-10-24,Emergency,Dr. I. Khan,Sunrise Medical Center,Self Pay,639,Sevelamer,Borderline,20.2,156,75,97,73,7,75709.94,No,3,Never
ADM00117,PAT01467,Aman Joshi,31,Male,B-,Lucknow,Uttar Pradesh,Fracture,2025-07-06,2025-07-11,Emergency,Dr. N. Sharma,Sunrise Medical Center,HDFC ERGO,382,Calcium,Borderline,29.0,113,78,83,100,5,55546.8,No,4,Never
ADM00118,PAT00325,Diya Singh,54,Female,B-,Hyderabad,Telangana,Arthritis,2024-04-04,2024-04-06,Urgent,Dr. T. Gupta,Harmony Medical Centre,ICICI Lombard,862,Ibuprofen,Normal,27.1,127,65,87,119,2,24480.76,Yes,4,Never
ADM00119,PAT01163,Rohan Sharma,69,Male,AB+,Mumbai,Maharashtra,Arthritis,2026-02-03,2026-02-08,Emergency,Dr. A. Mehta,Harmony Medical Centre,Star Health,567,Ibuprofen,Normal,31.6,133,80,89,166,5,35483.18,No,4,Former
ADM00120,PAT01299,Arjun Chauhan,44,Female,AB-,Bhopal,Madhya Pradesh,Arthritis,2024-08-05,2024-08-08,Elective,Dr. V. Jain,Metro Health Institute,Care Health,638,Diclofenac,Borderline,27.5,133,98,65,132,3,22780.18,No,4,Never
ADM00121,PAT00625,Priya Agarwal,28,Female,O+,Noida,Uttar Pradesh,Migraine,2024-02-11,2024-02-13,Elective,Dr. T. Gupta,CityCare Hospital,HDFC ERGO,761,Naproxen,Borderline,28.4,102,74,97,94,2,15758.08,No,4,Current
ADM00122,PAT00974,Aman Sharma,52,Male,A-,Noida,Uttar Pradesh,Fracture,2024-02-24,2024-02-29,Elective,Dr. M. Joshi,LifeLine Multispeciality,Care Health,270,Calcium,Normal,28.5,127,78,83,72,5,61482.62,No,4,Former
ADM00123,PAT01461,Aarav Mehta,92,Male,AB-,Chandigarh,Chandigarh,Kidney Disease,2025-09-30,2025-10-07,Elective,Dr. M. Joshi,Sunrise Medical Center,Self Pay,403,Furosemide,Borderline,24.1,113,68,88,72,7,85757.53,No,3,Never
ADM00124,PAT00901,Tanya Mehta,66,Male,B-,Noida,Uttar Pradesh,Arthritis,2025-01-28,2025-01-30,Emergency,Dr. R. Kapoor,Metro Health Institute,Self Pay,329,Diclofenac,Abnormal,21.3,140,89,72,137,2,30877.27,No,3,Never
ADM00125,PAT01379,Isha Rao,55,Male,A-,Bhopal,Madhya Pradesh,Asthma,2025-03-16,2025-03-17,Elective,Dr. M. Joshi,Metro Health Institute,SBI General,417,Montelukast,Normal,29.1,141,76,75,65,1,6563.24,No,4,Never
ADM00126,PAT00604,Aman Srivastava,70,Female,AB+,Kolkata,West Bengal,COPD,2025-06-16,2025-06-19,Elective,Dr. A. Mehta,PrimeCare Hospital,Self Pay,780,Tiotropium,Normal,23.3,113,63,72,65,3,23235.36,Yes,4,Former
ADM00127,PAT00317,Kabir Verma,20,Male,O+,Lucknow,Uttar Pradesh,COPD,2025-08-02,2025-08-05,Elective,Dr. T. Gupta,PrimeCare Hospital,ICICI Lombard,175,Tiotropium,Normal,23.1,99,74,94,123,3,27764.48,No,5,Never
ADM00128,PAT01524,Kavya Gupta,27,Female,A+,Kolkata,West Bengal,Hypertension,2026-04-08,2026-04-09,Urgent,Dr. V. Jain,Metro Health Institute,HDFC ERGO,892,Losartan,Abnormal,28.9,141,85,82,125,1,3500,No,3,Former
ADM00129,PAT01650,Kabir Jain,36,Female,O-,Noida,Uttar Pradesh,Gastroenteritis,2026-07-09,2026-07-12,Emergency,Dr. T. Gupta,Green Valley Hospital,Star Health,785,ORS,Normal,26.1,142,77,78,100,3,30353.52,No,3,Never
ADM00130,PAT01424,Vivaan Mishra,40,Female,O+,Chandigarh,Chandigarh,Fracture,2026-04-23,2026-04-28,Emergency,Dr. V. Jain,Green Valley Hospital,Self Pay,554,Ibuprofen,Abnormal,24.7,142,84,71,85,5,46341.52,No,5,Never
ADM00131,PAT00264,Ishaan Khan,61,Female,AB-,Jaipur,Rajasthan,Pneumonia,2026-01-17,2026-01-21,Emergency,Dr. T. Gupta,Metro Health Institute,Care Health,453,Azithromycin,Abnormal,30.6,125,98,72,109,4,41689.73,No,4,Never
ADM00132,PAT00301,Aman Gupta,28,Male,AB+,Bhopal,Madhya Pradesh,Gastroenteritis,2026-02-02,2026-02-06,Elective,Dr. V. Jain,LifeLine Multispeciality,Star Health,300,ORS,Normal,20.5,140,61,105,66,4,10644.35,No,3,Never
ADM00133,PAT01245,Rohan Saxena,33,Male,B-,Bengaluru,Karnataka,Pneumonia,2024-04-01,2024-04-10,Urgent,Dr. N. Sharma,Sunrise Medical Center,Star Health,268,Azithromycin,Normal,,117,93,90,117,9,92164.02,Yes,4,Never
ADM00134,PAT00599,Rahul Joshi,23,Female,O+,Jaipur,Rajasthan,Pneumonia,2025-03-08,2025-03-14,Emergency,Dr. S. Verma,CityCare Hospital,SBI General,273,Ceftriaxone,Normal,31.3,122,75,71,98,6,59078.6,No,4,Never
ADM00135,PAT01760,Priya Gupta,73,Female,O-,Patna,Bihar,Diabetes,2025-02-09,2025-02-13,Emergency,Dr. M. Joshi,NewHope Hospital,Care Health,275,Metformin,Abnormal,28.6,135,71,77,175,4,25897.05,No,4,Former
ADM00136,PAT00787,Aman Jain,59,Male,O-,Bengaluru,Karnataka,Diabetes,2024-06-14,2024-06-16,Emergency,Dr. M. Joshi,NewHope Hospital,HDFC ERGO,537,Metformin,Abnormal,20.1,143,72,80,158,2,27744.48,No,5,Never
ADM00137,PAT00527,Sneha Saxena,55,Male,B+,Bengaluru,Karnataka,Gastroenteritis,2024-04-27,2024-05-01,Emergency,Dr. T. Gupta,Harmony Medical Centre,Care Health,222,Ondansetron,Normal,23.5,123,72,85,101,4,29838.88,No,2,Never
ADM00138,PAT01305,Isha Verma,37,Female,AB-,Mumbai,Maharashtra,Kidney Disease,2025-02-16,2025-02-22,Elective,Dr. P. Singh,PrimeCare Hospital,ICICI Lombard,264,Furosemide,Normal,21.7,140,73,85,65,6,84684.16,Yes,4,Never
ADM00139,PAT00467,Rohan Rao,70,Female,AB+,Chandigarh,Chandigarh,COPD,2025-11-06,2025-11-08,Elective,Dr. N. Sharma,PrimeCare Hospital,Niva Bupa,568,Budesonide,Normal,31.7,114,77,92,109,2,13953.37,No,3,Never
ADM00140,PAT00058,Ishaan Chauhan,43,Male,AB+,Mumbai,Maharashtra,Hypertension,2025-07-01,2025-07-03,Urgent,Dr. I. Khan,Green Valley Hospital,Care Health,656,Losartan,Abnormal,22.2,128,95,74,127,2,25957.16,Yes,4,Never
ADM00141,PAT01743,Meera Chauhan,47,Male,O+,Chandigarh,Chandigarh,COPD,2025-12-09,2025-12-13,Urgent,Dr. V. Jain,NewHope Hospital,Self Pay,870,Tiotropium,Normal,37.9,120,73,69,69,4,36580.92,Yes,3,Former
ADM00142,PAT00434,Ananya Mishra,68,Female,O+,Jaipur,Rajasthan,Cardiac Disease,2024-12-31,2025-01-07,Urgent,Dr. I. Khan,Sunrise Medical Center,SBI General,780,Atorvastatin,Abnormal,24.2,114,77,64,102,7,94323.45,No,4,Current
ADM00143,PAT01195,Kabir Verma,41,Female,B-,Bengaluru,Karnataka,Kidney Disease,2025-05-19,2025-05-23,Urgent,Dr. V. Jain,PrimeCare Hospital,Care Health,101,Erythropoietin,Normal,27.5,105,65,60,96,4,58984.36,No,5,Current
ADM00144,PAT00621,Vivaan Mishra,45,Male,O-,Pune,Maharashtra,Anemia,2025-10-02,2025-10-05,Emergency,Dr. R. Kapoor,Metro Health Institute,HDFC ERGO,655,Iron Supplement,Borderline,21.5,117,62,66,65,3,26863.03,No,3,Never
ADM00145,PAT00304,Meera Kapoor,59,Male,AB-,Kolkata,West Bengal,COPD,2025-01-18,2025-01-23,Emergency,Dr. I. Khan,LifeLine Multispeciality,SBI General,328,Tiotropium,Normal,28.7,113,78,81,106,5,60219.2,No,3,Never
ADM00146,PAT01197,Nisha Kumar,72,Female,A-,Chandigarh,Chandigarh,Arthritis,2025-08-09,2025-08-12,Elective,Dr. N. Sharma,Metro Health Institute,ICICI Lombard,704,Ibuprofen,Abnormal,24.1,132,83,73,78,3,20502.6,No,4,Former
ADM00147,PAT00025,Tanya Joshi,57,Female,B-,Kolkata,West Bengal,COPD,2025-06-26,2025-06-29,Emergency,Dr. V. Jain,PrimeCare Hospital,Star Health,429,Salbutamol,Normal,21.4,150,90,90,93,3,34183.65,No,3,Current
ADM00148,PAT00532,Aarav Mishra,50,Male,B-,Lucknow,Uttar Pradesh,Anemia,2024-09-24,2024-09-27,Emergency,Dr. V. Jain,PrimeCare Hospital,Care Health,376,Iron Supplement,Normal,28.8,123,76,72,72,3,8352.18,No,3,Former
ADM00149,PAT00746,Kavya Jain,73,Male,O+,Jaipur,Rajasthan,Hypertension,2025-02-07,2025-02-09,Emergency,Dr. V. Jain,Sunrise Medical Center,HDFC ERGO,537,Losartan,Borderline,29.6,135,92,75,108,2,19565.75,No,3,Never
ADM00150,PAT01477,Krishna Sharma,22,Male,A-,Chandigarh,Chandigarh,Fracture,2025-09-27,2025-10-02,Emergency,Dr. R. Kapoor,NewHope Hospital,Niva Bupa,720,Ibuprofen,Normal,34.7,119,67,98,135,5,50260.03,No,3,Never
ADM00151,PAT01042,Nisha Gupta,40,Female,B-,Hyderabad,Telangana,Asthma,2024-01-07,2024-01-09,Elective,Dr. A. Mehta,PrimeCare Hospital,Self Pay,698,Montelukast,Normal,28.2,136,70,92,80,2,24543.64,No,4,Former
ADM00152,PAT01527,Rahul Rao,53,Male,B-,Bhopal,Madhya Pradesh,Cardiac Disease,2025-04-05,2025-04-10,Elective,Dr. K. Rao,PrimeCare Hospital,SBI General,729,Atorvastatin,Normal,24.9,133,76,74,70,5,84803.1,No,4,Never
ADM00153,PAT01783,Nisha Kumar,35,Female,B+,Hyderabad,Telangana,Asthma,2024-11-07,2024-11-12,Urgent,Dr. P. Singh,Green Valley Hospital,Star Health,343,Salbutamol,Abnormal,23.2,151,76,77,107,5,53020.67,Yes,5,Former
ADM00154,PAT01059,Aditya Mishra,22,Male,O-,Bengaluru,Karnataka,Gastroenteritis,2026-04-26,2026-04-29,Elective,Dr. S. Verma,Harmony Medical Centre,ICICI Lombard,735,Probiotic,Normal,28.5,121,85,72,122,3,11968.9,No,4,Former
ADM00155,PAT00832,Sneha Joshi,39,Female,O+,Jaipur,Rajasthan,Kidney Disease,2026-05-20,2026-05-25,Emergency,Dr. N. Sharma,PrimeCare Hospital,HDFC ERGO,172,Sevelamer,Borderline,15.7,100,88,82,65,5,56913.08,Yes,4,Never
ADM00156,PAT00977,Aarav Kapoor,39,Male,B-,Chandigarh,Chandigarh,Pneumonia,2024-06-26,2024-06-30,Elective,Dr. A. Mehta,Sunrise Medical Center,Niva Bupa,526,Amoxicillin,Normal,17.7,133,82,88,87,4,29607.25,No,3,Former
ADM00157,PAT01267,Isha Chauhan,42,Male,B+,Noida,Uttar Pradesh,Kidney Disease,2026-01-04,2026-01-09,Emergency,Dr. K. Rao,LifeLine Multispeciality,Niva Bupa,489,Furosemide,Normal,24.4,103,76,63,119,5,56520.71,No,3,Never
ADM00158,PAT00349,Priya Mehta,54,Male,A+,Noida,Uttar Pradesh,Fracture,2024-11-29,2024-12-03,Elective,Dr. R. Kapoor,NewHope Hospital,HDFC ERGO,569,Ibuprofen,Normal,27.4,139,63,77,74,4,37835.95,Yes,4,Never
ADM00159,PAT00705,Aarav Rao,45,Female,B-,Delhi,Delhi,Pneumonia,2026-03-17,2026-03-23,Emergency,Dr. T. Gupta,Metro Health Institute,Self Pay,851,Amoxicillin,Normal,22.6,110,75,94,140,6,67255.01,No,4,Never
ADM00160,PAT01319,Aditya Malhotra,44,Female,B+,Pune,Maharashtra,Arthritis,2025-08-22,2025-08-25,Elective,Dr. S. Verma,LifeLine Multispeciality,ICICI Lombard,601,Naproxen,Borderline,27.6,120,78,85,85,3,13287.39,No,5,Never
ADM00161,PAT00320,Aman Agarwal,31,Male,A+,Bengaluru,Karnataka,Anemia,2026-01-31,2026-02-03,Urgent,Dr. N. Sharma,NewHope Hospital,Care Health,697,Folic Acid,Borderline,23.6,130,73,91,86,3,26072.66,No,5,Never
ADM00162,PAT01203,Vivaan Saxena,30,Female,AB-,Chandigarh,Chandigarh,Hypertension,2024-06-27,2024-06-29,Emergency,Dr. V. Jain,Green Valley Hospital,Star Health,129,Telmisartan,Normal,26.8,134,101,62,75,2,32835.8,No,3,Never
ADM00163,PAT01747,Priya Kumar,82,Male,B+,Bhopal,Madhya Pradesh,Kidney Disease,2026-03-23,2026-03-27,Emergency,Dr. V. Jain,NewHope Hospital,ICICI Lombard,316,Sevelamer,Normal,31.4,129,77,79,104,4,63936.75,No,4,Never
ADM00164,PAT01027,Nisha Mehta,79,Female,AB+,Pune,Maharashtra,Kidney Disease,2025-01-16,2025-01-20,Elective,Dr. P. Singh,Harmony Medical Centre,Care Health,687,Sevelamer,Borderline,,131,91,95,78,4,63361.71,Yes,3,Never
ADM00165,PAT00644,Riya Joshi,23,Female,AB-,Mumbai,Maharashtra,Pneumonia,2024-12-21,2024-12-26,Urgent,Dr. K. Rao,CityCare Hospital,Star Health,304,Amoxicillin,Borderline,23.4,131,94,103,69,5,57938.9,No,4,Never
ADM00166,PAT01072,Nisha Jain,22,Female,B+,Noida,Uttar Pradesh,Pneumonia,2025-06-07,2025-06-13,Elective,Dr. N. Sharma,Metro Health Institute,Star Health,262,Azithromycin,Normal,31.7,126,80,75,111,6,64622.43,No,5,Current
ADM00167,PAT00767,Rohan Srivastava,49,Male,AB+,Kolkata,West Bengal,Anemia,2025-04-16,2025-04-17,Elective,Dr. A. Mehta,NewHope Hospital,Star Health,452,Vitamin B12,Normal,29.9,132,83,80,65,1,21445.39,No,5,Former
ADM00168,PAT00775,Rohan Kumar,88,Male,A-,Jaipur,Rajasthan,Kidney Disease,2025-03-24,2025-03-30,Urgent,Dr. S. Verma,Sunrise Medical Center,Star Health,389,Furosemide,Normal,24.5,114,69,91,105,6,62031.41,No,4,Never
ADM00169,PAT01773,Krishna Pandey,63,Female,A-,Lucknow,Uttar Pradesh,Hypertension,2026-03-19,2026-03-21,Emergency,Dr. P. Singh,PrimeCare Hospital,Self Pay,459,Telmisartan,Normal,,115,86,87,73,2,18458.38,No,4,Never
ADM00170,PAT00994,Kavya Gupta,34,Male,O+,Lucknow,Uttar Pradesh,Cardiac Disease,2024-03-08,2024-03-15,Elective,Dr. M. Joshi,Sunrise Medical Center,Star Health,296,Atorvastatin,Borderline,18.8,159,80,74,67,7,79812.73,No,5,Never
ADM00171,PAT01328,Tanya Joshi,81,Female,A-,Delhi,Delhi,COPD,2025-07-06,2025-07-09,Urgent,Dr. K. Rao,Metro Health Institute,Niva Bupa,671,Salbutamol,Normal,28.7,139,77,111,107,3,48221.19,No,3,Never
ADM00172,PAT00347,Isha Singh,59,Female,AB+,Delhi,Delhi,Migraine,2025-09-05,2025-09-06,Emergency,Dr. K. Rao,LifeLine Multispeciality,Self Pay,263,Paracetamol,Borderline,22.4,127,76,64,112,1,10152.83,No,4,Never
ADM00173,PAT01784,Vivaan Chauhan,63,Female,A-,Bengaluru,Karnataka,Cardiac Disease,2025-12-19,2025-12-26,Emergency,Dr. S. Verma,Sunrise Medical Center,ICICI Lombard,705,Metoprolol,Abnormal,22.1,129,84,60,65,7,79886.27,No,4,Former
ADM00174,PAT01076,Vivaan Singh,66,Male,O+,Bengaluru,Karnataka,Kidney Disease,2024-10-18,2024-10-23,Emergency,Dr. V. Jain,Sunrise Medical Center,Star Health,128,Sevelamer,Normal,27.1,129,90,94,126,5,59308.64,No,5,Current
ADM00175,PAT00988,Sneha Chauhan,81,Female,AB+,Bhopal,Madhya Pradesh,Kidney Disease,2024-04-12,2024-04-16,Urgent,Dr. R. Kapoor,PrimeCare Hospital,SBI General,575,Furosemide,Abnormal,27.0,145,76,75,101,4,53361.21,No,4,Former
ADM00176,PAT00360,Nisha Singh,59,Female,AB-,Mumbai,Maharashtra,Pneumonia,2025-02-22,2025-02-26,Urgent,Dr. N. Sharma,Sunrise Medical Center,SBI General,126,Azithromycin,Normal,26.8,118,81,89,101,4,49940.96,No,3,Never
ADM00177,PAT00992,Aman Pandey,52,Female,A-,Delhi,Delhi,Fracture,2024-12-23,2024-12-25,Urgent,Dr. P. Singh,Harmony Medical Centre,Star Health,551,Calcium,Normal,24.7,119,87,70,105,2,29731.65,No,4,Former
ADM00178,PAT00778,Arjun Saxena,50,Male,O-,Kolkata,West Bengal,Cardiac Disease,2025-03-23,2025-03-29,Elective,Dr. K. Rao,CityCare Hospital,SBI General,220,Aspirin,Abnormal,24.1,113,74,86,65,6,74979.83,No,4,Former
ADM00179,PAT00030,Nisha Joshi,53,Female,B-,Jaipur,Rajasthan,Kidney Disease,2025-11-13,2025-11-15,Urgent,Dr. S. Verma,CityCare Hospital,ICICI Lombard,784,Sevelamer,Abnormal,27.9,150,83,77,115,2,30456.63,No,3,Never
ADM00180,PAT01370,Ishaan Agarwal,47,Male,O-,Bengaluru,Karnataka,Diabetes,2024-06-25,2024-07-01,Emergency,Dr. R. Kapoor,Green Valley Hospital,Niva Bupa,550,Glimepiride,Normal,29.0,102,79,71,211,6,62870.96,No,2,Never
ADM00181,PAT00133,Sneha Khan,41,Male,A-,Kolkata,West Bengal,Diabetes,2025-01-26,2025-01-27,Elective,Dr. K. Rao,Harmony Medical Centre,HDFC ERGO,855,Glimepiride,Abnormal,22.7,151,91,83,164,1,3500,No,4,Current
ADM00182,PAT00702,Krishna Jain,30,Male,A-,Delhi,Delhi,Gastroenteritis,2025-09-01,2025-09-02,Elective,Dr. P. Singh,NewHope Hospital,Star Health,572,Probiotic,Abnormal,31.6,140,88,79,89,1,17302.76,No,3,Former
ADM00183,PAT00461,Nisha Malhotra,80,Male,O-,Pune,Maharashtra,Gastroenteritis,2025-02-24,2025-02-28,Emergency,Dr. I. Khan,NewHope Hospital,Self Pay,215,ORS,Abnormal,26.7,128,78,83,66,4,47002.12,No,5,Never
ADM00184,PAT00634,Krishna Chauhan,42,Female,B+,Chandigarh,Chandigarh,Kidney Disease,2026-01-18,2026-01-24,Elective,Dr. N. Sharma,Sunrise Medical Center,Niva Bupa,465,Sevelamer,Normal,21.1,117,76,76,92,6,70923.3,No,4,Former
ADM00185,PAT00423,Riya Malhotra,29,Female,B+,Patna,Bihar,Gastroenteritis,2024-08-26,2024-08-27,Elective,Dr. N. Sharma,Green Valley Hospital,ICICI Lombard,188,Ondansetron,Normal,23.7,111,79,84,99,1,16844.22,No,3,Never
ADM00186,PAT00460,Rohan Kapoor,29,Male,B-,Bengaluru,Karnataka,Fracture,2026-02-21,2026-02-25,Urgent,Dr. T. Gupta,NewHope Hospital,Care Health,152,Calcium,Normal,24.3,142,95,71,69,4,44637.88,No,3,Former
ADM00187,PAT00308,Aarav Patel,27,Female,AB+,Bhopal,Madhya Pradesh,Hypertension,2024-08-22,2024-08-24,Urgent,Dr. V. Jain,Green Valley Hospital,ICICI Lombard,487,Losartan,Borderline,22.3,150,74,68,108,2,39262.97,No,4,Former
ADM00188,PAT00570,Sneha Kapoor,38,Female,B+,Hyderabad,Telangana,Diabetes,2025-04-16,2025-04-17,Elective,Dr. P. Singh,LifeLine Multispeciality,Self Pay,540,Metformin,Abnormal,22.9,116,69,84,199,1,31869.79,No,3,Current
ADM00189,PAT01247,Arjun Malhotra,19,Male,B+,Hyderabad,Telangana,Asthma,2024-06-04,2024-06-06,Urgent,Dr. V. Jain,Green Valley Hospital,HDFC ERGO,510,Montelukast,Abnormal,26.1,119,78,105,150,2,12636.99,No,5,Never
ADM00190,PAT01594,Nisha Singh,74,Male,A+,Jaipur,Rajasthan,Cardiac Disease,2024-02-12,2024-02-20,Emergency,Dr. P. Singh,Sunrise Medical Center,Care Health,875,Metoprolol,Normal,24.1,129,90,96,95,8,88906.64,No,4,Never
ADM00191,PAT01493,Meera Yadav,28,Female,A+,Noida,Uttar Pradesh,Pneumonia,2026-02-12,2026-02-20,Emergency,Dr. S. Verma,PrimeCare Hospital,Niva Bupa,197,Amoxicillin,Normal,25.3,139,94,89,121,8,80311.83,Yes,5,Current
ADM00192,PAT01617,Krishna Sharma,1,Female,AB+,Jaipur,Rajasthan,Pneumonia,2024-01-23,2024-01-29,Elective,Dr. I. Khan,Harmony Medical Centre,ICICI Lombard,165,Amoxicillin,Borderline,23.5,146,75,77,98,6,54554.88,No,3,Former
ADM00193,PAT00245,Meera Kumar,55,Female,AB+,Mumbai,Maharashtra,COPD,2026-07-22,2026-07-27,Urgent,Dr. V. Jain,Metro Health Institute,Star Health,182,Salbutamol,Normal,,106,78,74,80,5,51981.03,No,4,Former
ADM00194,PAT01332,Kavya Patel,23,Male,A+,Pune,Maharashtra,Asthma,2024-04-17,2024-04-20,Urgent,Dr. T. Gupta,NewHope Hospital,ICICI Lombard,619,Budesonide,Normal,17.2,103,65,67,65,3,16554.99,No,4,Current
ADM00195,PAT00404,Nisha Agarwal,26,Female,AB-,Jaipur,Rajasthan,Fracture,2026-07-02,2026-07-08,Emergency,Dr. K. Rao,Green Valley Hospital,Care Health,491,Ibuprofen,Normal,22.8,93,66,79,90,6,61193.18,No,4,Former
ADM00196,PAT00731,Riya Joshi,5,Male,A-,Kolkata,West Bengal,Diabetes,2025-04-30,2025-05-06,Emergency,Dr. V. Jain,LifeLine Multispeciality,ICICI Lombard,714,Metformin,Borderline,30.6,148,86,59,158,6,56017.66,No,3,Former
ADM00197,PAT01022,Sneha Kapoor,29,Male,AB+,Kolkata,West Bengal,Cardiac Disease,2024-02-20,2024-02-28,Urgent,Dr. V. Jain,Harmony Medical Centre,ICICI Lombard,521,Aspirin,Abnormal,26.8,103,72,69,158,8,99996.18,No,4,Never
ADM00198,PAT00941,Riya Jain,30,Male,A-,Delhi,Delhi,Arthritis,2024-09-25,2024-09-29,Elective,Dr. P. Singh,Green Valley Hospital,SBI General,724,Ibuprofen,Normal,33.0,137,76,86,77,4,24529.8,No,4,Current
ADM00199,PAT01167,Aarav Mishra,49,Female,O+,Chandigarh,Chandigarh,Cardiac Disease,2026-05-27,2026-06-03,Emergency,Dr. K. Rao,Green Valley Hospital,Self Pay,110,Metoprolol,Normal,22.3,116,84,88,122,7,89668.32,Yes,3,Current
ADM00200,PAT01308,Isha Patel,80,Female,A-,Pune,Maharashtra,COPD,2026-05-26,2026-05-30,Urgent,Dr. T. Gupta,CityCare Hospital,Star Health,282,Salbutamol,Normal,28.4,120,102,89,73,4,55576.16,No,3,Never
ADM00201,PAT00025,Tanya Joshi,57,Female,B-,Kolkata,West Bengal,COPD,2024-04-04,2024-04-05,Elective,Dr. V. Jain,Harmony Medical Centre,Niva Bupa,607,Budesonide,Borderline,,93,79,73,91,1,15683.58,No,4,Current
ADM00202,PAT01721,Meera Rao,75,Male,B+,Chandigarh,Chandigarh,Hypertension,2024-06-26,2024-06-27,Elective,Dr. T. Gupta,Sunrise Medical Center,Star Health,214,Amlodipine,Borderline,21.3,127,106,98,65,1,14146.28,No,4,Never
ADM00203,PAT01529,Nisha Jain,63,Male,B-,Chandigarh,Chandigarh,Hypertension,2024-08-22,2024-08-24,Urgent,Dr. S. Verma,Metro Health Institute,HDFC ERGO,227,Telmisartan,Normal,16.3,138,97,72,65,2,28110.27,No,3,Never
ADM00204,PAT01733,Kavya Mishra,51,Female,B-,Pune,Maharashtra,Gastroenteritis,2024-08-26,2024-08-27,Elective,Dr. N. Sharma,Green Valley Hospital,Self Pay,179,ORS,Normal,25.6,112,91,81,95,1,9916.7,No,3,Never
ADM00205,PAT01678,Riya Patel,30,Male,B-,Delhi,Delhi,Asthma,2024-06-06,2024-06-12,Elective,Dr. T. Gupta,Green Valley Hospital,HDFC ERGO,401,Montelukast,Borderline,20.5,122,90,87,65,6,26678.03,No,4,Never
ADM00206,PAT01604,Arjun Singh,52,Female,A-,Hyderabad,Telangana,Anemia,2024-06-19,2024-06-21,Elective,Dr. I. Khan,Harmony Medical Centre,Self Pay,143,Folic Acid,Abnormal,25.9,140,71,73,108,2,29863.67,No,4,Never
ADM00207,PAT01614,Rohan Sharma,42,Female,AB-,Chandigarh,Chandigarh,Arthritis,2024-07-18,2024-07-22,Elective,Dr. R. Kapoor,Sunrise Medical Center,SBI General,506,Diclofenac,Normal,27.1,130,73,75,70,4,42727.6,No,,Former
ADM00208,PAT01074,Kavya Joshi,27,Male,A-,Kolkata,West Bengal,Kidney Disease,2025-06-10,2025-06-18,Urgent,Dr. K. Rao,Sunrise Medical Center,Niva Bupa,735,Furosemide,Normal,20.8,121,84,77,151,8,96337.99,No,4,Never
ADM00209,PAT00468,Vivaan Mishra,39,Male,B-,Noida,Uttar Pradesh,Kidney Disease,2025-07-19,2025-07-26,Elective,Dr. V. Jain,Harmony Medical Centre,Self Pay,682,Sevelamer,Normal,29.9,109,63,76,77,7,76663.88,No,4,Never
ADM00210,PAT01519,Arjun Mishra,70,Male,A+,Bhopal,Madhya Pradesh,Pneumonia,2025-06-10,2025-06-16,Urgent,Dr. S. Verma,Harmony Medical Centre,HDFC ERGO,192,Ceftriaxone,Abnormal,16.4,131,67,74,163,6,47721.83,No,4,Current
ADM00211,PAT00415,Krishna Gupta,52,Female,O+,Noida,Uttar Pradesh,Fracture,2025-01-25,2025-01-29,Urgent,Dr. V. Jain,NewHope Hospital,Star Health,261,Ibuprofen,Normal,23.0,134,84,70,91,4,31117.88,No,4,Never
ADM00212,PAT00745,Vivaan Patel,33,Male,O-,Delhi,Delhi,Pneumonia,2025-06-13,2025-06-20,Elective,Dr. V. Jain,Harmony Medical Centre,Niva Bupa,489,Azithromycin,Normal,,122,68,87,111,7,74737.64,No,4,Former
ADM00213,PAT01361,Tanya Sharma,80,Male,O+,Bengaluru,Karnataka,Hypertension,2026-05-11,2026-05-12,Emergency,Dr. P. Singh,LifeLine Multispeciality,Self Pay,766,Amlodipine,Normal,20.8,124,84,67,100,1,18601.67,No,4,Never
ADM00214,PAT00068,Nisha Pandey,72,Male,A-,Jaipur,Rajasthan,Cardiac Disease,2025-06-06,2025-06-13,Emergency,Dr. R. Kapoor,CityCare Hospital,Star Health,851,Aspirin,Normal,17.7,125,95,79,67,7,93679.86,No,4,Never
ADM00215,PAT00817,Rohan Khan,78,Female,B-,Patna,Bihar,Pneumonia,2026-07-26,2026-08-01,Elective,Dr. T. Gupta,Harmony Medical Centre,HDFC ERGO,176,Azithromycin,Normal,29.8,143,60,100,88,6,58377.03,No,4,Never
ADM00216,PAT01283,Nisha Rao,30,Male,AB-,Mumbai,Maharashtra,Anemia,2025-01-14,2025-01-16,Urgent,Dr. I. Khan,LifeLine Multispeciality,SBI General,581,Iron Supplement,Borderline,27.7,149,89,85,97,2,17416.47,No,5,Never
ADM00217,PAT00203,Aditya Kapoor,79,Female,B+,Pune,Maharashtra,Arthritis,2026-03-02,2026-03-04,Emergency,Dr. P. Singh,Harmony Medical Centre,Niva Bupa,633,Naproxen,Normal,24.7,122,82,67,90,2,20228.76,No,3,Never
ADM00218,PAT00675,Isha Agarwal,19,Male,O-,Pune,Maharashtra,Arthritis,2025-11-29,2025-11-30,Urgent,Dr. P. Singh,Metro Health Institute,Star Health,190,Ibuprofen,Normal,21.3,115,74,67,121,1,19678.37,No,5,Never
ADM00219,PAT01040,Rahul Yadav,33,Female,A+,Jaipur,Rajasthan,Cardiac Disease,2026-02-21,2026-03-01,Elective,Dr. I. Khan,PrimeCare Hospital,Self Pay,175,Atorvastatin,Normal,25.4,143,77,57,80,8,94423.98,No,4,Never
ADM00220,PAT00138,Arjun Saxena,43,Female,B+,Noida,Uttar Pradesh,Arthritis,2024-11-17,2024-11-21,Emergency,Dr. V. Jain,Metro Health Institute,HDFC ERGO,724,Naproxen,Normal,25.4,115,80,93,119,4,26148.31,No,4,Former
ADM00221,PAT00556,Priya Pandey,49,Female,A-,Kolkata,West Bengal,Fracture,2024-05-21,2024-05-24,Urgent,Dr. S. Verma,Metro Health Institute,Star Health,667,Calcium,Abnormal,26.9,149,96,70,125,3,17769.76,No,4,Never
ADM00222,PAT01134,Tanya Malhotra,24,Male,A+,Jaipur,Rajasthan,Gastroenteritis,2026-05-03,2026-05-07,Emergency,Dr. R. Kapoor,Harmony Medical Centre,HDFC ERGO,822,Ondansetron,Borderline,22.3,127,75,81,87,4,34619.73,No,3,Current
ADM00223,PAT01096,Diya Agarwal,41,Male,AB-,Lucknow,Uttar Pradesh,Cardiac Disease,2024-02-24,2024-03-01,Emergency,Dr. R. Kapoor,NewHope Hospital,Niva Bupa,630,Aspirin,Normal,26.6,145,93,71,100,6,83247.5,No,,Former
ADM00224,PAT01734,Aman Agarwal,56,Male,O-,Delhi,Delhi,Asthma,2026-01-04,2026-01-05,Elective,Dr. A. Mehta,Sunrise Medical Center,Star Health,481,Salbutamol,Normal,26.4,133,79,98,87,1,29562.52,Yes,3,Never
ADM00225,PAT01519,Arjun Mishra,70,Male,A+,Bhopal,Madhya Pradesh,Cardiac Disease,2026-06-26,2026-07-04,Elective,Dr. N. Sharma,Green Valley Hospital,Star Health,574,Aspirin,Abnormal,15.0,122,73,61,115,8,108224.57,No,4,Current
ADM00226,PAT01102,Nisha Gupta,46,Female,B+,Kolkata,West Bengal,Cardiac Disease,2025-11-27,2025-12-07,Urgent,Dr. N. Sharma,NewHope Hospital,ICICI Lombard,669,Metoprolol,Normal,26.9,126,93,82,97,10,106970.34,No,4,Former
ADM00227,PAT01788,Krishna Patel,29,Female,A-,Kolkata,West Bengal,Pneumonia,2025-02-26,2025-03-02,Elective,Dr. S. Verma,Sunrise Medical Center,HDFC ERGO,890,Ceftriaxone,Abnormal,30.9,123,90,101,128,4,54814.62,No,5,Never
ADM00228,PAT00163,Ananya Srivastava,17,Male,A+,Jaipur,Rajasthan,Fracture,2024-12-06,2024-12-12,Emergency,Dr. V. Jain,Green Valley Hospital,ICICI Lombard,256,Calcium,Abnormal,27.0,107,75,79,113,6,50347.38,No,4,Never
ADM00229,PAT01635,Tanya Rao,60,Male,O-,Lucknow,Uttar Pradesh,Arthritis,2024-10-06,2024-10-10,Urgent,Dr. N. Sharma,PrimeCare Hospital,Self Pay,492,Naproxen,Normal,25.2,128,70,71,89,4,33621.67,No,3,Never
ADM00230,PAT00115,Tanya Verma,24,Female,O+,Noida,Uttar Pradesh,COPD,2026-07-25,2026-07-30,Emergency,Dr. P. Singh,Metro Health Institute,SBI General,110,Budesonide,Normal,26.9,118,88,77,104,5,62586.2,No,4,Former
ADM00231,PAT00915,Kavya Chauhan,45,Female,B-,Pune,Maharashtra,Hypertension,2024-12-07,2024-12-10,Urgent,Dr. V. Jain,Harmony Medical Centre,Star Health,804,Amlodipine,Normal,23.5,164,93,77,103,3,30710.62,No,4,Current
ADM00232,PAT01161,Sneha Pandey,52,Female,B+,Bhopal,Madhya Pradesh,Asthma,2024-10-29,2024-11-01,Emergency,Dr. R. Kapoor,Metro Health Institute,Self Pay,185,Montelukast,Abnormal,21.0,111,88,92,128,3,18081.71,No,4,Never
ADM00233,PAT01071,Priya Kapoor,28,Male,A-,Hyderabad,Telangana,Asthma,2026-07-11,2026-07-13,Emergency,Dr. N. Sharma,PrimeCare Hospital,Self Pay,771,Montelukast,Abnormal,33.3,100,72,92,103,2,7687.41,No,4,Never
ADM00234,PAT00508,Kabir Verma,58,Male,O-,Lucknow,Uttar Pradesh,Anemia,2025-03-26,2025-03-27,Urgent,Dr. I. Khan,PrimeCare Hospital,Care Health,337,Vitamin B12,Borderline,21.0,139,81,90,90,1,16170.62,No,3,Never
ADM00235,PAT00502,Kabir Verma,50,Female,O-,Bhopal,Madhya Pradesh,Diabetes,2025-02-06,2025-02-09,Emergency,Dr. A. Mehta,LifeLine Multispeciality,Star Health,656,Insulin,Normal,34.0,130,87,76,152,3,35036.04,Yes,3,Current
ADM00236,PAT00525,Sneha Chauhan,37,Female,A-,Lucknow,Uttar Pradesh,Anemia,2024-04-06,2024-04-13,Urgent,Dr. K. Rao,Harmony Medical Centre,Star Health,161,Folic Acid,Normal,21.9,116,90,99,65,7,40319.36,No,5,Never
ADM00237,PAT01633,Krishna Patel,49,Female,A-,Bhopal,Madhya Pradesh,Kidney Disease,2025-08-14,2025-08-19,Urgent,Dr. M. Joshi,LifeLine Multispeciality,Care Health,229,Sevelamer,Normal,25.9,97,70,89,81,5,67339.69,No,4,Current
ADM00238,PAT01515,Priya Kapoor,29,Male,AB-,Chandigarh,Chandigarh,Pneumonia,2025-08-06,2025-08-12,Elective,Dr. N. Sharma,PrimeCare Hospital,Self Pay,175,Amoxicillin,Borderline,22.6,113,54,87,94,6,53865.38,No,,Former
ADM00239,PAT00375,Diya Jain,80,Male,AB-,Delhi,Delhi,Diabetes,2024-09-18,2024-09-23,Emergency,Dr. K. Rao,Sunrise Medical Center,Star Health,855,Metformin,Borderline,30.6,126,89,77,199,5,37170.48,No,3,Never
ADM00240,PAT01413,Riya Rao,57,Male,B+,Pune,Maharashtra,Fracture,2026-07-05,2026-07-12,Emergency,Dr. T. Gupta,Harmony Medical Centre,ICICI Lombard,240,Ibuprofen,Normal,20.3,138,81,59,65,7,57135.94,Yes,3,Current
ADM00241,PAT01333,Riya Joshi,55,Male,A-,Noida,Uttar Pradesh,Hypertension,2025-11-25,2025-11-26,Emergency,Dr. I. Khan,Harmony Medical Centre,ICICI Lombard,505,Amlodipine,Normal,36.6,157,85,88,76,1,17648.01,No,3,Never
ADM00242,PAT01757,Nisha Kumar,70,Female,A+,Delhi,Delhi,Diabetes,2025-03-05,2025-03-06,Elective,Dr. A. Mehta,NewHope Hospital,Star Health,453,Metformin,Normal,18.9,138,62,84,185,1,12884.7,No,4,Never
ADM00243,PAT00502,Kabir Verma,50,Female,O-,Bhopal,Madhya Pradesh,Pneumonia,2025-07-17,2025-07-23,Elective,Dr. M. Joshi,CityCare Hospital,Care Health,680,Azithromycin,Abnormal,25.9,125,74,76,71,6,59851.25,No,4,Current
ADM00244,PAT00468,Vivaan Mishra,39,Male,B-,Noida,Uttar Pradesh,Cardiac Disease,2024-04-24,2024-04-30,Emergency,Dr. V. Jain,CityCare Hospital,SBI General,869,Atorvastatin,Normal,25.7,114,88,90,113,6,71479.34,No,5,Never
ADM00245,PAT01413,Riya Rao,57,Male,B+,Pune,Maharashtra,Pneumonia,2026-02-22,2026-02-28,Urgent,Dr. S. Verma,CityCare Hospital,Care Health,627,Azithromycin,Abnormal,20.0,132,91,67,138,6,49781.59,No,4,Current
ADM00246,PAT01470,Aman Agarwal,74,Male,AB+,Kolkata,West Bengal,Hypertension,2024-06-15,2024-06-18,Elective,Dr. S. Verma,Green Valley Hospital,SBI General,868,Telmisartan,Abnormal,25.8,150,97,95,137,3,31361.64,Yes,4,Never
ADM00247,PAT00935,Riya Saxena,18,Female,O-,Kolkata,West Bengal,Fracture,2025-01-03,2025-01-06,Emergency,Dr. N. Sharma,Metro Health Institute,SBI General,610,Calcium,Abnormal,22.4,119,67,76,65,3,42251.06,No,4,Never
ADM00248,PAT00364,Ananya Yadav,54,Male,O+,Hyderabad,Telangana,Asthma,2024-04-15,2024-04-17,Elective,Dr. K. Rao,Green Valley Hospital,Self Pay,551,Budesonide,Normal,33.1,151,84,89,105,2,20570.88,No,4,Current
ADM00249,PAT00083,Diya Mishra,15,Male,A-,Lucknow,Uttar Pradesh,Migraine,2025-08-21,2025-08-24,Urgent,Dr. T. Gupta,CityCare Hospital,Self Pay,263,Paracetamol,Borderline,29.0,128,82,84,100,3,16990.7,No,4,Former
ADM00250,PAT01248,Ananya Patel,64,Male,B+,Chandigarh,Chandigarh,Kidney Disease,2024-05-02,2024-05-07,Urgent,Dr. T. Gupta,NewHope Hospital,Star Health,158,Erythropoietin,Normal,25.4,129,103,69,93,5,52834.88,Yes,3,Never
ADM00251,PAT00545,Aditya Kapoor,61,Male,A-,Delhi,Delhi,Pneumonia,2026-05-11,2026-05-12,Elective,Dr. A. Mehta,LifeLine Multispeciality,Care Health,898,Amoxicillin,Normal,31.8,101,93,88,93,1,18686.49,No,5,Former
ADM00252,PAT01131,Ananya Singh,49,Female,O+,Delhi,Delhi,Migraine,2025-03-27,2025-03-30,Elective,Dr. N. Sharma,Harmony Medical Centre,Star Health,221,Sumatriptan,Normal,24.8,131,87,80,65,3,17071.9,No,4,Never
ADM00253,PAT00569,Vivaan Chauhan,45,Male,A-,Bengaluru,Karnataka,Migraine,2024-09-18,2024-09-19,Elective,Dr. A. Mehta,NewHope Hospital,Self Pay,709,Paracetamol,Normal,30.4,144,92,69,127,1,11817.36,No,3,Former
ADM00254,PAT00188,Arjun Sharma,46,Female,O-,Pune,Maharashtra,Fracture,2025-09-29,2025-10-05,Emergency,Dr. N. Sharma,LifeLine Multispeciality,Self Pay,292,Calcium,Normal,24.7,128,87,79,88,6,46757.34,No,3,Former
ADM00255,PAT01522,Meera Agarwal,43,Female,AB-,Lucknow,Uttar Pradesh,Anemia,2025-06-28,2025-07-01,Emergency,Dr. S. Verma,PrimeCare Hospital,Self Pay,898,Vitamin B12,Normal,29.2,159,73,94,105,3,39000.63,No,4,Never
ADM00256,PAT00390,Meera Rao,48,Female,B+,Bengaluru,Karnataka,Cardiac Disease,2025-07-31,2025-08-05,Elective,Dr. P. Singh,Harmony Medical Centre,ICICI Lombard,584,Atorvastatin,Abnormal,21.0,131,71,73,65,5,80244.24,No,4,Never
ADM00257,PAT01502,Aman Srivastava,54,Male,O+,Hyderabad,Telangana,Cardiac Disease,2026-01-15,2026-01-19,Urgent,Dr. I. Khan,LifeLine Multispeciality,Niva Bupa,450,Aspirin,Normal,22.8,133,79,80,116,4,61755.22,No,4,Never
ADM00258,PAT01702,Ananya Joshi,45,Female,B+,Lucknow,Uttar Pradesh,Cardiac Disease,2024-11-26,2024-12-02,Urgent,Dr. I. Khan,Sunrise Medical Center,HDFC ERGO,495,Aspirin,Borderline,21.5,118,85,72,101,6,78564.26,No,4,Never
ADM00259,PAT00131,Sneha Patel,83,Female,B-,Jaipur,Rajasthan,COPD,2025-11-14,2025-11-21,Emergency,Dr. I. Khan,Harmony Medical Centre,HDFC ERGO,889,Salbutamol,Normal,23.9,121,76,106,65,7,75794.07,No,3,Current
ADM00260,PAT00272,Vivaan Verma,67,Female,A+,Kolkata,West Bengal,Diabetes,2025-11-28,2025-12-01,Elective,Dr. V. Jain,LifeLine Multispeciality,ICICI Lombard,315,Insulin,Abnormal,26.7,115,68,64,168,3,28056.1,Yes,4,Never
ADM00261,PAT01071,Priya Kapoor,28,Male,A-,Hyderabad,Telangana,Anemia,2026-07-06,2026-07-11,Emergency,Dr. A. Mehta,Harmony Medical Centre,SBI General,860,Iron Supplement,Normal,34.4,110,79,76,134,5,46404.4,No,3,Never
ADM00262,PAT00621,Vivaan Mishra,45,Male,O-,Pune,Maharashtra,Pneumonia,2025-04-18,2025-04-21,Elective,Dr. N. Sharma,NewHope Hospital,Self Pay,165,Azithromycin,Normal,27.6,117,84,90,122,3,50461.72,Yes,5,Never
ADM00263,PAT00125,Meera Gupta,52,Male,B+,Noida,Uttar Pradesh,Arthritis,2025-06-15,2025-06-18,Emergency,Dr. A. Mehta,LifeLine Multispeciality,HDFC ERGO,688,Naproxen,Normal,24.6,136,80,82,86,3,33868.69,No,4,Never
ADM00264,PAT00426,Kabir Singh,30,Male,O+,Lucknow,Uttar Pradesh,Diabetes,2024-08-10,2024-08-13,Elective,Dr. N. Sharma,CityCare Hospital,Care Health,291,Glimepiride,Abnormal,21.7,122,77,102,165,3,33328.09,No,5,Never
ADM00265,PAT00467,Rohan Rao,70,Female,AB+,Chandigarh,Chandigarh,Kidney Disease,2026-03-13,2026-03-18,Elective,Dr. P. Singh,Green Valley Hospital,Self Pay,718,Sevelamer,Normal,28.2,116,88,88,65,5,51299.44,Yes,2,Never
ADM00266,PAT00500,Rahul Patel,67,Female,O-,Bengaluru,Karnataka,Hypertension,2026-05-23,2026-05-24,Emergency,Dr. A. Mehta,NewHope Hospital,Star Health,292,Losartan,Borderline,27.0,168,79,79,81,1,16238.86,No,4,Never
ADM00267,PAT01200,Sneha Verma,74,Female,B-,Patna,Bihar,Cardiac Disease,2024-05-03,2024-05-09,Elective,Dr. V. Jain,Metro Health Institute,SBI General,605,Metoprolol,Normal,17.5,134,74,79,98,6,83657.77,No,5,Never
ADM00268,PAT01560,Sneha Kapoor,54,Male,A+,Bhopal,Madhya Pradesh,Anemia,2025-12-25,2025-12-27,Urgent,Dr. N. Sharma,Metro Health Institute,Self Pay,621,Iron Supplement,Abnormal,20.1,127,89,81,122,2,20299.62,No,4,Former
ADM00269,PAT01191,Rohan Sharma,34,Male,B+,Delhi,Delhi,Anemia,2025-09-14,2025-09-16,Emergency,Dr. T. Gupta,CityCare Hospital,ICICI Lombard,733,Folic Acid,Normal,41.0,102,102,86,73,2,17988.92,No,2,Former
ADM00270,PAT00978,Riya Sharma,46,Female,A-,Delhi,Delhi,Pneumonia,2024-02-20,2024-02-27,Emergency,Dr. R. Kapoor,Green Valley Hospital,Star Health,786,Amoxicillin,Borderline,23.8,147,70,66,103,7,82302.24,No,4,Current
ADM00271,PAT00951,Aman Yadav,45,Female,O+,Hyderabad,Telangana,Pneumonia,2026-08-30,2026-09-04,Elective,Dr. I. Khan,NewHope Hospital,Care Health,496,Azithromycin,Normal,28.0,120,78,89,92,5,53738.95,No,4,Former
ADM00272,PAT00202,Tanya Rao,32,Male,B+,Pune,Maharashtra,Arthritis,2026-03-20,2026-03-21,Elective,Dr. K. Rao,PrimeCare Hospital,ICICI Lombard,118,Naproxen,Abnormal,26.5,126,83,85,127,1,18990.78,No,4,Current
ADM00273,PAT01100,Arjun Gupta,15,Female,A-,Hyderabad,Telangana,Anemia,2026-01-08,2026-01-09,Emergency,Dr. A. Mehta,Sunrise Medical Center,Care Health,768,Folic Acid,Borderline,35.2,112,74,58,98,1,29936.17,Yes,4,Former
ADM00274,PAT01601,Kabir Joshi,47,Male,A+,Lucknow,Uttar Pradesh,Diabetes,2025-11-08,2025-11-13,Emergency,Dr. V. Jain,NewHope Hospital,HDFC ERGO,269,Insulin,Abnormal,29.4,144,75,78,142,5,55014.83,No,3,Current
ADM00275,PAT00105,Arjun Singh,61,Male,O+,Hyderabad,Telangana,Migraine,2024-03-22,2024-03-24,Urgent,Dr. T. Gupta,PrimeCare Hospital,HDFC ERGO,753,Sumatriptan,Normal,15.0,134,88,63,124,2,11461.18,No,4,Never
ADM00276,PAT00654,Aarav Yadav,78,Female,A-,Jaipur,Rajasthan,COPD,2026-07-10,2026-07-16,Elective,Dr. P. Singh,Sunrise Medical Center,Star Health,263,Tiotropium,Normal,22.2,135,91,78,80,6,62786.48,No,4,Current
ADM00277,PAT01618,Kabir Malhotra,59,Female,AB+,Noida,Uttar Pradesh,Fracture,2026-05-12,2026-05-18,Emergency,Dr. M. Joshi,Harmony Medical Centre,HDFC ERGO,658,Ibuprofen,Normal,26.4,132,73,74,131,6,60003.57,Yes,3,Never
ADM00278,PAT01299,Arjun Chauhan,44,Female,AB-,Bhopal,Madhya Pradesh,Cardiac Disease,2024-10-31,2024-11-04,Urgent,Dr. T. Gupta,Green Valley Hospital,ICICI Lombard,816,Aspirin,Abnormal,23.1,153,71,95,121,4,48238.36,Yes,4,Never
ADM00279,PAT00150,Rahul Rao,64,Female,AB+,Delhi,Delhi,Migraine,2026-01-26,2026-01-27,Emergency,Dr. A. Mehta,PrimeCare Hospital,Care Health,837,Sumatriptan,Normal,28.2,121,82,73,100,1,22805.49,No,3,Former
ADM00280,PAT00403,Diya Singh,44,Male,O+,Patna,Bihar,Asthma,2024-04-22,2024-04-26,Emergency,Dr. K. Rao,Harmony Medical Centre,ICICI Lombard,389,Budesonide,Abnormal,28.1,119,83,75,165,4,42508.35,No,3,Never
ADM00281,PAT00980,Priya Mishra,65,Female,O+,Jaipur,Rajasthan,Cardiac Disease,2024-12-04,2024-12-11,Emergency,Dr. P. Singh,Green Valley Hospital,Self Pay,365,Atorvastatin,Borderline,16.4,140,77,81,135,7,92157.81,Yes,2,Never
ADM00282,PAT00239,Vivaan Mehta,57,Female,O+,Hyderabad,Telangana,Fracture,2024-08-19,2024-08-22,Urgent,Dr. M. Joshi,Green Valley Hospital,Self Pay,786,Ibuprofen,Normal,24.1,126,80,79,65,3,31656.98,No,4,Never
ADM00283,PAT00906,Meera Chauhan,41,Male,AB-,Bhopal,Madhya Pradesh,Anemia,2025-06-18,2025-06-19,Elective,Dr. M. Joshi,PrimeCare Hospital,HDFC ERGO,632,Folic Acid,Normal,20.5,133,83,115,80,1,15479.0,No,3,Never
ADM00284,PAT00171,Ananya Patel,29,Female,AB+,Bhopal,Madhya Pradesh,Pneumonia,2025-12-27,2026-01-02,Emergency,Dr. N. Sharma,Green Valley Hospital,Niva Bupa,129,Azithromycin,Normal,21.5,108,82,89,88,6,61743.2,No,4,Never
ADM00285,PAT00975,Diya Sharma,36,Male,A-,Patna,Bihar,COPD,2024-04-19,2024-04-24,Elective,Dr. A. Mehta,Harmony Medical Centre,Self Pay,181,Budesonide,Normal,27.5,125,70,99,65,5,42597.95,No,4,Never
ADM00286,PAT00405,Ananya Verma,37,Female,A+,Hyderabad,Telangana,Fracture,2024-03-11,2024-03-16,Emergency,Dr. N. Sharma,Green Valley Hospital,Self Pay,262,Ibuprofen,Normal,30.1,123,86,72,119,5,55132.84,No,4,Never
ADM00287,PAT00205,Tanya Verma,22,Female,AB-,Patna,Bihar,Fracture,2024-09-11,2024-09-17,Emergency,Dr. T. Gupta,CityCare Hospital,Star Health,767,Calcium,Normal,30.6,131,88,76,94,6,58862.5,No,5,Never
ADM00288,PAT01111,Riya Pandey,40,Male,O-,Jaipur,Rajasthan,COPD,2024-05-24,2024-05-27,Elective,Dr. A. Mehta,LifeLine Multispeciality,HDFC ERGO,427,Tiotropium,Borderline,24.2,127,57,97,133,3,47517.29,No,5,Former
ADM00289,PAT01208,Tanya Srivastava,42,Female,AB+,Jaipur,Rajasthan,Asthma,2026-03-23,2026-03-26,Emergency,Dr. N. Sharma,Green Valley Hospital,HDFC ERGO,633,Salbutamol,Normal,21.6,135,81,61,77,3,21280.16,No,4,Never
ADM00290,PAT00441,Isha Jain,47,Male,A-,Patna,Bihar,Fracture,2024-01-10,2024-01-15,Elective,Dr. T. Gupta,NewHope Hospital,ICICI Lombard,111,Calcium,Normal,27.7,92,96,82,146,5,50430.03,No,5,Never
ADM00291,PAT01226,Meera Mehta,40,Female,AB+,Patna,Bihar,Cardiac Disease,2025-05-04,2025-05-10,Emergency,Dr. V. Jain,LifeLine Multispeciality,Self Pay,275,Aspirin,Normal,23.1,131,73,77,83,6,73357.38,No,3,Never
ADM00292,PAT00998,Nisha Chauhan,22,Female,O+,Mumbai,Maharashtra,Hypertension,2026-07-28,2026-08-01,Emergency,Dr. N. Sharma,Metro Health Institute,HDFC ERGO,483,Amlodipine,Abnormal,25.1,151,95,104,124,4,19497.93,No,3,Never
ADM00293,PAT00615,Aditya Agarwal,35,Female,B+,Chandigarh,Chandigarh,Kidney Disease,2026-01-09,2026-01-11,Elective,Dr. I. Khan,Metro Health Institute,Self Pay,152,Erythropoietin,Normal,30.3,117,70,74,65,2,34176.78,No,3,Current
ADM00294,PAT01166,Rahul Joshi,75,Male,O-,Lucknow,Uttar Pradesh,Asthma,2025-07-03,2025-07-06,Urgent,Dr. K. Rao,Harmony Medical Centre,ICICI Lombard,647,Budesonide,Normal,22.2,133,70,93,120,3,33645.53,Yes,4,Never
ADM00295,PAT00020,Rahul Kapoor,25,Female,B+,Lucknow,Uttar Pradesh,Gastroenteritis,2026-01-12,2026-01-14,Elective,Dr. V. Jain,CityCare Hospital,HDFC ERGO,455,Probiotic,Normal,15.0,106,81,60,110,2,24527.6,No,4,Never
ADM00296,PAT01192,Krishna Patel,67,Male,A-,Lucknow,Uttar Pradesh,Arthritis,2026-01-30,2026-01-31,Elective,Dr. R. Kapoor,LifeLine Multispeciality,Care Health,283,Naproxen,Normal,21.3,152,67,74,100,1,18865.03,No,3,Never
ADM00297,PAT00881,Arjun Chauhan,25,Male,AB-,Hyderabad,Telangana,Pneumonia,2026-02-21,2026-02-27,Elective,Dr. R. Kapoor,Harmony Medical Centre,HDFC ERGO,796,Amoxicillin,Normal,27.2,139,97,103,84,6,61666.37,Yes,5,Never
ADM00298,PAT01764,Ananya Malhotra,49,Female,AB-,Bhopal,Madhya Pradesh,Anemia,2025-08-28,2025-08-31,Elective,Dr. A. Mehta,LifeLine Multispeciality,Niva Bupa,632,Folic Acid,Abnormal,22.7,157,74,77,96,3,20796.2,No,4,Never
ADM00299,PAT00229,Diya Mishra,46,Female,A-,Noida,Uttar Pradesh,Gastroenteritis,2026-08-02,2026-08-03,Urgent,Dr. M. Joshi,NewHope Hospital,HDFC ERGO,819,ORS,Normal,29.0,136,80,87,72,1,6506.78,No,5,Former
ADM00300,PAT01475,Priya Gupta,38,Male,O+,Delhi,Delhi,Cardiac Disease,2025-11-04,2025-11-11,Urgent,Dr. T. Gupta,Sunrise Medical Center,Self Pay,458,Metoprolol,Borderline,36.6,117,75,78,113,7,97606.43,Yes,4,Former
ADM00301,PAT00907,Arjun Mishra,48,Female,O+,Jaipur,Rajasthan,Diabetes,2025-09-11,2025-09-17,Emergency,Dr. K. Rao,PrimeCare Hospital,SBI General,818,Glimepiride,Abnormal,32.3,99,70,83,183,6,72266.84,No,4,Current
ADM00302,PAT01593,Rohan Malhotra,30,Male,AB-,Delhi,Delhi,Cardiac Disease,2024-09-07,2024-09-12,Emergency,Dr. V. Jain,CityCare Hospital,Care Health,665,Atorvastatin,Normal,27.5,134,87,86,65,5,54396.88,No,2,Current
ADM00303,PAT01317,Arjun Rao,40,Female,B-,Noida,Uttar Pradesh,Diabetes,2026-01-11,2026-01-17,Emergency,Dr. R. Kapoor,Metro Health Institute,SBI General,482,Glimepiride,Normal,31.5,127,77,76,197,6,62179.44,No,3,Never
ADM00304,PAT00399,Krishna Srivastava,92,Female,B-,Patna,Bihar,Diabetes,2026-06-23,2026-06-27,Elective,Dr. V. Jain,CityCare Hospital,ICICI Lombard,413,Metformin,Normal,30.2,139,87,66,182,4,23383.54,No,5,Never
ADM00305,PAT01207,Ananya Agarwal,30,Male,AB+,Patna,Bihar,Anemia,2026-03-24,2026-03-25,Emergency,Dr. T. Gupta,LifeLine Multispeciality,SBI General,222,Vitamin B12,Normal,29.7,93,79,65,108,1,15117.25,No,4,Former
ADM00306,PAT01651,Krishna Verma,42,Female,B-,Delhi,Delhi,Cardiac Disease,2024-08-10,2024-08-16,Elective,Dr. V. Jain,Green Valley Hospital,SBI General,216,Atorvastatin,Normal,28.6,110,70,72,103,6,82347.1,Yes,4,Never
ADM00307,PAT01301,Diya Srivastava,77,Male,B-,Pune,Maharashtra,Kidney Disease,2026-07-28,2026-08-04,Elective,Dr. V. Jain,Sunrise Medical Center,Care Health,627,Sevelamer,Normal,20.4,128,75,63,103,7,88200.03,No,5,Never
ADM00308,PAT01259,Ishaan Pandey,53,Female,B-,Bengaluru,Karnataka,Pneumonia,2025-07-16,2025-07-23,Emergency,Dr. V. Jain,Harmony Medical Centre,HDFC ERGO,199,Azithromycin,Normal,26.2,115,83,84,65,7,69547.74,No,3,Never
ADM00309,PAT01548,Sneha Singh,25,Male,AB+,Bengaluru,Karnataka,Pneumonia,2026-04-09,2026-04-16,Emergency,Dr. I. Khan,CityCare Hospital,Star Health,508,Ceftriaxone,Normal,28.9,115,78,79,65,7,65372.53,No,3,Never
ADM00310,PAT00935,Riya Saxena,18,Female,O-,Kolkata,West Bengal,Gastroenteritis,2025-04-13,2025-04-16,Emergency,Dr. M. Joshi,Harmony Medical Centre,Self Pay,186,Probiotic,Borderline,15.1,130,75,56,80,3,32433.9,No,3,Never
ADM00311,PAT00002,Aditya Kumar,49,Male,B-,Lucknow,Uttar Pradesh,Arthritis,2026-06-23,2026-06-24,Urgent,Dr. N. Sharma,Metro Health Institute,HDFC ERGO,332,Naproxen,Normal,,137,64,68,111,1,23096.99,No,5,Never
ADM00312,PAT00516,Arjun Sharma,55,Female,AB-,Chandigarh,Chandigarh,Fracture,2025-11-20,2025-11-23,Emergency,Dr. A. Mehta,Harmony Medical Centre,Self Pay,594,Calcium,Abnormal,24.4,141,78,84,134,3,32933.06,No,3,Never
ADM00313,PAT01546,Aarav Verma,50,Female,AB+,Pune,Maharashtra,Cardiac Disease,2024-02-14,2024-02-19,Emergency,Dr. M. Joshi,NewHope Hospital,Self Pay,220,Atorvastatin,Borderline,28.8,115,88,101,100,5,61852.66,No,4,Never
ADM00314,PAT00834,Riya Gupta,43,Female,O-,Pune,Maharashtra,Gastroenteritis,2024-12-26,2024-12-30,Elective,Dr. T. Gupta,Harmony Medical Centre,ICICI Lombard,509,Probiotic,Normal,24.9,139,69,69,92,4,26800.93,No,4,Never
ADM00315,PAT01232,Aarav Singh,24,Male,O-,Hyderabad,Telangana,Migraine,2026-06-09,2026-06-10,Emergency,Dr. A. Mehta,NewHope Hospital,SBI General,240,Paracetamol,Normal,32.7,135,87,73,124,1,3500,No,3,Never
ADM00316,PAT00555,Sneha Chauhan,85,Female,B-,Kolkata,West Bengal,Fracture,2024-10-01,2024-10-05,Emergency,Dr. M. Joshi,LifeLine Multispeciality,Care Health,610,Calcium,Normal,,119,73,87,96,4,42567.61,Yes,3,Current
ADM00317,PAT01009,Priya Rao,34,Male,O+,Chandigarh,Chandigarh,Gastroenteritis,2025-09-24,2025-09-28,Emergency,Dr. K. Rao,Green Valley Hospital,ICICI Lombard,696,Probiotic,Normal,22.8,121,102,83,128,4,22166.57,No,4,Never
ADM00318,PAT01293,Rohan Yadav,23,Male,A-,Jaipur,Rajasthan,Fracture,2025-01-24,2025-01-28,Emergency,Dr. A. Mehta,Metro Health Institute,ICICI Lombard,570,Paracetamol,Normal,31.7,137,81,92,100,4,35866.89,Yes,3,Never
ADM00319,PAT00362,Ananya Pandey,25,Male,O+,Bengaluru,Karnataka,Migraine,2025-09-08,2025-09-10,Emergency,Dr. A. Mehta,PrimeCare Hospital,Niva Bupa,783,Paracetamol,Normal,25.3,115,78,83,78,2,24446.91,No,4,Former
ADM00320,PAT00674,Ananya Mehta,70,Female,B+,Chandigarh,Chandigarh,Arthritis,2026-01-24,2026-01-25,Urgent,Dr. P. Singh,CityCare Hospital,Care Health,838,Diclofenac,Abnormal,27.2,129,75,59,154,1,15931.73,No,4,Never
ADM00321,PAT01039,Aarav Sharma,84,Female,B-,Jaipur,Rajasthan,Kidney Disease,2025-08-29,2025-09-05,Urgent,Dr. S. Verma,Harmony Medical Centre,ICICI Lombard,154,Sevelamer,Normal,20.7,124,84,100,66,7,76433.56,No,4,Current
ADM00322,PAT00990,Arjun Agarwal,69,Female,O-,Noida,Uttar Pradesh,Kidney Disease,2026-07-23,2026-07-29,Elective,Dr. S. Verma,LifeLine Multispeciality,Self Pay,359,Furosemide,Normal,26.1,115,81,76,93,6,80816.86,No,5,Never
ADM00323,PAT01054,Nisha Srivastava,85,Male,O-,Pune,Maharashtra,Cardiac Disease,2025-02-06,2025-02-10,Elective,Dr. K. Rao,Harmony Medical Centre,Self Pay,241,Atorvastatin,Normal,26.5,147,76,96,78,4,49141.76,Yes,4,Never
ADM00324,PAT00582,Vivaan Patel,69,Female,O+,Bhopal,Madhya Pradesh,COPD,2024-07-07,2024-07-12,Elective,Dr. V. Jain,LifeLine Multispeciality,Care Health,434,Salbutamol,Normal,24.7,119,74,89,131,5,49305.47,No,3,Never
ADM00325,PAT01322,Arjun Verma,34,Female,B+,Pune,Maharashtra,Fracture,2025-03-23,2025-03-28,Emergency,Dr. I. Khan,CityCare Hospital,Star Health,356,Calcium,Normal,27.6,131,74,78,100,5,61134.43,No,2,Never
ADM00326,PAT00614,Meera Saxena,47,Female,AB-,Hyderabad,Telangana,Asthma,2026-08-27,2026-09-01,Elective,Dr. P. Singh,PrimeCare Hospital,Niva Bupa,830,Montelukast,Abnormal,30.8,149,73,87,139,5,56315.42,No,5,Former
ADM00327,PAT00542,Rohan Pandey,66,Male,B-,Hyderabad,Telangana,Diabetes,2024-07-04,2024-07-07,Emergency,Dr. K. Rao,CityCare Hospital,Niva Bupa,753,Metformin,Normal,25.3,123,72,75,147,3,10825.71,No,5,Former
ADM00328,PAT01777,Rahul Yadav,31,Male,AB+,Bengaluru,Karnataka,Arthritis,2024-04-04,2024-04-07,Emergency,Dr. M. Joshi,Sunrise Medical Center,ICICI Lombard,408,Naproxen,Borderline,30.9,125,86,72,110,3,29560.04,No,3,Never
ADM00329,PAT01090,Arjun Rao,43,Female,AB-,Hyderabad,Telangana,Fracture,2024-09-23,2024-09-26,Urgent,Dr. P. Singh,Metro Health Institute,ICICI Lombard,139,Ibuprofen,Normal,35.4,131,87,64,100,3,34181.32,No,4,Never
ADM00330,PAT00510,Nisha Pandey,32,Male,O-,Pune,Maharashtra,Kidney Disease,2026-06-29,2026-07-06,Urgent,Dr. M. Joshi,LifeLine Multispeciality,ICICI Lombard,777,Furosemide,Normal,34.9,149,86,65,101,7,96358.81,No,4,Never
ADM00331,PAT00699,Kavya Malhotra,53,Male,O+,Jaipur,Rajasthan,Arthritis,2025-05-09,2025-05-12,Elective,Dr. T. Gupta,Metro Health Institute,Care Health,508,Naproxen,Normal,18.4,144,83,84,80,3,26212.01,No,4,Never
ADM00332,PAT00564,Ananya Malhotra,31,Male,O-,Hyderabad,Telangana,Diabetes,2024-08-17,2024-08-20,Elective,Dr. A. Mehta,Sunrise Medical Center,Star Health,710,Glimepiride,Normal,31.8,110,73,89,146,3,9683.27,No,5,Former
ADM00333,PAT01389,Isha Srivastava,41,Male,O-,Patna,Bihar,Arthritis,2025-08-14,2025-08-19,Urgent,Dr. T. Gupta,LifeLine Multispeciality,SBI General,627,Naproxen,Normal,26.9,137,68,75,107,5,51908.37,No,5,Never
ADM00334,PAT01150,Aditya Patel,46,Male,A-,Mumbai,Maharashtra,Migraine,2026-08-19,2026-08-22,Urgent,Dr. V. Jain,Metro Health Institute,Self Pay,860,Sumatriptan,Borderline,21.8,124,68,64,109,3,36596.72,No,3,Former
ADM00335,PAT01031,Meera Khan,35,Male,O+,Delhi,Delhi,Fracture,2024-05-26,2024-06-02,Emergency,Dr. M. Joshi,Sunrise Medical Center,Niva Bupa,437,Ibuprofen,Normal,29.1,109,82,69,68,7,63478.97,No,3,Former
ADM00336,PAT00633,Nisha Rao,59,Female,B+,Chandigarh,Chandigarh,Gastroenteritis,2024-09-25,2024-10-01,Emergency,Dr. A. Mehta,Green Valley Hospital,Niva Bupa,450,Ondansetron,Normal,22.0,134,64,81,125,6,47887.91,No,3,Never
ADM00337,PAT01282,Sneha Verma,68,Male,A-,Patna,Bihar,Fracture,2024-03-24,2024-03-27,Emergency,Dr. I. Khan,Metro Health Institute,Self Pay,556,Calcium,Abnormal,22.8,155,78,101,125,3,32671.14,No,4,Never
ADM00338,PAT00902,Vivaan Kumar,92,Male,A-,Mumbai,Maharashtra,Arthritis,2024-05-31,2024-06-01,Emergency,Dr. A. Mehta,PrimeCare Hospital,HDFC ERGO,790,Diclofenac,Borderline,24.0,122,82,82,77,1,6367.68,No,3,Former
ADM00339,PAT00229,Diya Mishra,46,Female,A-,Noida,Uttar Pradesh,Hypertension,2024-05-04,2024-05-07,Elective,Dr. T. Gupta,CityCare Hospital,Niva Bupa,807,Telmisartan,Normal,28.2,143,89,91,90,3,42224.64,No,2,Former
ADM00340,PAT01550,Aman Pandey,41,Male,AB+,Mumbai,Maharashtra,Arthritis,2026-03-27,2026-03-31,Elective,Dr. V. Jain,NewHope Hospital,HDFC ERGO,876,Diclofenac,Normal,29.0,135,85,83,102,4,37355.73,No,5,Never
ADM00341,PAT00374,Arjun Jain,53,Male,O+,Hyderabad,Telangana,Asthma,2024-03-21,2024-03-23,Elective,Dr. T. Gupta,Sunrise Medical Center,ICICI Lombard,399,Budesonide,Normal,30.0,125,71,86,120,2,22952.43,No,4,Current
ADM00342,PAT00999,Aarav Chauhan,48,Female,A+,Lucknow,Uttar Pradesh,Anemia,2025-10-28,2025-10-30,Emergency,Dr. N. Sharma,Green Valley Hospital,Niva Bupa,287,Folic Acid,Normal,29.7,114,88,68,88,2,21805.91,No,3,Never
ADM00343,PAT00014,Rahul Srivastava,34,Female,B-,Delhi,Delhi,Hypertension,2025-07-11,2025-07-12,Elective,Dr. R. Kapoor,CityCare Hospital,Self Pay,739,Telmisartan,Borderline,17.1,136,82,73,113,1,16498.66,No,4,Former
ADM00344,PAT00654,Aarav Yadav,78,Female,A-,Jaipur,Rajasthan,Pneumonia,2025-10-11,2025-10-17,Elective,Dr. M. Joshi,Green Valley Hospital,Star Health,247,Amoxicillin,Normal,23.2,144,70,79,140,6,70037.18,No,,Current
ADM00345,PAT01044,Rohan Jain,35,Male,B-,Chandigarh,Chandigarh,Cardiac Disease,2024-05-17,2024-05-26,Emergency,Dr. I. Khan,CityCare Hospital,ICICI Lombard,512,Atorvastatin,Borderline,23.6,142,87,72,74,9,99730.54,No,3,Never
ADM00346,PAT00964,Tanya Yadav,51,Male,AB-,Noida,Uttar Pradesh,COPD,2026-07-28,2026-07-31,Elective,Dr. K. Rao,Sunrise Medical Center,Self Pay,343,Salbutamol,Abnormal,20.5,158,75,79,91,3,18979.15,No,4,Current
ADM00347,PAT01016,Kabir Gupta,19,Male,B+,Bengaluru,Karnataka,Migraine,2024-05-19,2024-05-20,Elective,Dr. S. Verma,CityCare Hospital,HDFC ERGO,314,Paracetamol,Normal,23.9,124,85,70,78,1,3500,No,4,Never
ADM00348,PAT00335,Ishaan Malhotra,61,Female,A+,Hyderabad,Telangana,Arthritis,2024-03-07,2024-03-08,Urgent,Dr. P. Singh,CityCare Hospital,Care Health,738,Ibuprofen,Normal,,108,82,69,120,1,14805.93,No,3,Never
ADM00349,PAT00367,Meera Kumar,37,Male,O-,Bhopal,Madhya Pradesh,Arthritis,2026-04-25,2026-04-27,Emergency,Dr. P. Singh,Sunrise Medical Center,Care Health,842,Naproxen,Abnormal,22.2,144,81,69,111,2,27564.54,Yes,2,Former
ADM00350,PAT00135,Nisha Agarwal,81,Female,AB-,Noida,Uttar Pradesh,Asthma,2024-01-08,2024-01-10,Urgent,Dr. V. Jain,Sunrise Medical Center,Star Health,595,Montelukast,Normal,29.5,152,81,71,99,2,20828.15,No,4,Former
ADM00351,PAT01558,Aditya Verma,59,Female,AB+,Lucknow,Uttar Pradesh,Fracture,2025-10-11,2025-10-17,Emergency,Dr. N. Sharma,Metro Health Institute,ICICI Lombard,608,Calcium,Normal,24.6,122,101,95,104,6,52938.38,No,3,Former
ADM00352,PAT00885,Aarav Chauhan,46,Female,B-,Jaipur,Rajasthan,Asthma,2024-01-15,2024-01-18,Emergency,Dr. P. Singh,CityCare Hospital,Niva Bupa,253,Montelukast,Normal,35.4,121,75,81,103,3,29886.32,No,3,Never
ADM00353,PAT01379,Isha Rao,55,Male,A-,Bhopal,Madhya Pradesh,Cardiac Disease,2025-10-30,2025-11-07,Urgent,Dr. V. Jain,CityCare Hospital,Star Health,577,Atorvastatin,Normal,35.2,130,81,62,74,8,101619.42,Yes,5,Never
ADM00354,PAT00624,Rahul Chauhan,74,Female,B+,Bhopal,Madhya Pradesh,Cardiac Disease,2024-04-08,2024-04-14,Emergency,Dr. R. Kapoor,Sunrise Medical Center,HDFC ERGO,490,Metoprolol,Normal,25.9,147,76,97,101,6,79361.34,No,5,Never
ADM00355,PAT00194,Ishaan Singh,72,Male,A-,Pune,Maharashtra,Hypertension,2026-06-24,2026-06-27,Urgent,Dr. I. Khan,Metro Health Institute,Niva Bupa,171,Losartan,Normal,27.9,152,93,80,80,3,36252.17,No,3,Never
ADM00356,PAT01766,Priya Pandey,44,Female,O-,Jaipur,Rajasthan,Hypertension,2024-11-09,2024-11-11,Urgent,Dr. K. Rao,Metro Health Institute,HDFC ERGO,702,Losartan,Normal,27.3,171,87,78,78,2,25115.82,No,2,Never
ADM00357,PAT00908,Aditya Rao,56,Female,O-,Jaipur,Rajasthan,Diabetes,2026-01-20,2026-01-26,Emergency,Dr. K. Rao,PrimeCare Hospital,Star Health,234,Insulin,Normal,23.8,139,80,77,141,6,64098.79,Yes,2,Never
ADM00358,PAT00702,Krishna Jain,30,Male,A-,Delhi,Delhi,Cardiac Disease,2025-04-21,2025-04-27,Emergency,Dr. R. Kapoor,Sunrise Medical Center,ICICI Lombard,650,Metoprolol,Normal,23.5,91,71,74,80,6,69489.72,No,5,Former
ADM00359,PAT01307,Aarav Malhotra,36,Female,O+,Delhi,Delhi,Diabetes,2025-03-16,2025-03-18,Emergency,Dr. N. Sharma,Green Valley Hospital,Niva Bupa,161,Metformin,Normal,26.1,127,72,67,149,2,15149.77,No,4,Never
ADM00360,PAT01407,Krishna Khan,56,Male,B+,Delhi,Delhi,Gastroenteritis,2024-11-15,2024-11-17,Urgent,Dr. T. Gupta,LifeLine Multispeciality,Star Health,514,Probiotic,Normal,26.1,128,70,61,65,2,23688.91,No,4,Never
ADM00361,PAT01104,Aman Kapoor,38,Female,B+,Pune,Maharashtra,COPD,2025-06-25,2025-07-02,Elective,Dr. S. Verma,NewHope Hospital,Self Pay,141,Budesonide,Normal,22.6,135,77,72,73,7,76843.72,No,4,Never
ADM00362,PAT01685,Aarav Jain,51,Female,AB+,Bhopal,Madhya Pradesh,Asthma,2025-08-10,2025-08-15,Emergency,Dr. A. Mehta,PrimeCare Hospital,Self Pay,102,Salbutamol,Borderline,24.8,126,85,85,94,5,46472.46,No,4,Never
ADM00363,PAT00375,Diya Jain,80,Male,AB-,Delhi,Delhi,Kidney Disease,2024-01-22,2024-01-30,Emergency,Dr. R. Kapoor,Sunrise Medical Center,HDFC ERGO,516,Furosemide,Normal,26.4,130,87,75,74,8,89894.37,No,4,Never
ADM00364,PAT00397,Riya Yadav,25,Male,AB-,Chandigarh,Chandigarh,Hypertension,2026-05-20,2026-05-24,Elective,Dr. M. Joshi,CityCare Hospital,ICICI Lombard,655,Telmisartan,Abnormal,29.1,143,84,79,134,4,35380.61,No,5,Current
ADM00365,PAT01595,Aditya Malhotra,71,Male,O-,Chandigarh,Chandigarh,Diabetes,2026-05-12,2026-05-19,Urgent,Dr. P. Singh,Green Valley Hospital,ICICI Lombard,200,Glimepiride,Abnormal,24.0,141,71,69,170,7,61417.18,No,4,Current
ADM00366,PAT00223,Riya Pandey,60,Male,O+,Delhi,Delhi,Gastroenteritis,2024-03-25,2024-03-29,Elective,Dr. A. Mehta,Green Valley Hospital,Care Health,781,ORS,Normal,23.4,134,82,65,76,4,27039.83,No,3,Never
ADM00367,PAT01563,Kabir Kumar,39,Male,A-,Noida,Uttar Pradesh,Diabetes,2024-11-27,2024-12-01,Emergency,Dr. A. Mehta,Sunrise Medical Center,Star Health,242,Insulin,Abnormal,23.6,114,85,67,190,4,32881.78,No,3,Never
ADM00368,PAT00475,Kabir Chauhan,53,Male,A-,Chandigarh,Chandigarh,Anemia,2026-04-09,2026-04-13,Elective,Dr. T. Gupta,Metro Health Institute,Star Health,455,Vitamin B12,Abnormal,,146,72,81,108,4,34084.08,No,5,Current
ADM00369,PAT00437,Diya Kumar,35,Female,AB+,Lucknow,Uttar Pradesh,Diabetes,2025-12-06,2025-12-09,Urgent,Dr. N. Sharma,Sunrise Medical Center,Self Pay,674,Metformin,Normal,,131,99,73,156,3,23084.31,No,5,Never
ADM00370,PAT00630,Kavya Sharma,30,Male,B-,Patna,Bihar,Gastroenteritis,2024-04-19,2024-04-20,Elective,Dr. M. Joshi,Metro Health Institute,HDFC ERGO,371,Ondansetron,Borderline,23.7,144,75,84,65,1,13230.1,No,4,Never
ADM00371,PAT01028,Vivaan Mishra,16,Male,AB+,Bhopal,Madhya Pradesh,Migraine,2024-05-10,2024-05-11,Emergency,Dr. K. Rao,Sunrise Medical Center,Star Health,771,Naproxen,Normal,23.7,121,80,74,65,1,25803.03,No,5,Never
ADM00372,PAT00626,Isha Mehta,67,Male,AB-,Kolkata,West Bengal,COPD,2024-01-12,2024-01-14,Elective,Dr. N. Sharma,Metro Health Institute,Self Pay,530,Tiotropium,Normal,25.9,129,73,95,65,2,40096.87,No,3,Never
ADM00373,PAT00656,Riya Jain,62,Male,AB-,Noida,Uttar Pradesh,Fracture,2026-04-25,2026-05-01,Emergency,Dr. K. Rao,Harmony Medical Centre,Star Health,520,Ibuprofen,Abnormal,25.3,137,83,66,126,6,65468.22,No,1,Never
ADM00374,PAT01570,Sneha Jain,54,Female,A+,Lucknow,Uttar Pradesh,Asthma,2024-11-21,2024-11-24,Emergency,Dr. T. Gupta,Metro Health Institute,Self Pay,383,Salbutamol,Borderline,18.2,139,87,96,90,3,39204.04,No,4,Former
ADM00375,PAT01087,Nisha Chauhan,26,Male,AB+,Bengaluru,Karnataka,Fracture,2026-06-24,2026-07-01,Elective,Dr. A. Mehta,Harmony Medical Centre,Self Pay,212,Ibuprofen,Borderline,25.7,100,86,76,131,7,49173.63,No,4,Never
ADM00376,PAT00967,Rohan Srivastava,24,Female,B-,Noida,Uttar Pradesh,Pneumonia,2024-11-04,2024-11-10,Urgent,Dr. K. Rao,Harmony Medical Centre,Self Pay,720,Ceftriaxone,Borderline,25.4,121,86,86,105,6,58879.57,No,2,Former
ADM00377,PAT00211,Priya Malhotra,79,Male,A+,Noida,Uttar Pradesh,Kidney Disease,2024-09-19,2024-09-24,Emergency,Dr. V. Jain,Sunrise Medical Center,Niva Bupa,575,Furosemide,Normal,24.5,150,77,76,117,5,65766.73,No,2,Former
ADM00378,PAT01403,Aditya Pandey,85,Male,AB-,Pune,Maharashtra,Hypertension,2024-08-27,2024-08-28,Elective,Dr. T. Gupta,Harmony Medical Centre,HDFC ERGO,893,Amlodipine,Normal,29.7,138,86,87,77,1,16275.38,No,4,Never
ADM00379,PAT00615,Aditya Agarwal,35,Female,B+,Chandigarh,Chandigarh,Arthritis,2026-04-16,2026-04-18,Elective,Dr. A. Mehta,LifeLine Multispeciality,Care Health,641,Diclofenac,Abnormal,26.6,148,88,72,109,2,21994.19,No,4,Current
ADM00380,PAT01249,Ananya Sharma,74,Female,O-,Noida,Uttar Pradesh,Hypertension,2025-05-23,2025-05-27,Elective,Dr. I. Khan,CityCare Hospital,Star Health,383,Amlodipine,Normal,31.5,137,81,81,100,4,50617.39,No,5,Never
ADM00381,PAT00431,Diya Yadav,82,Female,AB+,Delhi,Delhi,COPD,2026-07-30,2026-08-07,Emergency,Dr. T. Gupta,Metro Health Institute,SBI General,464,Budesonide,Normal,22.5,131,94,80,98,8,88519.83,Yes,2,Former
ADM00382,PAT01170,Ananya Verma,50,Female,AB-,Jaipur,Rajasthan,COPD,2026-02-08,2026-02-15,Urgent,Dr. M. Joshi,PrimeCare Hospital,HDFC ERGO,643,Tiotropium,Abnormal,25.4,127,91,79,162,7,61975.26,No,4,Never
ADM00383,PAT01377,Aditya Rao,40,Female,O+,Bengaluru,Karnataka,COPD,2025-04-28,2025-05-05,Emergency,Dr. R. Kapoor,Harmony Medical Centre,Star Health,807,Budesonide,Borderline,23.1,115,64,85,97,7,79261.72,No,4,Never
ADM00384,PAT00317,Kabir Verma,20,Male,O+,Lucknow,Uttar Pradesh,Asthma,2026-05-04,2026-05-08,Urgent,Dr. M. Joshi,Harmony Medical Centre,Niva Bupa,209,Salbutamol,Normal,33.8,112,63,58,65,4,34913.71,No,5,Never
ADM00385,PAT00664,Ananya Mehta,32,Male,B-,Hyderabad,Telangana,Asthma,2025-07-14,2025-07-19,Elective,Dr. P. Singh,Harmony Medical Centre,Self Pay,267,Salbutamol,Normal,26.5,103,75,57,111,5,46882.08,No,4,Current
ADM00386,PAT00321,Vivaan Mehta,32,Male,O+,Hyderabad,Telangana,Cardiac Disease,2026-03-19,2026-03-27,Urgent,Dr. R. Kapoor,Green Valley Hospital,Niva Bupa,474,Metoprolol,Borderline,25.5,128,68,82,82,8,99094.41,No,4,Former
ADM00387,PAT00394,Kabir Jain,12,Female,A+,Noida,Uttar Pradesh,Fracture,2024-05-25,2024-05-29,Elective,Dr. V. Jain,LifeLine Multispeciality,Self Pay,261,Calcium,Normal,26.6,135,86,76,110,4,50741.94,No,4,Never
ADM00388,PAT01570,Sneha Jain,54,Female,A+,Lucknow,Uttar Pradesh,Pneumonia,2025-12-12,2025-12-19,Elective,Dr. R. Kapoor,CityCare Hospital,ICICI Lombard,335,Azithromycin,Normal,29.5,129,84,77,92,7,72224.9,Yes,4,Former
ADM00389,PAT00812,Rohan Singh,34,Female,O-,Lucknow,Uttar Pradesh,Asthma,2026-07-22,2026-07-27,Emergency,Dr. P. Singh,LifeLine Multispeciality,Niva Bupa,196,Salbutamol,Normal,28.1,109,92,75,90,5,37894.62,No,5,Never
ADM00390,PAT01610,Rahul Chauhan,50,Male,O+,Mumbai,Maharashtra,Arthritis,2024-05-01,2024-05-05,Emergency,Dr. K. Rao,PrimeCare Hospital,SBI General,214,Ibuprofen,Normal,23.3,117,80,90,96,4,40101.51,No,3,Never
ADM00391,PAT00352,Ishaan Chauhan,49,Female,O+,Bengaluru,Karnataka,Gastroenteritis,2026-07-16,2026-07-17,Elective,Dr. I. Khan,NewHope Hospital,HDFC ERGO,852,Ondansetron,Normal,27.5,130,75,62,75,1,10102.62,No,4,Never
ADM00392,PAT01746,Isha Chauhan,92,Female,A+,Chandigarh,Chandigarh,Hypertension,2024-10-26,2024-10-27,Emergency,Dr. M. Joshi,Sunrise Medical Center,ICICI Lombard,370,Telmisartan,Normal,28.8,173,89,67,110,1,20196.49,Yes,4,Never
ADM00393,PAT00324,Riya Kapoor,25,Female,B+,Bengaluru,Karnataka,Migraine,2026-02-09,2026-02-10,Elective,Dr. K. Rao,NewHope Hospital,Care Health,493,Sumatriptan,Abnormal,32.5,131,81,65,158,1,3500,No,4,Never
ADM00394,PAT01250,Sneha Sharma,43,Male,B-,Kolkata,West Bengal,Asthma,2024-12-06,2024-12-08,Urgent,Dr. M. Joshi,Harmony Medical Centre,Care Health,248,Budesonide,Abnormal,33.5,121,71,93,119,2,5954.7,No,3,Never
ADM00395,PAT01357,Ishaan Kumar,22,Male,O-,Lucknow,Uttar Pradesh,Anemia,2025-12-24,2025-12-26,Elective,Dr. I. Khan,CityCare Hospital,ICICI Lombard,788,Vitamin B12,Normal,29.8,120,56,68,112,2,28602.45,No,5,Current
ADM00396,PAT00322,Kavya Joshi,32,Female,B+,Bhopal,Madhya Pradesh,Hypertension,2025-06-13,2025-06-17,Elective,Dr. I. Khan,Metro Health Institute,Niva Bupa,692,Losartan,Normal,23.1,128,98,85,131,4,35339.96,No,3,Never
ADM00397,PAT00667,Nisha Pandey,52,Female,A+,Noida,Uttar Pradesh,COPD,2026-07-15,2026-07-19,Emergency,Dr. M. Joshi,PrimeCare Hospital,ICICI Lombard,263,Salbutamol,Normal,33.8,118,82,93,98,4,40994.15,No,3,Former
ADM00398,PAT01058,Priya Agarwal,15,Male,B-,Delhi,Delhi,Fracture,2026-06-02,2026-06-09,Urgent,Dr. N. Sharma,NewHope Hospital,Star Health,880,Paracetamol,Normal,27.3,117,79,81,112,7,51846.47,No,5,Never
ADM00399,PAT00971,Krishna Singh,40,Male,O+,Jaipur,Rajasthan,Kidney Disease,2025-10-28,2025-11-03,Elective,Dr. I. Khan,Green Valley Hospital,Star Health,280,Furosemide,Normal,22.6,139,87,74,101,6,66007.79,Yes,5,Former
ADM00400,PAT01339,Rahul Verma,41,Male,AB-,Chandigarh,Chandigarh,Cardiac Disease,2024-01-09,2024-01-16,Elective,Dr. T. Gupta,LifeLine Multispeciality,Niva Bupa,180,Aspirin,Normal,34.5,128,81,82,120,7,99948.74,Yes,4,Former
ADM00401,PAT01220,Aarav Yadav,37,Female,AB-,Kolkata,West Bengal,Cardiac Disease,2026-06-08,2026-06-16,Urgent,Dr. A. Mehta,LifeLine Multispeciality,Care Health,314,Aspirin,Abnormal,28.0,129,78,86,180,8,95216.37,Yes,,Current
ADM00402,PAT01616,Meera Joshi,22,Female,AB+,Kolkata,West Bengal,Migraine,2024-09-16,2024-09-18,Urgent,Dr. I. Khan,CityCare Hospital,SBI General,875,Naproxen,Abnormal,,126,84,80,84,2,17655.91,No,5,Never
ADM00403,PAT00854,Sneha Agarwal,39,Female,A+,Bhopal,Madhya Pradesh,Migraine,2026-06-21,2026-06-22,Emergency,Dr. R. Kapoor,Metro Health Institute,Self Pay,221,Naproxen,Normal,31.8,134,69,89,118,1,13722.56,No,3,Former
ADM00404,PAT01597,Kabir Sharma,35,Male,A+,Mumbai,Maharashtra,Pneumonia,2024-02-18,2024-02-23,Emergency,Dr. K. Rao,Green Valley Hospital,Care Health,372,Ceftriaxone,Borderline,33.4,128,77,94,65,5,40478.52,No,4,Never
ADM00405,PAT01488,Rahul Rao,64,Male,B-,Mumbai,Maharashtra,Kidney Disease,2024-01-24,2024-01-29,Urgent,Dr. R. Kapoor,Metro Health Institute,Care Health,270,Furosemide,Normal,25.8,138,72,82,75,5,50825.69,No,4,Current
ADM00406,PAT00552,Arjun Joshi,26,Male,O-,Delhi,Delhi,Diabetes,2026-03-06,2026-03-10,Elective,Dr. N. Sharma,CityCare Hospital,Self Pay,351,Insulin,Normal,23.8,133,68,75,197,4,49127.6,Yes,3,Former
ADM00407,PAT00469,Krishna Khan,89,Female,B+,Jaipur,Rajasthan,Hypertension,2025-01-18,2025-01-23,Emergency,Dr. T. Gupta,LifeLine Multispeciality,Care Health,314,Telmisartan,Normal,21.2,128,110,95,130,5,39464.94,No,4,Current
ADM00408,PAT00539,Nisha Srivastava,37,Female,B-,Mumbai,Maharashtra,Pneumonia,2024-09-08,2024-09-13,Elective,Dr. R. Kapoor,Metro Health Institute,Self Pay,376,Amoxicillin,Normal,28.4,135,72,92,119,5,64038.67,No,4,Former
ADM00409,PAT00967,Rohan Srivastava,24,Female,B-,Noida,Uttar Pradesh,Diabetes,2024-02-28,2024-03-01,Elective,Dr. M. Joshi,LifeLine Multispeciality,Care Health,385,Metformin,Normal,28.7,116,75,88,144,2,25994.71,No,4,Former
ADM00410,PAT01754,Ananya Jain,15,Male,O+,Bengaluru,Karnataka,Diabetes,2024-07-05,2024-07-06,Emergency,Dr. M. Joshi,PrimeCare Hospital,HDFC ERGO,511,Metformin,Normal,22.1,113,70,86,155,1,20542.18,No,4,Never
ADM00411,PAT01709,Nisha Kumar,77,Female,B+,Chandigarh,Chandigarh,COPD,2024-10-07,2024-10-10,Elective,Dr. P. Singh,CityCare Hospital,Star Health,708,Tiotropium,Normal,26.2,142,69,77,112,3,40277.45,No,4,Never
ADM00412,PAT00622,Kabir Verma,25,Female,B-,Pune,Maharashtra,Gastroenteritis,2026-07-13,2026-07-15,Elective,Dr. N. Sharma,Sunrise Medical Center,Care Health,208,Ondansetron,Normal,35.1,124,85,76,89,2,12942.52,No,3,Never
ADM00413,PAT00760,Riya Singh,84,Female,B+,Chandigarh,Chandigarh,Diabetes,2025-06-13,2025-06-17,Elective,Dr. P. Singh,LifeLine Multispeciality,Care Health,792,Insulin,Normal,23.0,113,73,76,200,4,48558.26,Yes,5,Never
ADM00414,PAT00297,Kavya Kapoor,63,Male,AB-,Bengaluru,Karnataka,Cardiac Disease,2024-04-22,2024-04-26,Urgent,Dr. N. Sharma,Harmony Medical Centre,ICICI Lombard,467,Metoprolol,Abnormal,21.7,140,78,65,90,4,42905.15,No,4,Never
ADM00415,PAT00628,Krishna Yadav,45,Female,B+,Jaipur,Rajasthan,Hypertension,2025-04-23,2025-04-26,Emergency,Dr. K. Rao,Harmony Medical Centre,SBI General,590,Amlodipine,Abnormal,19.1,156,88,85,83,3,10788.17,No,4,Never
ADM00416,PAT00684,Krishna Yadav,69,Female,AB-,Patna,Bihar,Pneumonia,2026-01-27,2026-01-31,Emergency,Dr. N. Sharma,Metro Health Institute,HDFC ERGO,459,Azithromycin,Abnormal,25.6,142,88,90,115,4,47353.1,No,5,Never
ADM00417,PAT01489,Nisha Joshi,39,Female,O+,Hyderabad,Telangana,Diabetes,2024-12-27,2024-12-30,Urgent,Dr. N. Sharma,Metro Health Institute,HDFC ERGO,381,Metformin,Borderline,20.6,121,75,84,154,3,35779.83,No,5,Current
ADM00418,PAT00725,Nisha Kumar,49,Male,A-,Noida,Uttar Pradesh,Migraine,2024-06-28,2024-06-29,Urgent,Dr. A. Mehta,PrimeCare Hospital,ICICI Lombard,290,Sumatriptan,Normal,21.3,111,71,61,125,1,9667.64,No,4,Never
ADM00419,PAT01699,Priya Khan,39,Female,AB-,Mumbai,Maharashtra,Kidney Disease,2025-10-24,2025-10-31,Elective,Dr. R. Kapoor,Sunrise Medical Center,Self Pay,328,Erythropoietin,Normal,27.6,123,78,78,66,7,79946.17,Yes,5,Never
ADM00420,PAT01527,Rahul Rao,53,Male,B-,Bhopal,Madhya Pradesh,Hypertension,2025-03-05,2025-03-11,Elective,Dr. N. Sharma,Harmony Medical Centre,HDFC ERGO,826,Telmisartan,Abnormal,23.5,156,98,88,103,6,27574.74,No,5,Never
ADM00421,PAT00646,Aman Chauhan,27,Female,AB-,Mumbai,Maharashtra,COPD,2024-01-11,2024-01-16,Elective,Dr. T. Gupta,Sunrise Medical Center,Star Health,733,Salbutamol,Normal,26.2,117,81,75,110,5,49975.65,Yes,4,Former
ADM00422,PAT00922,Aditya Patel,43,Male,AB-,Patna,Bihar,Migraine,2025-03-21,2025-03-22,Elective,Dr. K. Rao,NewHope Hospital,Self Pay,871,Sumatriptan,Normal,36.1,124,71,74,141,1,25341.33,No,5,Never
ADM00423,PAT00631,Krishna Verma,62,Male,B+,Chandigarh,Chandigarh,Pneumonia,2026-03-20,2026-03-25,Elective,Dr. M. Joshi,Green Valley Hospital,HDFC ERGO,815,Azithromycin,Normal,29.6,125,78,84,123,5,60144.61,No,4,Never
ADM00424,PAT00872,Meera Singh,60,Female,O-,Mumbai,Maharashtra,Hypertension,2025-07-27,2025-07-30,Emergency,Dr. I. Khan,CityCare Hospital,HDFC ERGO,401,Telmisartan,Abnormal,29.7,147,86,70,98,3,17706.31,No,5,Current
ADM00425,PAT01154,Ishaan Joshi,49,Male,O-,Patna,Bihar,Arthritis,2025-01-22,2025-01-24,Elective,Dr. K. Rao,Green Valley Hospital,Niva Bupa,446,Naproxen,Normal,23.7,124,79,75,84,2,7425.72,No,,Former
ADM00426,PAT00806,Meera Malhotra,62,Female,AB-,Delhi,Delhi,Anemia,2026-08-24,2026-08-26,Urgent,Dr. A. Mehta,LifeLine Multispeciality,Niva Bupa,764,Vitamin B12,Borderline,27.8,127,73,80,65,2,21880.58,No,4,Never
ADM00427,PAT01562,Tanya Kumar,28,Male,A-,Hyderabad,Telangana,Cardiac Disease,2024-10-27,2024-11-02,Elective,Dr. T. Gupta,LifeLine Multispeciality,Self Pay,579,Aspirin,Borderline,31.2,135,76,78,105,6,76729.85,No,4,Never
ADM00428,PAT00855,Tanya Sharma,22,Male,AB+,Mumbai,Maharashtra,Gastroenteritis,2024-08-27,2024-08-28,Urgent,Dr. N. Sharma,NewHope Hospital,Niva Bupa,813,ORS,Abnormal,31.7,145,70,71,112,1,10445.2,No,3,Never
ADM00429,PAT00012,Vivaan Khan,62,Male,O+,Jaipur,Rajasthan,Arthritis,2026-03-06,2026-03-08,Emergency,Dr. P. Singh,Green Valley Hospital,ICICI Lombard,536,Naproxen,Normal,25.4,122,67,83,77,2,20354.74,No,4,Never
ADM00430,PAT01562,Tanya Kumar,28,Male,A-,Hyderabad,Telangana,Gastroenteritis,2024-01-28,2024-01-29,Emergency,Dr. M. Joshi,LifeLine Multispeciality,SBI General,730,ORS,Abnormal,29.8,124,78,63,119,1,17667.17,No,3,Never
ADM00431,PAT00828,Arjun Mehta,37,Male,O-,Hyderabad,Telangana,Gastroenteritis,2025-10-24,2025-10-25,Urgent,Dr. V. Jain,NewHope Hospital,Self Pay,125,Probiotic,Normal,25.6,114,79,61,72,1,3500,No,5,Never
ADM00432,PAT00114,Arjun Saxena,13,Female,AB+,Hyderabad,Telangana,Fracture,2025-10-14,2025-10-18,Elective,Dr. V. Jain,Harmony Medical Centre,Care Health,554,Paracetamol,Borderline,26.7,119,73,91,132,4,40429.93,No,4,Former
ADM00433,PAT00838,Sneha Jain,51,Female,O+,Mumbai,Maharashtra,Cardiac Disease,2024-07-10,2024-07-17,Urgent,Dr. I. Khan,Sunrise Medical Center,Care Health,681,Metoprolol,Abnormal,19.2,121,83,92,82,7,96053.1,No,3,Former
ADM00434,PAT00725,Nisha Kumar,49,Male,A-,Noida,Uttar Pradesh,Asthma,2025-07-29,2025-08-01,Urgent,Dr. S. Verma,Metro Health Institute,ICICI Lombard,399,Salbutamol,Abnormal,31.7,151,76,87,80,3,40907.39,No,5,Never
ADM00435,PAT01323,Aditya Gupta,59,Male,AB+,Lucknow,Uttar Pradesh,Hypertension,2025-12-13,2025-12-14,Emergency,Dr. I. Khan,Harmony Medical Centre,ICICI Lombard,490,Telmisartan,Abnormal,22.0,127,69,94,119,1,22220.27,No,3,Never
ADM00436,PAT01650,Kabir Jain,36,Female,O-,Noida,Uttar Pradesh,Asthma,2024-12-14,2024-12-18,Emergency,Dr. A. Mehta,Metro Health Institute,SBI General,811,Montelukast,Abnormal,21.3,137,80,80,89,4,41539.25,No,4,Never
ADM00437,PAT00287,Arjun Pandey,73,Female,B-,Delhi,Delhi,Gastroenteritis,2026-01-12,2026-01-13,Emergency,Dr. A. Mehta,Sunrise Medical Center,ICICI Lombard,359,Probiotic,Normal,24.7,97,79,69,113,1,5792.56,No,3,Never
ADM00438,PAT00936,Ishaan Agarwal,49,Male,B-,Mumbai,Maharashtra,COPD,2026-07-11,2026-07-16,Elective,Dr. A. Mehta,Green Valley Hospital,Star Health,745,Budesonide,Abnormal,21.3,123,85,82,100,5,33583.23,No,4,Never
ADM00439,PAT01571,Meera Saxena,86,Female,AB+,Delhi,Delhi,Hypertension,2026-06-05,2026-06-08,Urgent,Dr. A. Mehta,CityCare Hospital,Niva Bupa,629,Telmisartan,Abnormal,25.4,153,94,91,148,3,14132.3,No,4,Never
ADM00440,PAT00562,Riya Malhotra,58,Female,A+,Lucknow,Uttar Pradesh,Anemia,2024-12-13,2024-12-16,Urgent,Dr. R. Kapoor,Metro Health Institute,SBI General,516,Folic Acid,Normal,24.9,116,69,87,111,3,47714.51,No,4,Former
ADM00441,PAT00040,Tanya Verma,41,Male,A-,Chandigarh,Chandigarh,Asthma,2024-02-03,2024-02-04,Emergency,Dr. K. Rao,Harmony Medical Centre,Care Health,289,Montelukast,Normal,24.1,127,84,103,112,1,24722.25,No,5,Never
ADM00442,PAT01677,Aditya Verma,74,Female,B-,Kolkata,West Bengal,Diabetes,2025-11-27,2025-12-01,Elective,Dr. A. Mehta,Sunrise Medical Center,Self Pay,260,Metformin,Normal,22.5,138,80,77,148,4,31973.12,No,3,Never
ADM00443,PAT01443,Meera Agarwal,26,Female,A+,Kolkata,West Bengal,Kidney Disease,2024-01-10,2024-01-17,Emergency,Dr. T. Gupta,PrimeCare Hospital,Star Health,884,Sevelamer,Borderline,35.0,113,76,84,65,7,79529.09,Yes,4,Former
ADM00444,PAT00415,Krishna Gupta,52,Female,O+,Noida,Uttar Pradesh,Migraine,2024-12-29,2024-12-31,Emergency,Dr. S. Verma,Metro Health Institute,Star Health,835,Paracetamol,Normal,33.5,127,95,71,65,2,23266.78,Yes,2,Never
ADM00445,PAT00428,Nisha Mehta,76,Male,AB+,Delhi,Delhi,Pneumonia,2025-06-14,2025-06-16,Urgent,Dr. S. Verma,Sunrise Medical Center,Star Health,696,Amoxicillin,Borderline,33.8,123,83,87,109,2,18622.39,No,4,Never
ADM00446,PAT01356,Rohan Gupta,59,Male,B-,Pune,Maharashtra,Fracture,2026-07-22,2026-07-27,Elective,Dr. T. Gupta,Sunrise Medical Center,Self Pay,683,Ibuprofen,Abnormal,20.4,139,93,84,93,5,43944.2,No,4,Never
ADM00447,PAT01468,Isha Gupta,30,Female,B-,Kolkata,West Bengal,Cardiac Disease,2026-07-02,2026-07-08,Emergency,Dr. V. Jain,NewHope Hospital,Self Pay,510,Metoprolol,Borderline,31.0,101,69,61,71,6,64727.53,No,3,Current
ADM00448,PAT00525,Sneha Chauhan,37,Female,A-,Lucknow,Uttar Pradesh,Gastroenteritis,2025-05-22,2025-05-23,Urgent,Dr. R. Kapoor,PrimeCare Hospital,HDFC ERGO,641,Probiotic,Abnormal,26.7,139,75,75,115,1,11387.01,No,4,Never
ADM00449,PAT00604,Aman Srivastava,70,Female,AB+,Kolkata,West Bengal,Diabetes,2024-03-27,2024-03-30,Elective,Dr. R. Kapoor,LifeLine Multispeciality,SBI General,778,Metformin,Normal,29.3,130,80,86,176,3,23833.12,No,3,Former
ADM00450,PAT01706,Aman Mehta,66,Female,O+,Chandigarh,Chandigarh,Fracture,2026-01-18,2026-01-23,Elective,Dr. T. Gupta,PrimeCare Hospital,Self Pay,493,Calcium,Borderline,25.1,128,81,63,94,5,41227.83,No,5,Current
ADM00451,PAT00765,Priya Pandey,42,Female,B-,Bengaluru,Karnataka,Asthma,2025-11-14,2025-11-17,Elective,Dr. T. Gupta,Harmony Medical Centre,Care Health,205,Montelukast,Normal,24.9,137,75,101,91,3,33870.69,No,4,Never
ADM00452,PAT00049,Meera Malhotra,37,Male,O+,Bhopal,Madhya Pradesh,Migraine,2025-09-27,2025-09-28,Urgent,Dr. R. Kapoor,NewHope Hospital,Care Health,352,Paracetamol,Abnormal,31.8,92,69,82,65,1,16545.08,No,4,Never
ADM00453,PAT00660,Nisha Mishra,35,Female,AB-,Chandigarh,Chandigarh,Hypertension,2025-02-22,2025-02-23,Urgent,Dr. S. Verma,NewHope Hospital,HDFC ERGO,828,Amlodipine,Abnormal,31.6,133,93,59,102,1,6380.73,No,3,Current
ADM00454,PAT00876,Nisha Gupta,42,Male,B+,Patna,Bihar,Arthritis,2024-03-15,2024-03-17,Emergency,Dr. T. Gupta,Sunrise Medical Center,SBI General,881,Naproxen,Normal,21.4,107,68,80,102,2,16058.84,No,4,Never
ADM00455,PAT01620,Ishaan Saxena,50,Female,O-,Mumbai,Maharashtra,Asthma,2024-05-30,2024-05-31,Elective,Dr. S. Verma,LifeLine Multispeciality,Self Pay,394,Montelukast,Normal,17.6,127,68,83,66,1,9628.16,No,4,Never
ADM00456,PAT00784,Ananya Yadav,57,Male,A-,Mumbai,Maharashtra,Fracture,2024-10-04,2024-10-09,Emergency,Dr. R. Kapoor,Sunrise Medical Center,SBI General,745,Paracetamol,Abnormal,25.8,128,68,90,67,5,48303.3,Yes,4,Never
ADM00457,PAT00668,Diya Pandey,54,Male,AB-,Hyderabad,Telangana,COPD,2026-03-10,2026-03-15,Urgent,Dr. V. Jain,PrimeCare Hospital,Niva Bupa,453,Salbutamol,Normal,25.5,116,58,92,123,5,50426.49,No,5,Never
ADM00458,PAT01143,Meera Malhotra,61,Female,O+,Pune,Maharashtra,Arthritis,2026-01-24,2026-01-27,Emergency,Dr. M. Joshi,CityCare Hospital,Star Health,112,Naproxen,Normal,22.0,134,73,74,65,3,25185.2,No,3,Never
ADM00459,PAT01147,Aarav Saxena,70,Female,AB+,Lucknow,Uttar Pradesh,Diabetes,2024-01-13,2024-01-16,Elective,Dr. P. Singh,Harmony Medical Centre,ICICI Lombard,265,Glimepiride,Abnormal,23.4,123,90,113,160,3,31598.62,Yes,5,Former
ADM00460,PAT01514,Aarav Kumar,29,Male,O-,Jaipur,Rajasthan,COPD,2025-06-10,2025-06-13,Emergency,Dr. K. Rao,Sunrise Medical Center,Self Pay,492,Salbutamol,Borderline,32.0,106,75,80,161,3,35780.37,Yes,2,Former
ADM00461,PAT00409,Aditya Gupta,42,Female,A+,Bengaluru,Karnataka,COPD,2025-09-06,2025-09-10,Urgent,Dr. A. Mehta,Harmony Medical Centre,Niva Bupa,618,Budesonide,Normal,28.8,129,94,88,103,4,55056.39,No,5,Never
ADM00462,PAT01634,Priya Chauhan,42,Male,O+,Chandigarh,Chandigarh,Fracture,2024-02-13,2024-02-17,Urgent,Dr. P. Singh,Metro Health Institute,Self Pay,488,Paracetamol,Normal,25.0,124,75,76,87,4,50384.14,No,3,Never
ADM00463,PAT00441,Isha Jain,47,Male,A-,Patna,Bihar,Diabetes,2024-10-09,2024-10-11,Emergency,Dr. N. Sharma,Metro Health Institute,Star Health,332,Glimepiride,Normal,25.4,113,93,78,203,2,34007.33,No,4,Never
ADM00464,PAT01265,Aarav Sharma,44,Male,AB-,Jaipur,Rajasthan,Kidney Disease,2025-05-02,2025-05-06,Elective,Dr. R. Kapoor,NewHope Hospital,SBI General,397,Erythropoietin,Borderline,26.3,124,72,73,65,4,59691.62,No,4,Never
ADM00465,PAT01031,Meera Khan,35,Male,O+,Delhi,Delhi,COPD,2025-09-24,2025-09-27,Emergency,Dr. A. Mehta,PrimeCare Hospital,HDFC ERGO,114,Tiotropium,Normal,22.5,113,75,91,65,3,41093.68,No,4,Former
ADM00466,PAT00902,Vivaan Kumar,92,Male,A-,Mumbai,Maharashtra,Kidney Disease,2025-07-01,2025-07-07,Emergency,Dr. T. Gupta,Green Valley Hospital,ICICI Lombard,109,Erythropoietin,Normal,28.1,113,80,70,103,6,62489.91,No,4,Former
ADM00467,PAT01754,Ananya Jain,15,Male,O+,Bengaluru,Karnataka,Diabetes,2026-06-27,2026-06-29,Elective,Dr. P. Singh,CityCare Hospital,Star Health,239,Metformin,Normal,22.2,101,87,67,145,2,30219.69,Yes,4,Never
ADM00468,PAT00562,Riya Malhotra,58,Female,A+,Lucknow,Uttar Pradesh,Fracture,2024-06-10,2024-06-14,Emergency,Dr. V. Jain,Harmony Medical Centre,Star Health,575,Calcium,Normal,18.5,115,82,63,104,4,42015.46,No,4,Former
ADM00469,PAT00219,Meera Mehta,51,Male,A+,Jaipur,Rajasthan,Kidney Disease,2025-11-08,2025-11-12,Elective,Dr. R. Kapoor,CityCare Hospital,Care Health,224,Sevelamer,Normal,33.4,146,78,84,113,4,48889.19,No,2,Never
ADM00470,PAT00153,Sneha Patel,25,Female,AB-,Mumbai,Maharashtra,Arthritis,2025-10-06,2025-10-07,Urgent,Dr. M. Joshi,CityCare Hospital,ICICI Lombard,518,Diclofenac,Borderline,28.4,146,68,78,73,1,3500,No,5,Never
ADM00471,PAT00498,Tanya Chauhan,59,Male,O+,Bhopal,Madhya Pradesh,Hypertension,2026-04-11,2026-04-12,Emergency,Dr. P. Singh,PrimeCare Hospital,SBI General,165,Losartan,Normal,30.4,153,83,67,110,1,9692.85,No,5,Never
ADM00472,PAT00329,Tanya Kumar,46,Male,O+,Jaipur,Rajasthan,Gastroenteritis,2024-03-13,2024-03-15,Emergency,Dr. A. Mehta,PrimeCare Hospital,Star Health,362,Ondansetron,Normal,28.0,142,80,71,67,2,28303.13,No,4,Current
ADM00473,PAT00667,Nisha Pandey,52,Female,A+,Noida,Uttar Pradesh,Diabetes,2025-08-27,2025-08-30,Emergency,Dr. A. Mehta,PrimeCare Hospital,SBI General,227,Glimepiride,Abnormal,31.7,126,94,95,160,3,28728.25,No,4,Former
ADM00474,PAT01481,Aditya Singh,59,Male,O-,Delhi,Delhi,COPD,2025-10-20,2025-10-27,Emergency,Dr. K. Rao,NewHope Hospital,HDFC ERGO,787,Budesonide,Normal,23.1,114,78,85,77,7,70366.99,No,3,Former
ADM00475,PAT00983,Kabir Malhotra,33,Female,O+,Hyderabad,Telangana,Kidney Disease,2024-01-08,2024-01-12,Urgent,Dr. R. Kapoor,Metro Health Institute,HDFC ERGO,718,Erythropoietin,Normal,29.5,131,56,94,96,4,58608.7,No,3,Never
ADM00476,PAT01478,Krishna Saxena,57,Male,AB-,Bhopal,Madhya Pradesh,Cardiac Disease,2024-08-10,2024-08-17,Urgent,Dr. N. Sharma,PrimeCare Hospital,HDFC ERGO,268,Atorvastatin,Borderline,33.7,121,68,58,103,7,96404.79,No,5,Never
ADM00477,PAT01215,Sneha Pandey,56,Male,O+,Pune,Maharashtra,Kidney Disease,2026-05-30,2026-06-04,Emergency,Dr. N. Sharma,CityCare Hospital,Niva Bupa,358,Sevelamer,Abnormal,24.2,136,88,80,153,5,67121.36,No,5,Current
ADM00478,PAT00963,Aditya Kapoor,62,Female,B-,Patna,Bihar,COPD,2025-09-23,2025-09-29,Emergency,Dr. M. Joshi,PrimeCare Hospital,Self Pay,187,Salbutamol,Abnormal,33.0,134,86,104,144,6,60157.92,Yes,4,Former
ADM00479,PAT00095,Riya Sharma,42,Female,B-,Mumbai,Maharashtra,Migraine,2024-05-09,2024-05-10,Elective,Dr. S. Verma,Green Valley Hospital,HDFC ERGO,259,Sumatriptan,Normal,24.8,138,76,64,84,1,24524.08,Yes,4,Never
ADM00480,PAT01600,Diya Mehta,59,Male,B-,Chandigarh,Chandigarh,Cardiac Disease,2026-01-12,2026-01-19,Elective,Dr. M. Joshi,CityCare Hospital,Self Pay,554,Aspirin,Abnormal,15.8,113,80,83,153,7,76198.84,Yes,5,Never
ADM00481,PAT01351,Diya Yadav,38,Female,O+,Lucknow,Uttar Pradesh,Pneumonia,2024-02-23,2024-02-28,Urgent,Dr. A. Mehta,Metro Health Institute,Self Pay,377,Azithromycin,Borderline,34.0,120,86,72,67,5,57767.74,Yes,4,Never
ADM00482,PAT00799,Priya Rao,70,Female,O-,Hyderabad,Telangana,Cardiac Disease,2025-04-29,2025-05-05,Elective,Dr. P. Singh,PrimeCare Hospital,Care Health,514,Atorvastatin,Borderline,21.5,137,88,87,121,6,97782.49,Yes,4,Former
ADM00483,PAT01409,Ishaan Patel,57,Female,AB-,Delhi,Delhi,Cardiac Disease,2024-10-16,2024-10-21,Elective,Dr. S. Verma,Sunrise Medical Center,HDFC ERGO,824,Metoprolol,Abnormal,24.2,111,72,81,126,5,68295.84,No,5,Never
ADM00484,PAT01447,Kavya Kumar,42,Male,O+,Bengaluru,Karnataka,Cardiac Disease,2026-01-27,2026-02-02,Emergency,Dr. P. Singh,LifeLine Multispeciality,Self Pay,204,Aspirin,Borderline,23.1,116,96,61,73,6,81669.71,No,5,Never
ADM00485,PAT00998,Nisha Chauhan,22,Female,O+,Mumbai,Maharashtra,Asthma,2025-08-22,2025-08-23,Elective,Dr. M. Joshi,Harmony Medical Centre,SBI General,268,Salbutamol,Normal,,127,76,89,89,1,6865.02,No,3,Never
ADM00486,PAT00512,Sneha Kumar,37,Male,B-,Delhi,Delhi,Pneumonia,2025-06-27,2025-07-02,Elective,Dr. V. Jain,Metro Health Institute,Self Pay,232,Azithromycin,Borderline,22.1,118,80,98,76,5,45156.48,No,5,Former
ADM00487,PAT00574,Krishna Srivastava,46,Female,O+,Hyderabad,Telangana,Kidney Disease,2025-07-13,2025-07-18,Urgent,Dr. K. Rao,Harmony Medical Centre,HDFC ERGO,866,Sevelamer,Abnormal,24.5,107,59,75,121,5,72626.02,No,4,Never
ADM00488,PAT01243,Rohan Malhotra,35,Female,O+,Chandigarh,Chandigarh,Fracture,2026-06-09,2026-06-15,Urgent,Dr. I. Khan,NewHope Hospital,Star Health,505,Paracetamol,Normal,24.9,127,72,67,109,6,55865.58,No,5,Current
ADM00489,PAT01201,Aman Joshi,33,Male,O+,Jaipur,Rajasthan,Hypertension,2024-03-01,2024-03-02,Elective,Dr. V. Jain,Harmony Medical Centre,ICICI Lombard,870,Losartan,Normal,24.7,156,94,89,99,1,9966.01,No,5,Never
ADM00490,PAT00769,Aarav Khan,61,Male,O+,Delhi,Delhi,Anemia,2024-06-25,2024-06-28,Emergency,Dr. T. Gupta,Harmony Medical Centre,ICICI Lombard,433,Iron Supplement,Normal,30.7,133,80,68,94,3,28690.99,No,3,Current
ADM00491,PAT00122,Diya Pandey,68,Male,O-,Kolkata,West Bengal,Hypertension,2026-06-01,2026-06-03,Elective,Dr. V. Jain,Green Valley Hospital,Self Pay,582,Amlodipine,Normal,27.4,128,89,78,97,2,26133.74,No,3,Former
ADM00492,PAT00208,Riya Patel,68,Male,AB-,Mumbai,Maharashtra,Kidney Disease,2024-09-08,2024-09-13,Urgent,Dr. I. Khan,Green Valley Hospital,Star Health,724,Erythropoietin,Normal,26.6,111,68,75,151,5,50141.1,No,4,Former
ADM00493,PAT00115,Tanya Verma,24,Female,O+,Noida,Uttar Pradesh,Fracture,2025-11-15,2025-11-18,Emergency,Dr. N. Sharma,LifeLine Multispeciality,Star Health,472,Calcium,Borderline,22.9,121,81,66,77,3,47012.47,No,2,Former
ADM00494,PAT01310,Aman Saxena,89,Male,B+,Bhopal,Madhya Pradesh,Cardiac Disease,2024-11-01,2024-11-07,Urgent,Dr. P. Singh,LifeLine Multispeciality,Care Health,445,Metoprolol,Abnormal,27.0,137,94,65,123,6,73985.0,No,5,Never
ADM00495,PAT00702,Krishna Jain,30,Male,A-,Delhi,Delhi,Anemia,2024-02-16,2024-02-21,Elective,Dr. N. Sharma,PrimeCare Hospital,Niva Bupa,726,Iron Supplement,Abnormal,35.9,148,80,77,111,5,50547.06,No,3,Former
ADM00496,PAT00566,Priya Mehta,37,Female,A-,Kolkata,West Bengal,Kidney Disease,2024-11-15,2024-11-22,Emergency,Dr. T. Gupta,LifeLine Multispeciality,Self Pay,804,Sevelamer,Normal,28.5,113,76,69,102,7,71648.73,No,4,Never
ADM00497,PAT01102,Nisha Gupta,46,Female,B+,Kolkata,West Bengal,COPD,2024-01-04,2024-01-06,Emergency,Dr. P. Singh,Metro Health Institute,Self Pay,540,Tiotropium,Abnormal,25.8,140,88,89,69,2,18594.18,Yes,4,Former
ADM00498,PAT00757,Rahul Verma,39,Male,O-,Chandigarh,Chandigarh,COPD,2026-01-09,2026-01-11,Urgent,Dr. N. Sharma,Green Valley Hospital,Care Health,758,Budesonide,Borderline,23.6,127,74,74,111,2,32756.31,No,4,Former
ADM00499,PAT00898,Krishna Kumar,41,Female,B+,Bhopal,Madhya Pradesh,Diabetes,2026-04-11,2026-04-12,Emergency,Dr. I. Khan,CityCare Hospital,Self Pay,257,Metformin,Normal,25.5,128,69,68,167,1,21808.21,No,4,Former
ADM00500,PAT00583,Rahul Kumar,53,Female,O-,Bhopal,Madhya Pradesh,Asthma,2024-05-27,2024-05-29,Urgent,Dr. T. Gupta,PrimeCare Hospital,Self Pay,832,Montelukast,Normal,30.9,112,83,58,65,2,26827.07,No,4,Former
ADM00501,PAT00228,Nisha Verma,66,Male,O+,Bengaluru,Karnataka,Cardiac Disease,2025-11-18,2025-11-25,Urgent,Dr. V. Jain,CityCare Hospital,Self Pay,867,Aspirin,Normal,23.4,114,82,74,114,7,81809.9,No,3,Current
ADM00502,PAT00967,Rohan Srivastava,24,Female,B-,Noida,Uttar Pradesh,Migraine,2025-08-20,2025-08-24,Emergency,Dr. V. Jain,NewHope Hospital,ICICI Lombard,638,Sumatriptan,Normal,27.9,143,84,55,149,4,30760.71,No,3,Former
ADM00503,PAT00276,Aarav Pandey,31,Female,O-,Bhopal,Madhya Pradesh,Asthma,2025-12-02,2025-12-03,Elective,Dr. V. Jain,Sunrise Medical Center,Star Health,681,Montelukast,Normal,26.0,127,89,90,105,1,6450.43,No,3,Never
ADM00504,PAT01536,Aman Khan,56,Male,O-,Pune,Maharashtra,Gastroenteritis,2025-01-31,2025-02-04,Urgent,Dr. R. Kapoor,CityCare Hospital,Niva Bupa,236,ORS,Normal,19.2,147,88,79,92,4,30300.82,No,4,Never
ADM00505,PAT00152,Isha Sharma,26,Female,AB+,Noida,Uttar Pradesh,Kidney Disease,2025-08-26,2025-08-30,Elective,Dr. K. Rao,CityCare Hospital,ICICI Lombard,436,Erythropoietin,Borderline,24.3,118,75,75,135,4,40171.36,No,3,Never
ADM00506,PAT00665,Nisha Kumar,59,Female,B-,Jaipur,Rajasthan,Gastroenteritis,2026-06-01,2026-06-02,Urgent,Dr. P. Singh,Sunrise Medical Center,ICICI Lombard,449,Probiotic,Normal,24.9,134,104,69,129,1,24560.07,No,4,Former
ADM00507,PAT01588,Arjun Rao,27,Female,B-,Noida,Uttar Pradesh,Hypertension,2026-02-25,2026-02-26,Elective,Dr. S. Verma,PrimeCare Hospital,Self Pay,651,Amlodipine,Normal,32.1,151,90,88,113,1,3500,No,3,Never
ADM00508,PAT01501,Isha Mishra,22,Male,A+,Chandigarh,Chandigarh,Asthma,2024-03-06,2024-03-08,Emergency,Dr. R. Kapoor,PrimeCare Hospital,Care Health,503,Montelukast,Normal,30.7,155,86,91,106,2,23887.83,Yes,5,Never
ADM00509,PAT00848,Priya Agarwal,56,Male,O+,Bhopal,Madhya Pradesh,Fracture,2024-02-08,2024-02-12,Emergency,Dr. S. Verma,LifeLine Multispeciality,ICICI Lombard,585,Ibuprofen,Normal,23.3,142,71,56,86,4,49554.4,No,5,Current
ADM00510,PAT01689,Nisha Chauhan,35,Male,A-,Pune,Maharashtra,Migraine,2026-02-18,2026-02-23,Emergency,Dr. P. Singh,Sunrise Medical Center,ICICI Lombard,611,Naproxen,Normal,25.2,102,88,97,85,5,40769.24,No,4,Former
ADM00511,PAT00311,Kavya Mehta,52,Male,O+,Patna,Bihar,Kidney Disease,2024-06-13,2024-06-16,Elective,Dr. K. Rao,LifeLine Multispeciality,Care Health,333,Furosemide,Borderline,21.5,137,87,86,112,3,25415.05,Yes,4,Never
ADM00512,PAT01790,Kavya Pandey,55,Female,AB+,Jaipur,Rajasthan,Asthma,2025-01-19,2025-01-24,Emergency,Dr. T. Gupta,NewHope Hospital,SBI General,499,Salbutamol,Normal,19.9,140,83,85,68,5,27566.07,No,3,Never
ADM00513,PAT00309,Aditya Malhotra,41,Male,A+,Pune,Maharashtra,COPD,2026-01-30,2026-02-03,Emergency,Dr. N. Sharma,Metro Health Institute,Star Health,781,Tiotropium,Normal,,126,83,79,84,4,64238.0,Yes,3,Current
ADM00514,PAT01208,Tanya Srivastava,42,Female,AB+,Jaipur,Rajasthan,Cardiac Disease,2024-03-14,2024-03-18,Urgent,Dr. P. Singh,NewHope Hospital,Self Pay,395,Aspirin,Normal,17.1,132,77,80,78,4,52989.58,Yes,5,Never
ADM00515,PAT00613,Kavya Agarwal,61,Male,AB-,Jaipur,Rajasthan,Kidney Disease,2026-04-09,2026-04-15,Emergency,Dr. A. Mehta,Harmony Medical Centre,SBI General,292,Furosemide,Normal,23.5,111,87,107,96,6,69730.88,No,3,Never
ADM00516,PAT01176,Tanya Gupta,72,Female,AB-,Chandigarh,Chandigarh,Arthritis,2025-01-21,2025-01-23,Emergency,Dr. A. Mehta,Metro Health Institute,SBI General,232,Ibuprofen,Abnormal,26.5,128,52,54,128,2,53033.11,No,4,Former
ADM00517,PAT00410,Sneha Mishra,15,Male,O-,Delhi,Delhi,Gastroenteritis,2024-10-02,2024-10-03,Elective,Dr. M. Joshi,Sunrise Medical Center,ICICI Lombard,751,Ondansetron,Borderline,,162,91,73,65,1,3500,No,3,Never
ADM00518,PAT01151,Ananya Khan,56,Female,AB+,Kolkata,West Bengal,Migraine,2024-05-03,2024-05-04,Elective,Dr. A. Mehta,Sunrise Medical Center,Niva Bupa,353,Naproxen,Normal,26.9,133,85,80,91,1,11192.4,No,5,Current
ADM00519,PAT00181,Isha Singh,85,Female,B+,Chandigarh,Chandigarh,Kidney Disease,2024-03-09,2024-03-12,Emergency,Dr. S. Verma,Sunrise Medical Center,HDFC ERGO,147,Furosemide,Normal,22.5,111,95,66,120,3,33177.81,No,5,Former
ADM00520,PAT00898,Krishna Kumar,41,Female,B+,Bhopal,Madhya Pradesh,Pneumonia,2026-03-22,2026-03-29,Elective,Dr. S. Verma,Harmony Medical Centre,Niva Bupa,285,Ceftriaxone,Borderline,23.0,136,80,89,77,7,67077.24,No,2,Former
ADM00521,PAT00503,Aman Agarwal,81,Female,O-,Mumbai,Maharashtra,Anemia,2024-01-01,2024-01-03,Emergency,Dr. K. Rao,Sunrise Medical Center,Star Health,814,Vitamin B12,Normal,33.1,135,79,85,89,2,19065.07,No,2,Current
ADM00522,PAT00672,Aarav Sharma,46,Female,B-,Pune,Maharashtra,Kidney Disease,2025-04-22,2025-04-26,Urgent,Dr. V. Jain,PrimeCare Hospital,Niva Bupa,162,Furosemide,Borderline,23.7,153,87,79,98,4,46349.74,No,5,Never
ADM00523,PAT01173,Vivaan Jain,48,Male,O+,Hyderabad,Telangana,COPD,2025-05-06,2025-05-11,Elective,Dr. V. Jain,Sunrise Medical Center,Niva Bupa,200,Tiotropium,Normal,25.4,129,83,89,102,5,55867.16,No,5,Never
ADM00524,PAT01120,Aditya Singh,61,Female,A+,Bengaluru,Karnataka,Cardiac Disease,2025-06-21,2025-06-26,Urgent,Dr. R. Kapoor,PrimeCare Hospital,Self Pay,284,Metoprolol,Borderline,29.3,121,88,92,109,5,65521.33,No,4,Never
ADM00525,PAT01563,Kabir Kumar,39,Male,A-,Noida,Uttar Pradesh,COPD,2025-02-17,2025-02-23,Emergency,Dr. N. Sharma,LifeLine Multispeciality,SBI General,199,Salbutamol,Abnormal,26.4,160,87,76,107,6,50639.31,Yes,2,Never
ADM00526,PAT01354,Diya Joshi,69,Female,B+,Mumbai,Maharashtra,Kidney Disease,2025-02-22,2025-02-27,Emergency,Dr. N. Sharma,Metro Health Institute,Self Pay,385,Furosemide,Normal,26.1,140,83,72,90,5,74105.22,No,5,Never
ADM00527,PAT00534,Aman Saxena,55,Male,AB-,Mumbai,Maharashtra,Hypertension,2024-08-25,2024-08-28,Elective,Dr. P. Singh,LifeLine Multispeciality,Niva Bupa,315,Amlodipine,Abnormal,21.3,149,95,73,107,3,49122.27,No,4,Never
ADM00528,PAT01141,Ananya Agarwal,34,Female,O+,Bengaluru,Karnataka,Fracture,2024-08-21,2024-08-25,Emergency,Dr. P. Singh,LifeLine Multispeciality,HDFC ERGO,510,Calcium,Normal,22.4,92,77,83,109,4,42014.42,No,5,Current
ADM00529,PAT01088,Priya Chauhan,25,Female,O-,Hyderabad,Telangana,Fracture,2025-03-29,2025-04-03,Emergency,Dr. M. Joshi,Green Valley Hospital,HDFC ERGO,687,Ibuprofen,Normal,26.0,124,90,70,106,5,49206.42,No,2,Never
ADM00530,PAT01674,Vivaan Jain,65,Male,O-,Pune,Maharashtra,Cardiac Disease,2025-09-28,2025-10-04,Emergency,Dr. T. Gupta,Metro Health Institute,ICICI Lombard,353,Metoprolol,Normal,26.4,109,88,74,110,6,60261.86,No,5,Never
ADM00531,PAT00597,Kavya Singh,53,Female,B+,Bhopal,Madhya Pradesh,Gastroenteritis,2026-07-27,2026-07-29,Emergency,Dr. T. Gupta,Harmony Medical Centre,SBI General,783,ORS,Normal,27.7,125,95,72,111,2,27514.62,No,3,Never
ADM00532,PAT01413,Riya Rao,57,Male,B+,Pune,Maharashtra,Arthritis,2025-08-17,2025-08-19,Emergency,Dr. T. Gupta,NewHope Hospital,Self Pay,255,Diclofenac,Normal,19.0,108,88,88,76,2,33405.79,No,3,Current
ADM00533,PAT00045,Arjun Srivastava,35,Male,AB+,Patna,Bihar,Diabetes,2024-03-24,2024-03-29,Emergency,Dr. V. Jain,Harmony Medical Centre,HDFC ERGO,692,Metformin,Normal,31.5,106,63,95,155,5,40233.99,No,3,Never
ADM00534,PAT00288,Kabir Verma,35,Male,A-,Patna,Bihar,Cardiac Disease,2025-02-06,2025-02-12,Elective,Dr. V. Jain,Sunrise Medical Center,Star Health,628,Metoprolol,Borderline,23.2,109,75,79,130,6,85943.01,No,3,Never
ADM00535,PAT01582,Aman Mishra,59,Female,B-,Hyderabad,Telangana,Pneumonia,2024-03-31,2024-04-05,Elective,Dr. M. Joshi,CityCare Hospital,Niva Bupa,244,Amoxicillin,Normal,26.0,134,70,76,116,5,61404.9,No,5,Former
ADM00536,PAT01577,Arjun Rao,53,Male,O-,Noida,Uttar Pradesh,COPD,2024-07-31,2024-08-08,Emergency,Dr. N. Sharma,Harmony Medical Centre,Self Pay,404,Salbutamol,Normal,34.4,142,78,92,136,8,83801.22,No,3,Never
ADM00537,PAT00140,Ishaan Yadav,56,Female,B+,Chandigarh,Chandigarh,Cardiac Disease,2026-04-15,2026-04-22,Emergency,Dr. R. Kapoor,Metro Health Institute,Care Health,820,Atorvastatin,Normal,27.9,149,95,87,73,7,89721.42,No,4,Never
ADM00538,PAT01784,Vivaan Chauhan,63,Female,A-,Bengaluru,Karnataka,Cardiac Disease,2024-03-31,2024-04-05,Urgent,Dr. I. Khan,CityCare Hospital,Star Health,895,Metoprolol,Normal,22.3,122,71,84,87,5,60096.55,No,5,Former
ADM00539,PAT01610,Rahul Chauhan,50,Male,O+,Mumbai,Maharashtra,Pneumonia,2024-10-05,2024-10-10,Urgent,Dr. S. Verma,Sunrise Medical Center,HDFC ERGO,677,Ceftriaxone,Normal,24.6,128,74,89,161,5,57207.34,No,5,Never
ADM00540,PAT01433,Sneha Patel,14,Male,O-,Lucknow,Uttar Pradesh,Fracture,2026-01-15,2026-01-21,Emergency,Dr. R. Kapoor,CityCare Hospital,Star Health,420,Ibuprofen,Normal,26.5,107,84,112,116,6,61054.94,No,3,Never
ADM00541,PAT01457,Krishna Khan,71,Male,AB-,Chandigarh,Chandigarh,Anemia,2026-07-22,2026-07-27,Emergency,Dr. S. Verma,Metro Health Institute,Star Health,889,Iron Supplement,Borderline,27.2,136,71,73,104,5,67748.49,No,2,Never
ADM00542,PAT01514,Aarav Kumar,29,Male,O-,Jaipur,Rajasthan,Migraine,2026-01-30,2026-02-01,Urgent,Dr. I. Khan,Sunrise Medical Center,HDFC ERGO,657,Naproxen,Normal,24.2,125,85,86,105,2,22257.19,No,4,Former
ADM00543,PAT00643,Kavya Mehta,30,Female,A-,Pune,Maharashtra,Hypertension,2026-03-17,2026-03-18,Emergency,Dr. S. Verma,NewHope Hospital,Care Health,105,Amlodipine,Abnormal,26.9,162,79,94,130,1,15682.65,No,3,Never
ADM00544,PAT01748,Aditya Jain,28,Female,B+,Lucknow,Uttar Pradesh,Gastroenteritis,2025-11-01,2025-11-04,Urgent,Dr. M. Joshi,PrimeCare Hospital,Niva Bupa,402,Ondansetron,Normal,26.9,137,88,83,81,3,31368.17,No,5,Former
ADM00545,PAT00740,Rahul Jain,58,Male,A-,Jaipur,Rajasthan,Pneumonia,2024-09-01,2024-09-02,Urgent,Dr. R. Kapoor,PrimeCare Hospital,HDFC ERGO,150,Azithromycin,Abnormal,21.8,148,82,76,158,1,12957.69,No,3,Never
ADM00546,PAT01583,Aditya Chauhan,60,Female,A+,Jaipur,Rajasthan,Cardiac Disease,2024-12-09,2024-12-16,Emergency,Dr. M. Joshi,LifeLine Multispeciality,Self Pay,103,Aspirin,Normal,27.3,116,74,72,77,7,82899.34,Yes,4,Former
ADM00547,PAT00914,Nisha Saxena,35,Male,AB+,Chandigarh,Chandigarh,Anemia,2025-05-13,2025-05-16,Emergency,Dr. I. Khan,Green Valley Hospital,Self Pay,132,Folic Acid,Normal,24.1,121,68,65,79,3,6738.1,No,3,Never
ADM00548,PAT01531,Ishaan Agarwal,36,Male,A-,Lucknow,Uttar Pradesh,Diabetes,2025-10-05,2025-10-08,Urgent,Dr. R. Kapoor,NewHope Hospital,Star Health,514,Metformin,Abnormal,23.3,95,86,84,159,3,24415.34,No,5,Never
ADM00549,PAT00440,Kabir Malhotra,46,Female,AB-,Lucknow,Uttar Pradesh,Anemia,2025-01-10,2025-01-15,Emergency,Dr. T. Gupta,Metro Health Institute,HDFC ERGO,818,Vitamin B12,Normal,26.5,130,80,86,103,5,58526.81,No,4,Former
ADM00550,PAT00378,Kabir Kapoor,61,Male,B+,Bhopal,Madhya Pradesh,Pneumonia,2026-06-16,2026-06-25,Elective,Dr. T. Gupta,Metro Health Institute,HDFC ERGO,838,Azithromycin,Abnormal,26.2,143,78,82,95,9,84667.3,No,,Never
ADM00551,PAT00658,Arjun Malhotra,92,Female,A-,Kolkata,West Bengal,Hypertension,2025-11-06,2025-11-09,Elective,Dr. I. Khan,LifeLine Multispeciality,Star Health,380,Amlodipine,Abnormal,28.6,140,88,69,91,3,16652.23,No,4,Never
ADM00552,PAT00960,Nisha Gupta,46,Female,AB-,Patna,Bihar,Hypertension,2025-07-21,2025-07-23,Elective,Dr. M. Joshi,Metro Health Institute,HDFC ERGO,759,Telmisartan,Normal,32.0,155,95,81,65,2,28346.94,No,4,Never
ADM00553,PAT00467,Rohan Rao,70,Female,AB+,Chandigarh,Chandigarh,Cardiac Disease,2024-01-08,2024-01-14,Elective,Dr. A. Mehta,Sunrise Medical Center,Star Health,408,Aspirin,Abnormal,21.0,145,89,63,65,6,74810.28,No,4,Never
ADM00554,PAT00944,Nisha Verma,34,Male,B+,Bhopal,Madhya Pradesh,Fracture,2026-06-06,2026-06-11,Emergency,Dr. M. Joshi,LifeLine Multispeciality,SBI General,744,Paracetamol,Normal,21.8,120,91,81,88,5,50782.67,No,2,Former
ADM00555,PAT00742,Sneha Patel,16,Female,A-,Lucknow,Uttar Pradesh,Arthritis,2025-10-18,2025-10-19,Emergency,Dr. I. Khan,Sunrise Medical Center,Care Health,200,Ibuprofen,Borderline,25.4,122,78,79,119,1,26941.37,Yes,4,Former
ADM00556,PAT00683,Meera Singh,29,Female,O+,Hyderabad,Telangana,Anemia,2026-07-15,2026-07-17,Urgent,Dr. I. Khan,LifeLine Multispeciality,Care Health,122,Vitamin B12,Normal,22.4,135,76,75,66,2,37154.1,No,4,Never
ADM00557,PAT00408,Aditya Mehta,74,Female,B+,Mumbai,Maharashtra,Kidney Disease,2026-07-05,2026-07-11,Emergency,Dr. A. Mehta,Harmony Medical Centre,ICICI Lombard,571,Furosemide,Normal,,118,74,67,70,6,66159.25,No,4,Never
ADM00558,PAT01388,Isha Agarwal,35,Male,B-,Bhopal,Madhya Pradesh,Pneumonia,2024-10-06,2024-10-09,Urgent,Dr. P. Singh,CityCare Hospital,Niva Bupa,300,Amoxicillin,Normal,32.8,137,83,81,101,3,37595.92,No,5,Former
ADM00559,PAT01442,Kavya Pandey,38,Female,B+,Bengaluru,Karnataka,COPD,2025-09-20,2025-09-25,Urgent,Dr. P. Singh,Metro Health Institute,Self Pay,279,Tiotropium,Borderline,31.2,118,84,65,109,5,58109.32,No,4,Never
ADM00560,PAT00531,Diya Sharma,43,Female,AB-,Jaipur,Rajasthan,Migraine,2026-02-24,2026-02-26,Urgent,Dr. I. Khan,CityCare Hospital,ICICI Lombard,611,Paracetamol,Normal,26.2,124,72,76,76,2,27882.23,No,4,Former
ADM00561,PAT00523,Ishaan Khan,57,Female,A-,Kolkata,West Bengal,Cardiac Disease,2024-10-11,2024-10-19,Emergency,Dr. V. Jain,Metro Health Institute,Niva Bupa,332,Aspirin,Normal,30.1,130,95,79,111,8,103753.97,Yes,2,Never
ADM00562,PAT01237,Ishaan Kumar,42,Male,A+,Pune,Maharashtra,Migraine,2026-04-28,2026-05-01,Emergency,Dr. R. Kapoor,Harmony Medical Centre,Niva Bupa,888,Sumatriptan,Abnormal,29.6,139,97,74,90,3,30271.99,No,4,Current
ADM00563,PAT01532,Diya Rao,29,Male,A+,Chandigarh,Chandigarh,Diabetes,2024-09-03,2024-09-04,Emergency,Dr. P. Singh,Metro Health Institute,Niva Bupa,410,Glimepiride,Abnormal,22.0,119,84,91,132,1,3500,No,5,Never
ADM00564,PAT00048,Kavya Agarwal,34,Male,A+,Noida,Uttar Pradesh,Arthritis,2024-06-03,2024-06-07,Emergency,Dr. A. Mehta,Metro Health Institute,SBI General,764,Diclofenac,Normal,26.4,121,77,78,115,4,30486.36,No,4,Never
ADM00565,PAT00288,Kabir Verma,35,Male,A-,Patna,Bihar,Cardiac Disease,2024-05-29,2024-06-06,Emergency,Dr. N. Sharma,Green Valley Hospital,Star Health,899,Atorvastatin,Normal,29.6,122,66,76,89,8,99469.8,Yes,3,Never
ADM00566,PAT00245,Meera Kumar,55,Female,AB+,Mumbai,Maharashtra,COPD,2024-08-10,2024-08-15,Elective,Dr. M. Joshi,CityCare Hospital,SBI General,222,Budesonide,Normal,28.3,148,76,61,108,5,51017.94,No,4,Former
ADM00567,PAT01316,Aditya Saxena,56,Female,O+,Bhopal,Madhya Pradesh,Migraine,2024-12-27,2024-12-29,Elective,Dr. T. Gupta,Sunrise Medical Center,Star Health,690,Sumatriptan,Normal,31.8,155,69,63,65,2,10943.8,Yes,4,Never
ADM00568,PAT00842,Isha Joshi,56,Female,B-,Bengaluru,Karnataka,Gastroenteritis,2025-12-18,2025-12-20,Emergency,Dr. M. Joshi,CityCare Hospital,ICICI Lombard,590,Probiotic,Abnormal,21.6,147,84,82,65,2,23169.76,No,4,Former
ADM00569,PAT00876,Nisha Gupta,42,Male,B+,Patna,Bihar,Cardiac Disease,2024-09-08,2024-09-16,Emergency,Dr. M. Joshi,Sunrise Medical Center,Star Health,256,Metoprolol,Normal,28.1,109,80,74,93,8,110757.87,No,5,Never
ADM00570,PAT00812,Rohan Singh,34,Female,O-,Lucknow,Uttar Pradesh,Migraine,2024-02-11,2024-02-16,Emergency,Dr. S. Verma,Harmony Medical Centre,ICICI Lombard,775,Paracetamol,Normal,27.2,114,82,89,81,5,15899.69,No,3,Never
ADM00571,PAT01651,Krishna Verma,42,Female,B-,Delhi,Delhi,Gastroenteritis,2025-01-24,2025-01-25,Elective,Dr. K. Rao,Green Valley Hospital,Self Pay,243,ORS,Normal,24.2,91,83,76,87,1,10934.57,No,4,Never
ADM00572,PAT00997,Nisha Rao,31,Female,B+,Chandigarh,Chandigarh,Diabetes,2024-10-08,2024-10-12,Emergency,Dr. N. Sharma,NewHope Hospital,HDFC ERGO,387,Insulin,Abnormal,26.3,116,85,74,145,4,42836.28,No,4,Never
ADM00573,PAT01635,Tanya Rao,60,Male,O-,Lucknow,Uttar Pradesh,COPD,2026-04-07,2026-04-14,Emergency,Dr. N. Sharma,LifeLine Multispeciality,Self Pay,692,Salbutamol,Normal,22.9,139,68,78,134,7,53966.79,No,2,Never
ADM00574,PAT00099,Rahul Mishra,34,Female,A-,Mumbai,Maharashtra,COPD,2024-05-03,2024-05-10,Emergency,Dr. A. Mehta,Harmony Medical Centre,SBI General,869,Salbutamol,Normal,26.4,127,80,81,104,7,65399.79,No,3,Former
ADM00575,PAT01704,Vivaan Pandey,46,Female,O-,Noida,Uttar Pradesh,Cardiac Disease,2024-07-02,2024-07-07,Elective,Dr. K. Rao,CityCare Hospital,HDFC ERGO,301,Atorvastatin,Borderline,23.9,126,81,60,113,5,65017.99,Yes,5,Never
ADM00576,PAT01083,Kavya Malhotra,36,Male,B-,Jaipur,Rajasthan,Kidney Disease,2026-05-27,2026-05-31,Urgent,Dr. A. Mehta,NewHope Hospital,Star Health,336,Sevelamer,Borderline,17.4,116,67,75,119,4,37663.67,Yes,4,Never
ADM00577,PAT00124,Ishaan Jain,69,Male,A+,Bhopal,Madhya Pradesh,Cardiac Disease,2024-10-26,2024-10-31,Emergency,Dr. K. Rao,Sunrise Medical Center,SBI General,505,Atorvastatin,Normal,27.8,167,71,83,112,5,52159.0,Yes,4,Never
ADM00578,PAT01050,Ishaan Agarwal,47,Male,B+,Chandigarh,Chandigarh,Cardiac Disease,2025-03-31,2025-04-07,Elective,Dr. N. Sharma,CityCare Hospital,Self Pay,151,Metoprolol,Normal,26.0,113,70,89,65,7,92007.37,Yes,3,Never
ADM00579,PAT00765,Priya Pandey,42,Female,B-,Bengaluru,Karnataka,Anemia,2025-05-30,2025-06-02,Urgent,Dr. V. Jain,Metro Health Institute,Self Pay,808,Vitamin B12,Borderline,24.6,137,65,83,86,3,32764.97,No,4,Never
ADM00580,PAT00034,Kabir Yadav,54,Male,O+,Noida,Uttar Pradesh,Fracture,2026-01-11,2026-01-15,Urgent,Dr. K. Rao,Harmony Medical Centre,HDFC ERGO,833,Paracetamol,Normal,23.9,128,81,69,128,4,35707.86,No,4,Never
ADM00581,PAT01159,Diya Verma,51,Female,AB+,Hyderabad,Telangana,Diabetes,2024-05-29,2024-06-01,Elective,Dr. R. Kapoor,NewHope Hospital,ICICI Lombard,644,Glimepiride,Abnormal,31.7,148,65,87,158,3,42183.65,Yes,2,Never
ADM00582,PAT00896,Arjun Pandey,62,Male,O+,Delhi,Delhi,Cardiac Disease,2024-03-02,2024-03-08,Elective,Dr. K. Rao,Harmony Medical Centre,ICICI Lombard,622,Atorvastatin,Borderline,25.4,150,75,61,79,6,76568.78,Yes,3,Former
ADM00583,PAT00066,Nisha Yadav,59,Male,A-,Kolkata,West Bengal,Diabetes,2026-05-03,2026-05-05,Elective,Dr. T. Gupta,PrimeCare Hospital,ICICI Lombard,559,Metformin,Normal,32.2,122,74,70,146,2,15851.64,Yes,4,Never
ADM00584,PAT01033,Ishaan Agarwal,39,Female,A-,Noida,Uttar Pradesh,Kidney Disease,2025-04-06,2025-04-11,Elective,Dr. M. Joshi,Sunrise Medical Center,ICICI Lombard,210,Erythropoietin,Abnormal,25.4,145,77,84,120,5,62939.28,No,4,Never
ADM00585,PAT01789,Ishaan Yadav,49,Male,O+,Mumbai,Maharashtra,Gastroenteritis,2025-03-10,2025-03-14,Elective,Dr. R. Kapoor,NewHope Hospital,Self Pay,837,Ondansetron,Borderline,25.1,122,81,59,78,4,23450.5,No,4,Never
ADM00586,PAT01635,Tanya Rao,60,Male,O-,Lucknow,Uttar Pradesh,Fracture,2025-07-03,2025-07-08,Emergency,Dr. I. Khan,Metro Health Institute,HDFC ERGO,498,Calcium,Normal,28.7,117,88,68,84,5,44858.27,No,4,Never
ADM00587,PAT00670,Priya Joshi,50,Male,O-,Lucknow,Uttar Pradesh,Anemia,2025-04-24,2025-04-29,Emergency,Dr. P. Singh,CityCare Hospital,Star Health,628,Folic Acid,Normal,21.8,125,82,72,70,5,37199.55,No,4,Current
ADM00588,PAT01619,Rahul Pandey,61,Female,A+,Mumbai,Maharashtra,Diabetes,2025-04-18,2025-04-22,Elective,Dr. K. Rao,LifeLine Multispeciality,ICICI Lombard,345,Metformin,Abnormal,34.2,112,84,72,153,4,46749.79,Yes,4,Never
ADM00589,PAT01104,Aman Kapoor,38,Female,B+,Pune,Maharashtra,Gastroenteritis,2024-07-14,2024-07-16,Urgent,Dr. M. Joshi,NewHope Hospital,Niva Bupa,865,ORS,Abnormal,25.6,154,69,90,125,2,29328.82,No,4,Never
ADM00590,PAT01008,Isha Mishra,47,Female,A-,Chandigarh,Chandigarh,Diabetes,2025-05-28,2025-05-31,Elective,Dr. N. Sharma,LifeLine Multispeciality,Star Health,403,Glimepiride,Normal,31.2,122,70,67,167,3,43650.53,No,4,Former
ADM00591,PAT00579,Ishaan Jain,53,Male,AB+,Mumbai,Maharashtra,Migraine,2026-06-28,2026-06-29,Urgent,Dr. R. Kapoor,NewHope Hospital,Star Health,474,Paracetamol,Normal,24.5,127,69,85,66,1,18180.88,No,4,Never
ADM00592,PAT01178,Rohan Chauhan,51,Male,B+,Chandigarh,Chandigarh,Fracture,2026-03-01,2026-03-03,Urgent,Dr. N. Sharma,Metro Health Institute,Self Pay,389,Paracetamol,Normal,,124,81,65,74,2,18744.74,No,4,Former
ADM00593,PAT00684,Krishna Yadav,69,Female,AB-,Patna,Bihar,COPD,2025-12-30,2026-01-02,Emergency,Dr. S. Verma,NewHope Hospital,Care Health,532,Tiotropium,Normal,,104,64,94,139,3,22946.09,No,3,Never
ADM00594,PAT01300,Sneha Sharma,2,Female,AB+,Bengaluru,Karnataka,Fracture,2026-03-18,2026-03-22,Emergency,Dr. T. Gupta,PrimeCare Hospital,Niva Bupa,835,Paracetamol,Abnormal,24.0,134,75,77,87,4,54321.11,No,4,Never
ADM00595,PAT00138,Arjun Saxena,43,Female,B+,Noida,Uttar Pradesh,Anemia,2025-04-24,2025-04-29,Emergency,Dr. I. Khan,Harmony Medical Centre,Niva Bupa,194,Folic Acid,Normal,22.5,147,64,80,118,5,24031.31,No,4,Former
ADM00596,PAT01505,Nisha Gupta,24,Male,AB-,Hyderabad,Telangana,Migraine,2025-12-28,2025-12-29,Elective,Dr. T. Gupta,Harmony Medical Centre,ICICI Lombard,898,Paracetamol,Normal,25.6,107,66,74,81,1,24474.88,No,5,Current
ADM00597,PAT00155,Aman Joshi,30,Male,A-,Hyderabad,Telangana,Asthma,2025-07-05,2025-07-06,Emergency,Dr. V. Jain,Harmony Medical Centre,Care Health,189,Budesonide,Normal,33.7,119,77,82,65,1,14863.87,No,4,Never
ADM00598,PAT01158,Diya Kumar,59,Female,A-,Patna,Bihar,Anemia,2026-03-19,2026-03-22,Elective,Dr. P. Singh,Green Valley Hospital,ICICI Lombard,531,Vitamin B12,Abnormal,26.0,152,82,74,141,3,22112.48,No,4,Former
ADM00599,PAT00189,Priya Malhotra,63,Male,AB-,Jaipur,Rajasthan,Anemia,2025-12-30,2026-01-01,Urgent,Dr. A. Mehta,LifeLine Multispeciality,Self Pay,645,Iron Supplement,Normal,16.0,131,76,94,111,2,11385.79,No,3,Never
ADM00600,PAT01144,Kabir Sharma,42,Male,AB+,Bengaluru,Karnataka,Asthma,2026-08-29,2026-08-31,Urgent,Dr. M. Joshi,Harmony Medical Centre,ICICI Lombard,349,Budesonide,Normal,32.9,125,87,96,75,2,27830.62,No,5,Never
ADM00601,PAT01599,Kavya Joshi,32,Male,B+,Delhi,Delhi,Cardiac Disease,2026-07-27,2026-08-02,Emergency,Dr. S. Verma,NewHope Hospital,Self Pay,456,Metoprolol,Abnormal,21.5,129,75,88,123,6,68979.36,No,4,Never
ADM00602,PAT00231,Nisha Yadav,60,Male,B+,Bhopal,Madhya Pradesh,Diabetes,2026-06-02,2026-06-05,Elective,Dr. S. Verma,Metro Health Institute,Star Health,699,Metformin,Normal,27.3,118,89,82,208,3,32043.12,No,5,Never
ADM00603,PAT01090,Arjun Rao,43,Female,AB-,Hyderabad,Telangana,COPD,2025-11-14,2025-11-18,Emergency,Dr. M. Joshi,Harmony Medical Centre,Self Pay,229,Budesonide,Borderline,27.4,150,79,84,102,4,44162.25,No,3,Never
ADM00604,PAT00325,Diya Singh,54,Female,B-,Hyderabad,Telangana,Gastroenteritis,2024-08-09,2024-08-10,Urgent,Dr. I. Khan,Metro Health Institute,HDFC ERGO,543,Ondansetron,Borderline,27.6,99,74,76,93,1,12993.63,No,3,Never
ADM00605,PAT01636,Aman Mishra,27,Male,AB-,Chandigarh,Chandigarh,Kidney Disease,2025-12-08,2025-12-11,Urgent,Dr. V. Jain,CityCare Hospital,Niva Bupa,695,Sevelamer,Normal,25.2,120,70,56,133,3,47185.17,No,4,Never
ADM00606,PAT01052,Krishna Rao,39,Female,AB+,Lucknow,Uttar Pradesh,Pneumonia,2025-08-02,2025-08-06,Elective,Dr. K. Rao,CityCare Hospital,ICICI Lombard,175,Ceftriaxone,Normal,25.3,118,88,74,103,4,60993.48,Yes,4,Former
ADM00607,PAT01734,Aman Agarwal,56,Male,O-,Delhi,Delhi,Migraine,2025-03-27,2025-04-01,Emergency,Dr. R. Kapoor,NewHope Hospital,Star Health,217,Naproxen,Abnormal,32.9,116,86,65,82,5,39715.72,No,4,Never
ADM00608,PAT01744,Rahul Mehta,26,Female,AB-,Jaipur,Rajasthan,Gastroenteritis,2024-02-27,2024-03-01,Urgent,Dr. M. Joshi,CityCare Hospital,Care Health,758,ORS,Abnormal,22.7,147,83,81,115,3,22979.44,No,4,Never
ADM00609,PAT00180,Ishaan Agarwal,57,Female,AB+,Lucknow,Uttar Pradesh,Asthma,2024-01-19,2024-01-23,Urgent,Dr. I. Khan,PrimeCare Hospital,Star Health,286,Salbutamol,Normal,31.0,140,90,98,109,4,36250.94,No,4,Current
ADM00610,PAT01176,Tanya Gupta,72,Female,AB-,Chandigarh,Chandigarh,Diabetes,2025-09-11,2025-09-15,Emergency,Dr. T. Gupta,Harmony Medical Centre,Star Health,819,Glimepiride,Normal,29.5,116,76,79,165,4,51171.99,Yes,3,Former
ADM00611,PAT00960,Nisha Gupta,46,Female,AB-,Patna,Bihar,Kidney Disease,2025-04-25,2025-05-03,Emergency,Dr. I. Khan,PrimeCare Hospital,Self Pay,795,Erythropoietin,Normal,23.3,126,81,82,71,8,90387.2,No,3,Never
ADM00612,PAT01250,Sneha Sharma,43,Male,B-,Kolkata,West Bengal,Migraine,2025-01-24,2025-01-25,Emergency,Dr. T. Gupta,PrimeCare Hospital,Self Pay,627,Sumatriptan,Normal,24.4,132,92,77,121,1,13801.77,No,5,Never
ADM00613,PAT01332,Kavya Patel,23,Male,A+,Pune,Maharashtra,Gastroenteritis,2025-06-02,2025-06-04,Elective,Dr. T. Gupta,LifeLine Multispeciality,Niva Bupa,347,ORS,Normal,29.5,125,73,87,89,2,10285.77,No,4,Current
ADM00614,PAT00391,Rahul Mishra,50,Male,AB+,Lucknow,Uttar Pradesh,Hypertension,2026-04-10,2026-04-11,Elective,Dr. S. Verma,LifeLine Multispeciality,HDFC ERGO,847,Losartan,Normal,26.9,114,93,85,86,1,24948.29,No,5,Never
ADM00615,PAT01540,Isha Chauhan,9,Female,O+,Pune,Maharashtra,COPD,2026-06-06,2026-06-09,Elective,Dr. A. Mehta,CityCare Hospital,Niva Bupa,388,Tiotropium,Normal,24.8,126,64,84,105,3,38589.68,No,4,Current
ADM00616,PAT00150,Rahul Rao,64,Female,AB+,Delhi,Delhi,Anemia,2026-02-15,2026-02-17,Elective,Dr. A. Mehta,Green Valley Hospital,Niva Bupa,130,Iron Supplement,Normal,27.1,119,81,76,65,2,27428.96,No,3,Former
ADM00617,PAT01572,Priya Kapoor,57,Male,B-,Pune,Maharashtra,Cardiac Disease,2025-07-26,2025-08-03,Emergency,Dr. R. Kapoor,Metro Health Institute,Self Pay,711,Atorvastatin,Normal,25.7,135,81,77,95,8,101946.14,No,4,Never
ADM00618,PAT01401,Diya Jain,66,Male,B-,Delhi,Delhi,Kidney Disease,2025-12-01,2025-12-06,Elective,Dr. S. Verma,Metro Health Institute,ICICI Lombard,290,Erythropoietin,Normal,29.1,101,80,78,82,5,63625.5,Yes,3,Current
ADM00619,PAT00883,Rohan Yadav,65,Female,A+,Mumbai,Maharashtra,Gastroenteritis,2025-03-20,2025-03-24,Emergency,Dr. R. Kapoor,LifeLine Multispeciality,Care Health,542,ORS,Normal,22.0,137,92,80,102,4,25613.33,No,4,Current
ADM00620,PAT01675,Tanya Pandey,14,Male,AB-,Noida,Uttar Pradesh,Fracture,2025-10-02,2025-10-07,Elective,Dr. T. Gupta,Metro Health Institute,Niva Bupa,657,Paracetamol,Normal,27.4,138,85,85,86,5,53327.85,No,3,Never
ADM00621,PAT00568,Isha Kumar,48,Male,O-,Noida,Uttar Pradesh,Cardiac Disease,2024-09-10,2024-09-15,Urgent,Dr. S. Verma,Sunrise Medical Center,HDFC ERGO,535,Aspirin,Borderline,27.4,135,79,86,108,5,43004.79,No,4,Former
ADM00622,PAT00954,Rahul Joshi,53,Female,B+,Patna,Bihar,Gastroenteritis,2024-05-01,2024-05-02,Emergency,Dr. I. Khan,PrimeCare Hospital,Self Pay,547,Probiotic,Normal,25.2,120,81,56,68,1,8364.97,No,4,Never
ADM00623,PAT00925,Diya Mehta,31,Male,B+,Lucknow,Uttar Pradesh,Kidney Disease,2024-11-14,2024-11-18,Elective,Dr. N. Sharma,Green Valley Hospital,HDFC ERGO,335,Sevelamer,Borderline,32.0,121,63,54,84,4,58867.35,No,5,Former
ADM00624,PAT01514,Aarav Kumar,29,Male,O-,Jaipur,Rajasthan,Gastroenteritis,2024-02-09,2024-02-10,Urgent,Dr. N. Sharma,Green Valley Hospital,Star Health,362,ORS,Normal,29.7,145,74,75,91,1,3500,No,5,Former
ADM00625,PAT00312,Aditya Malhotra,1,Female,B+,Bengaluru,Karnataka,Migraine,2025-03-28,2025-03-29,Elective,Dr. S. Verma,Green Valley Hospital,ICICI Lombard,730,Naproxen,Normal,27.8,118,77,70,125,1,14079.56,No,3,Former
ADM00626,PAT01333,Riya Joshi,55,Male,A-,Noida,Uttar Pradesh,Pneumonia,2024-03-27,2024-04-03,Elective,Dr. M. Joshi,Metro Health Institute,ICICI Lombard,448,Azithromycin,Normal,21.2,141,69,75,83,7,68556.44,No,4,Never
ADM00627,PAT00677,Krishna Rao,54,Female,A+,Bhopal,Madhya Pradesh,Kidney Disease,2024-06-14,2024-06-17,Emergency,Dr. R. Kapoor,PrimeCare Hospital,ICICI Lombard,796,Erythropoietin,Normal,25.3,140,89,77,65,3,22593.69,Yes,4,Never
ADM00628,PAT00150,Rahul Rao,64,Female,AB+,Delhi,Delhi,Pneumonia,2026-03-02,2026-03-08,Urgent,Dr. S. Verma,LifeLine Multispeciality,ICICI Lombard,111,Azithromycin,Borderline,26.2,113,79,101,98,6,54770.91,No,5,Former
ADM00629,PAT00373,Sneha Kapoor,29,Male,B+,Patna,Bihar,Hypertension,2025-10-23,2025-10-24,Emergency,Dr. M. Joshi,Harmony Medical Centre,Star Health,765,Amlodipine,Normal,31.6,144,100,60,65,1,14595.72,Yes,3,Never
ADM00630,PAT01327,Tanya Malhotra,35,Male,B-,Delhi,Delhi,Migraine,2026-03-10,2026-03-12,Emergency,Dr. R. Kapoor,Green Valley Hospital,Self Pay,781,Sumatriptan,Normal,22.7,108,87,74,79,2,32275.76,No,4,Never
ADM00631,PAT01179,Meera Yadav,33,Female,B-,Chandigarh,Chandigarh,Kidney Disease,2024-02-19,2024-02-26,Emergency,Dr. N. Sharma,CityCare Hospital,SBI General,858,Furosemide,Normal,22.9,127,87,90,109,7,79895.08,No,4,Never
ADM00632,PAT00696,Diya Joshi,43,Female,AB+,Mumbai,Maharashtra,Anemia,2026-06-21,2026-06-23,Elective,Dr. P. Singh,Harmony Medical Centre,Care Health,578,Vitamin B12,Abnormal,21.3,145,90,68,111,2,31858.28,No,4,Never
ADM00633,PAT00930,Aditya Kumar,53,Female,O-,Patna,Bihar,Gastroenteritis,2024-11-09,2024-11-10,Urgent,Dr. P. Singh,LifeLine Multispeciality,Niva Bupa,129,Probiotic,Normal,,129,82,75,105,1,12894.4,No,4,Never
ADM00634,PAT01081,Isha Jain,29,Female,A-,Patna,Bihar,Anemia,2025-09-13,2025-09-15,Urgent,Dr. K. Rao,Harmony Medical Centre,Care Health,246,Vitamin B12,Normal,28.4,109,82,82,103,2,23622.63,No,3,Never
ADM00635,PAT01600,Diya Mehta,59,Male,B-,Chandigarh,Chandigarh,Cardiac Disease,2025-02-02,2025-02-10,Emergency,Dr. T. Gupta,Green Valley Hospital,Care Health,511,Aspirin,Borderline,20.2,112,83,79,123,8,98205.74,No,3,Never
ADM00636,PAT01419,Aman Rao,36,Male,O+,Kolkata,West Bengal,Asthma,2026-02-22,2026-02-26,Elective,Dr. A. Mehta,Metro Health Institute,SBI General,323,Montelukast,Normal,16.6,117,82,96,101,4,36081.86,No,4,Former
ADM00637,PAT01515,Priya Kapoor,29,Male,AB-,Chandigarh,Chandigarh,Anemia,2026-02-18,2026-02-22,Elective,Dr. M. Joshi,Harmony Medical Centre,SBI General,801,Folic Acid,Borderline,23.9,137,78,83,65,4,36645.35,Yes,5,Former
ADM00638,PAT01680,Arjun Kapoor,37,Male,O+,Kolkata,West Bengal,Asthma,2024-04-14,2024-04-15,Urgent,Dr. V. Jain,Harmony Medical Centre,Care Health,595,Salbutamol,Normal,28.5,129,92,103,95,1,20914.9,Yes,5,Former
ADM00639,PAT00886,Aman Rao,36,Male,O-,Kolkata,West Bengal,Pneumonia,2025-07-26,2025-08-01,Emergency,Dr. N. Sharma,Metro Health Institute,SBI General,824,Ceftriaxone,Normal,22.5,144,81,71,100,6,55867.42,No,3,Current
ADM00640,PAT00044,Ishaan Saxena,52,Female,AB+,Mumbai,Maharashtra,Diabetes,2024-06-20,2024-06-22,Elective,Dr. N. Sharma,Metro Health Institute,HDFC ERGO,228,Glimepiride,Abnormal,27.5,123,85,100,188,2,38059.81,No,4,Never
ADM00641,PAT00823,Meera Pandey,23,Female,AB-,Chandigarh,Chandigarh,Asthma,2024-04-26,2024-04-27,Emergency,Dr. I. Khan,NewHope Hospital,Self Pay,696,Montelukast,Borderline,27.8,139,79,105,112,1,10521.87,No,4,Never
ADM00642,PAT01178,Rohan Chauhan,51,Male,B+,Chandigarh,Chandigarh,Kidney Disease,2024-02-28,2024-03-03,Urgent,Dr. R. Kapoor,CityCare Hospital,ICICI Lombard,605,Furosemide,Normal,35.5,138,87,88,117,4,42447.91,No,4,Former
ADM00643,PAT00602,Aman Pandey,26,Male,A-,Mumbai,Maharashtra,Anemia,2026-05-24,2026-05-28,Elective,Dr. T. Gupta,Sunrise Medical Center,ICICI Lombard,413,Vitamin B12,Abnormal,23.9,117,83,85,97,4,42464.68,No,5,Never
ADM00644,PAT00014,Rahul Srivastava,34,Female,B-,Delhi,Delhi,Cardiac Disease,2026-07-24,2026-07-30,Emergency,Dr. A. Mehta,Sunrise Medical Center,SBI General,759,Aspirin,Normal,25.1,100,71,61,92,6,67229.33,No,3,Former
ADM00645,PAT01278,Sneha Kumar,63,Male,B+,Hyderabad,Telangana,Migraine,2025-05-20,2025-05-21,Urgent,Dr. K. Rao,LifeLine Multispeciality,Niva Bupa,873,Sumatriptan,Abnormal,32.5,126,75,83,165,1,21131.18,No,5,Never
ADM00646,PAT01697,Nisha Yadav,53,Female,O-,Bengaluru,Karnataka,Migraine,2026-05-04,2026-05-07,Elective,Dr. I. Khan,Sunrise Medical Center,Star Health,386,Paracetamol,Normal,27.6,135,87,74,125,3,21402.66,No,4,Never
ADM00647,PAT00799,Priya Rao,70,Female,O-,Hyderabad,Telangana,Diabetes,2024-05-28,2024-06-02,Urgent,Dr. S. Verma,NewHope Hospital,Self Pay,284,Metformin,Normal,23.1,134,77,79,159,5,34438.66,No,3,Former
ADM00648,PAT00039,Kabir Patel,51,Male,A-,Noida,Uttar Pradesh,COPD,2025-12-24,2025-12-29,Elective,Dr. K. Rao,Harmony Medical Centre,HDFC ERGO,154,Budesonide,Normal,33.6,140,87,87,130,5,51938.66,No,4,Current
ADM00649,PAT00018,Rahul Malhotra,22,Female,A+,Kolkata,West Bengal,Asthma,2026-03-31,2026-04-01,Elective,Dr. S. Verma,CityCare Hospital,Niva Bupa,868,Montelukast,Normal,26.7,119,73,89,96,1,3645.52,No,3,Former
ADM00650,PAT00462,Rahul Yadav,44,Female,A+,Bengaluru,Karnataka,Fracture,2025-12-20,2025-12-25,Elective,Dr. P. Singh,Harmony Medical Centre,Niva Bupa,590,Ibuprofen,Normal,29.1,129,74,67,65,5,57219.88,No,4,Never
ADM00651,PAT00661,Nisha Gupta,30,Female,AB+,Lucknow,Uttar Pradesh,Asthma,2025-11-03,2025-11-06,Emergency,Dr. P. Singh,CityCare Hospital,ICICI Lombard,352,Salbutamol,Abnormal,29.6,157,81,80,130,3,19608.25,No,3,Never
ADM00652,PAT00875,Aditya Rao,61,Female,B-,Hyderabad,Telangana,Kidney Disease,2024-11-11,2024-11-17,Urgent,Dr. N. Sharma,LifeLine Multispeciality,HDFC ERGO,873,Erythropoietin,Borderline,24.6,109,76,74,115,6,62512.59,No,5,Never
ADM00653,PAT00309,Aditya Malhotra,41,Male,A+,Pune,Maharashtra,Hypertension,2024-11-11,2024-11-12,Elective,Dr. R. Kapoor,LifeLine Multispeciality,Niva Bupa,298,Telmisartan,Normal,27.4,150,87,71,72,1,3500,No,2,Current
ADM00654,PAT00531,Diya Sharma,43,Female,AB-,Jaipur,Rajasthan,Gastroenteritis,2024-03-07,2024-03-10,Urgent,Dr. R. Kapoor,Sunrise Medical Center,Star Health,305,Ondansetron,Borderline,22.7,116,95,91,132,3,38241.86,No,4,Former
ADM00655,PAT01753,Isha Srivastava,38,Female,AB-,Noida,Uttar Pradesh,Cardiac Disease,2024-09-30,2024-10-08,Emergency,Dr. N. Sharma,PrimeCare Hospital,HDFC ERGO,651,Atorvastatin,Normal,31.3,130,79,85,93,8,93483.6,No,4,Former
ADM00656,PAT00457,Ishaan Mehta,28,Female,B-,Bengaluru,Karnataka,Diabetes,2024-04-05,2024-04-09,Urgent,Dr. S. Verma,CityCare Hospital,ICICI Lombard,790,Metformin,Abnormal,21.7,103,76,76,165,4,34182.02,Yes,4,Current
ADM00657,PAT01197,Nisha Kumar,72,Female,A-,Chandigarh,Chandigarh,Arthritis,2025-02-23,2025-02-27,Emergency,Dr. S. Verma,CityCare Hospital,Niva Bupa,895,Diclofenac,Abnormal,33.6,121,70,79,115,4,37224.16,No,4,Former
ADM00658,PAT01382,Kabir Jain,58,Female,AB+,Mumbai,Maharashtra,Migraine,2024-09-12,2024-09-14,Emergency,Dr. V. Jain,PrimeCare Hospital,Care Health,592,Paracetamol,Abnormal,23.0,160,72,68,90,2,13617.52,Yes,4,Never
ADM00659,PAT01573,Diya Chauhan,35,Female,AB-,Delhi,Delhi,Hypertension,2025-03-13,2025-03-17,Emergency,Dr. P. Singh,CityCare Hospital,Star Health,707,Telmisartan,Borderline,19.9,155,88,81,129,4,37810.14,No,3,Never
ADM00660,PAT00669,Rahul Patel,1,Female,B-,Kolkata,West Bengal,Pneumonia,2025-06-04,2025-06-11,Emergency,Dr. M. Joshi,CityCare Hospital,ICICI Lombard,210,Amoxicillin,Normal,24.8,122,87,83,65,7,65018.56,No,3,Former
ADM00661,PAT01091,Nisha Mehta,62,Female,O-,Jaipur,Rajasthan,Cardiac Disease,2024-01-23,2024-01-31,Elective,Dr. M. Joshi,Sunrise Medical Center,ICICI Lombard,592,Atorvastatin,Abnormal,19.2,124,81,86,70,8,103096.4,No,4,Never
ADM00662,PAT00938,Riya Jain,41,Male,B+,Bhopal,Madhya Pradesh,Cardiac Disease,2024-11-29,2024-12-06,Urgent,Dr. P. Singh,PrimeCare Hospital,Care Health,756,Atorvastatin,Normal,25.8,111,77,93,85,7,78714.33,No,5,Current
ADM00663,PAT01339,Rahul Verma,41,Male,AB-,Chandigarh,Chandigarh,Fracture,2024-01-20,2024-01-28,Urgent,Dr. N. Sharma,LifeLine Multispeciality,Self Pay,675,Calcium,Normal,16.2,123,94,87,100,8,59078.72,No,5,Former
ADM00664,PAT01363,Kabir Joshi,47,Male,B-,Mumbai,Maharashtra,Diabetes,2025-12-20,2025-12-22,Urgent,Dr. M. Joshi,Harmony Medical Centre,SBI General,874,Insulin,Abnormal,26.7,120,88,77,173,2,26035.04,No,4,Never
ADM00665,PAT00411,Krishna Rao,70,Female,A-,Bengaluru,Karnataka,Fracture,2026-03-19,2026-03-25,Emergency,Dr. P. Singh,CityCare Hospital,SBI General,187,Paracetamol,Borderline,27.9,130,69,76,115,6,57599.33,No,2,Never
ADM00666,PAT01577,Arjun Rao,53,Male,O-,Noida,Uttar Pradesh,Diabetes,2024-05-24,2024-05-25,Elective,Dr. M. Joshi,NewHope Hospital,ICICI Lombard,486,Insulin,Abnormal,29.6,123,77,83,135,1,23983.73,No,4,Never
ADM00667,PAT01683,Kavya Sharma,74,Male,A+,Bhopal,Madhya Pradesh,Hypertension,2024-12-01,2024-12-04,Emergency,Dr. P. Singh,Green Valley Hospital,Star Health,174,Telmisartan,Borderline,26.6,152,98,77,134,3,29465.13,No,5,Former
ADM00668,PAT01177,Arjun Gupta,30,Male,A+,Jaipur,Rajasthan,Asthma,2025-01-14,2025-01-15,Emergency,Dr. T. Gupta,Metro Health Institute,Care Health,240,Budesonide,Normal,27.6,99,82,95,82,1,16372.45,No,4,Never
ADM00669,PAT00727,Nisha Singh,41,Male,O-,Jaipur,Rajasthan,Pneumonia,2025-03-31,2025-04-03,Elective,Dr. S. Verma,Green Valley Hospital,Self Pay,615,Ceftriaxone,Borderline,24.1,97,78,64,81,3,24818.99,No,4,Former
ADM00670,PAT01465,Kavya Jain,40,Female,A-,Patna,Bihar,Arthritis,2024-12-28,2025-01-01,Emergency,Dr. N. Sharma,CityCare Hospital,Self Pay,592,Diclofenac,Normal,21.7,116,81,79,92,4,35135.63,No,3,Current
ADM00671,PAT01777,Rahul Yadav,31,Male,AB+,Bengaluru,Karnataka,Kidney Disease,2024-11-11,2024-11-16,Emergency,Dr. I. Khan,LifeLine Multispeciality,SBI General,519,Erythropoietin,Normal,23.4,124,83,78,65,5,55817.25,Yes,3,Never
ADM00672,PAT01182,Aarav Kapoor,83,Female,B+,Pune,Maharashtra,Pneumonia,2024-06-02,2024-06-07,Elective,Dr. N. Sharma,Harmony Medical Centre,ICICI Lombard,133,Ceftriaxone,Normal,29.6,129,86,105,93,5,47557.56,No,3,Never
ADM00673,PAT00313,Priya Srivastava,90,Female,B-,Bengaluru,Karnataka,Cardiac Disease,2026-02-19,2026-03-01,Elective,Dr. T. Gupta,Sunrise Medical Center,Star Health,806,Metoprolol,Borderline,26.8,130,82,95,97,10,136027.76,No,5,Former
ADM00674,PAT00387,Riya Yadav,29,Male,B+,Hyderabad,Telangana,Gastroenteritis,2026-01-23,2026-01-24,Urgent,Dr. S. Verma,NewHope Hospital,ICICI Lombard,196,Probiotic,Abnormal,28.2,141,85,74,78,1,19208.99,No,5,Never
ADM00675,PAT01584,Vivaan Srivastava,15,Male,A+,Jaipur,Rajasthan,Gastroenteritis,2025-06-07,2025-06-09,Urgent,Dr. N. Sharma,PrimeCare Hospital,ICICI Lombard,715,Probiotic,Normal,25.8,121,65,64,116,2,30145.73,No,3,Never
ADM00676,PAT00304,Meera Kapoor,59,Male,AB-,Kolkata,West Bengal,Arthritis,2025-10-19,2025-10-21,Emergency,Dr. M. Joshi,Green Valley Hospital,Care Health,533,Ibuprofen,Normal,,133,85,80,136,2,16844.07,No,3,Never
ADM00677,PAT00423,Riya Malhotra,29,Female,B+,Patna,Bihar,Asthma,2024-02-26,2024-02-28,Emergency,Dr. V. Jain,PrimeCare Hospital,HDFC ERGO,567,Budesonide,Normal,28.3,138,84,98,103,2,15589.64,No,4,Never
ADM00678,PAT00632,Isha Pandey,64,Male,A+,Kolkata,West Bengal,Fracture,2024-01-03,2024-01-08,Elective,Dr. R. Kapoor,Harmony Medical Centre,ICICI Lombard,609,Calcium,Borderline,31.6,128,81,95,68,5,56839.8,No,5,Current
ADM00679,PAT00372,Arjun Sharma,32,Female,A-,Bengaluru,Karnataka,Migraine,2024-04-02,2024-04-08,Emergency,Dr. K. Rao,Green Valley Hospital,Self Pay,640,Paracetamol,Abnormal,23.8,145,86,88,99,6,35213.4,No,4,Never
ADM00680,PAT00207,Diya Jain,34,Male,O+,Delhi,Delhi,Arthritis,2025-12-11,2025-12-14,Urgent,Dr. V. Jain,Harmony Medical Centre,ICICI Lombard,632,Ibuprofen,Borderline,29.8,113,96,79,90,3,21730.23,No,4,Never
ADM00681,PAT00054,Kabir Agarwal,7,Female,B+,Bengaluru,Karnataka,Pneumonia,2025-09-27,2025-10-04,Emergency,Dr. V. Jain,Sunrise Medical Center,Self Pay,495,Azithromycin,Abnormal,30.9,130,78,88,127,7,74212.75,No,4,Former
ADM00682,PAT01093,Diya Rao,43,Female,B+,Bengaluru,Karnataka,Migraine,2025-09-13,2025-09-16,Emergency,Dr. R. Kapoor,Metro Health Institute,Star Health,422,Sumatriptan,Abnormal,25.5,133,77,69,83,3,7791.69,No,4,Former
ADM00683,PAT01233,Rahul Gupta,58,Female,B+,Lucknow,Uttar Pradesh,Kidney Disease,2024-10-29,2024-11-04,Elective,Dr. A. Mehta,LifeLine Multispeciality,HDFC ERGO,561,Erythropoietin,Borderline,26.9,127,76,78,119,6,64053.06,No,3,Never
ADM00684,PAT01730,Aditya Yadav,67,Male,AB-,Delhi,Delhi,Arthritis,2024-04-12,2024-04-16,Elective,Dr. S. Verma,PrimeCare Hospital,Self Pay,411,Ibuprofen,Normal,21.9,140,74,70,84,4,35894.31,No,3,Never
ADM00685,PAT00081,Rahul Patel,60,Female,AB-,Lucknow,Uttar Pradesh,Kidney Disease,2024-07-07,2024-07-11,Elective,Dr. A. Mehta,Harmony Medical Centre,Self Pay,812,Sevelamer,Normal,24.6,112,86,85,87,4,54666.05,No,5,Never
ADM00686,PAT01597,Kabir Sharma,35,Male,A+,Mumbai,Maharashtra,Cardiac Disease,2025-01-24,2025-01-30,Elective,Dr. N. Sharma,Harmony Medical Centre,Self Pay,229,Aspirin,Borderline,23.9,148,85,87,66,6,72519.07,Yes,4,Never
ADM00687,PAT00261,Ananya Mehta,34,Female,O+,Bhopal,Madhya Pradesh,Anemia,2026-04-10,2026-04-11,Emergency,Dr. R. Kapoor,CityCare Hospital,Star Health,683,Iron Supplement,Normal,25.9,110,87,66,120,1,18919.14,No,2,Never
ADM00688,PAT01107,Priya Singh,66,Female,A-,Lucknow,Uttar Pradesh,Hypertension,2025-10-10,2025-10-15,Elective,Dr. S. Verma,PrimeCare Hospital,Care Health,853,Amlodipine,Normal,20.6,142,93,88,122,5,43997.75,Yes,4,Never
ADM00689,PAT00714,Ishaan Rao,47,Male,A-,Jaipur,Rajasthan,Migraine,2025-07-23,2025-07-24,Elective,Dr. N. Sharma,Harmony Medical Centre,Star Health,490,Sumatriptan,Abnormal,26.3,123,77,65,142,1,17237.65,No,3,Former
ADM00690,PAT00142,Aarav Saxena,37,Female,AB+,Mumbai,Maharashtra,Migraine,2024-06-26,2024-06-28,Urgent,Dr. I. Khan,CityCare Hospital,HDFC ERGO,186,Paracetamol,Borderline,17.4,125,89,72,113,2,9643.31,No,4,Former
ADM00691,PAT00671,Ishaan Saxena,27,Male,A-,Patna,Bihar,Gastroenteritis,2025-08-21,2025-08-22,Elective,Dr. V. Jain,NewHope Hospital,SBI General,491,Ondansetron,Normal,25.6,136,78,101,109,1,5958.53,No,5,Former
ADM00692,PAT01783,Nisha Kumar,35,Female,B+,Hyderabad,Telangana,Cardiac Disease,2026-07-22,2026-07-30,Elective,Dr. P. Singh,Harmony Medical Centre,Star Health,387,Atorvastatin,Normal,24.9,127,86,76,91,8,88727.52,No,3,Former
ADM00693,PAT00646,Aman Chauhan,27,Female,AB-,Mumbai,Maharashtra,Fracture,2026-02-10,2026-02-12,Emergency,Dr. K. Rao,Green Valley Hospital,Niva Bupa,836,Ibuprofen,Borderline,28.9,126,67,78,102,2,17986.8,No,5,Former
ADM00694,PAT00472,Ishaan Joshi,42,Female,O-,Delhi,Delhi,Migraine,2025-08-26,2025-08-28,Emergency,Dr. M. Joshi,Green Valley Hospital,Care Health,678,Naproxen,Normal,23.5,109,82,87,104,2,17730.48,No,4,Former
ADM00695,PAT01348,Kabir Malhotra,27,Male,A-,Pune,Maharashtra,COPD,2025-11-04,2025-11-09,Emergency,Dr. N. Sharma,Metro Health Institute,ICICI Lombard,780,Budesonide,Borderline,20.5,129,73,72,96,5,58864.78,No,3,Never
ADM00696,PAT00428,Nisha Mehta,76,Male,AB+,Delhi,Delhi,Arthritis,2026-06-26,2026-07-01,Emergency,Dr. V. Jain,LifeLine Multispeciality,Care Health,533,Diclofenac,Normal,34.2,123,61,78,86,5,42835.14,No,4,Never
ADM00697,PAT00414,Diya Kumar,71,Male,B+,Hyderabad,Telangana,Anemia,2025-05-29,2025-06-04,Urgent,Dr. P. Singh,Sunrise Medical Center,Self Pay,431,Folic Acid,Abnormal,27.1,125,95,83,161,6,42924.0,No,3,Current
ADM00698,PAT00621,Vivaan Mishra,45,Male,O-,Pune,Maharashtra,Anemia,2024-12-03,2024-12-04,Elective,Dr. N. Sharma,Harmony Medical Centre,ICICI Lombard,879,Iron Supplement,Abnormal,24.2,108,79,75,135,1,18599.06,No,4,Never
ADM00699,PAT00335,Ishaan Malhotra,61,Female,A+,Hyderabad,Telangana,Gastroenteritis,2026-03-19,2026-03-20,Elective,Dr. M. Joshi,Harmony Medical Centre,HDFC ERGO,840,ORS,Borderline,22.2,128,86,70,83,1,7803.89,No,5,Never
ADM00700,PAT00869,Aman Agarwal,40,Male,B-,Bhopal,Madhya Pradesh,Hypertension,2024-07-30,2024-07-31,Urgent,Dr. S. Verma,Metro Health Institute,Star Health,388,Telmisartan,Normal,30.2,155,105,72,107,1,29601.67,No,4,Never
ADM00701,PAT00556,Priya Pandey,49,Female,A-,Kolkata,West Bengal,COPD,2026-03-01,2026-03-05,Emergency,Dr. A. Mehta,LifeLine Multispeciality,Star Health,309,Tiotropium,Normal,23.4,114,87,73,85,4,45066.8,Yes,5,Never
ADM00702,PAT00478,Aditya Mehta,10,Male,AB+,Bhopal,Madhya Pradesh,Anemia,2024-03-14,2024-03-17,Urgent,Dr. A. Mehta,PrimeCare Hospital,HDFC ERGO,258,Folic Acid,Borderline,22.3,129,94,61,133,3,5221.02,No,5,Former
ADM00703,PAT00445,Krishna Mishra,68,Female,AB+,Bengaluru,Karnataka,Hypertension,2025-05-11,2025-05-15,Elective,Dr. I. Khan,Sunrise Medical Center,Star Health,808,Amlodipine,Normal,17.4,153,81,74,71,4,40129.43,No,4,Never
ADM00704,PAT01582,Aman Mishra,59,Female,B-,Hyderabad,Telangana,COPD,2024-12-23,2024-12-25,Urgent,Dr. P. Singh,Green Valley Hospital,Self Pay,790,Salbutamol,Borderline,29.9,135,77,68,97,2,29018.1,No,4,Former
ADM00705,PAT00728,Riya Joshi,42,Male,AB-,Pune,Maharashtra,Kidney Disease,2024-11-23,2024-11-28,Emergency,Dr. I. Khan,CityCare Hospital,Self Pay,452,Furosemide,Borderline,25.2,132,84,76,155,5,52316.59,No,4,Former
ADM00706,PAT00056,Aarav Kumar,50,Male,O+,Jaipur,Rajasthan,Anemia,2025-07-30,2025-07-31,Elective,Dr. K. Rao,Green Valley Hospital,Care Health,540,Folic Acid,Normal,15.5,123,77,67,100,1,22589.23,No,5,Never
ADM00707,PAT00282,Nisha Kumar,44,Female,B-,Chandigarh,Chandigarh,Fracture,2025-06-16,2025-06-20,Urgent,Dr. K. Rao,PrimeCare Hospital,HDFC ERGO,728,Calcium,Normal,18.0,107,78,71,74,4,32567.4,No,4,Never
ADM00708,PAT01798,Diya Mishra,50,Male,B+,Hyderabad,Telangana,Anemia,2024-08-03,2024-08-04,Elective,Dr. S. Verma,CityCare Hospital,Niva Bupa,811,Iron Supplement,Borderline,22.8,142,79,65,103,1,10075.57,No,5,Never
ADM00709,PAT00901,Tanya Mehta,66,Male,B-,Noida,Uttar Pradesh,Diabetes,2024-08-03,2024-08-06,Emergency,Dr. P. Singh,Sunrise Medical Center,Self Pay,776,Insulin,Normal,31.3,132,82,83,171,3,28005.25,No,4,Never
ADM00710,PAT00253,Vivaan Gupta,48,Male,B+,Kolkata,West Bengal,COPD,2024-05-16,2024-05-22,Urgent,Dr. K. Rao,NewHope Hospital,HDFC ERGO,782,Salbutamol,Borderline,35.5,111,82,81,104,6,56450.61,No,5,Never
ADM00711,PAT01709,Nisha Kumar,77,Female,B+,Chandigarh,Chandigarh,Hypertension,2025-07-03,2025-07-04,Elective,Dr. R. Kapoor,Harmony Medical Centre,ICICI Lombard,260,Telmisartan,Borderline,29.1,123,84,71,69,1,22947.62,No,4,Never
ADM00712,PAT00769,Aarav Khan,61,Male,O+,Delhi,Delhi,Kidney Disease,2025-10-17,2025-10-24,Emergency,Dr. M. Joshi,Sunrise Medical Center,HDFC ERGO,605,Sevelamer,Normal,27.8,133,85,76,65,7,73218.75,No,3,Current
ADM00713,PAT00053,Kavya Sharma,81,Male,B+,Delhi,Delhi,Cardiac Disease,2026-04-05,2026-04-12,Elective,Dr. A. Mehta,Sunrise Medical Center,Niva Bupa,296,Metoprolol,Normal,22.7,125,91,74,67,7,99495.41,No,4,Former
ADM00714,PAT00910,Diya Agarwal,81,Male,B-,Patna,Bihar,Gastroenteritis,2024-03-20,2024-03-21,Emergency,Dr. T. Gupta,Metro Health Institute,Self Pay,421,Ondansetron,Borderline,27.4,157,83,78,72,1,22831.54,No,4,Never
ADM00715,PAT01777,Rahul Yadav,31,Male,AB+,Bengaluru,Karnataka,Anemia,2026-07-14,2026-07-17,Emergency,Dr. T. Gupta,NewHope Hospital,Self Pay,477,Vitamin B12,Normal,23.7,131,68,81,65,3,29189.27,No,2,Never
ADM00716,PAT01524,Kavya Gupta,27,Female,A+,Kolkata,West Bengal,Arthritis,2025-08-31,2025-09-01,Elective,Dr. R. Kapoor,LifeLine Multispeciality,HDFC ERGO,719,Diclofenac,Borderline,28.7,118,81,69,93,1,20863.24,No,4,Former
ADM00717,PAT01750,Kabir Kumar,59,Male,O+,Delhi,Delhi,Migraine,2025-10-12,2025-10-13,Emergency,Dr. S. Verma,CityCare Hospital,HDFC ERGO,887,Paracetamol,Normal,31.7,103,87,86,88,1,10793.0,No,2,Never
ADM00718,PAT01516,Meera Srivastava,48,Female,A-,Bhopal,Madhya Pradesh,Hypertension,2026-07-25,2026-07-26,Elective,Dr. T. Gupta,Green Valley Hospital,Self Pay,583,Telmisartan,Normal,27.8,153,75,68,106,1,18338.78,No,3,Current
ADM00719,PAT00428,Nisha Mehta,76,Male,AB+,Delhi,Delhi,COPD,2026-03-30,2026-04-06,Elective,Dr. N. Sharma,PrimeCare Hospital,Self Pay,487,Tiotropium,Normal,29.8,141,71,72,111,7,76672.11,Yes,4,Never
ADM00720,PAT00780,Aman Saxena,37,Male,O+,Jaipur,Rajasthan,Diabetes,2026-03-19,2026-03-21,Urgent,Dr. K. Rao,Green Valley Hospital,HDFC ERGO,803,Insulin,Normal,22.7,153,77,86,123,2,12006.91,No,5,Current
ADM00721,PAT00101,Tanya Jain,42,Female,A-,Kolkata,West Bengal,Migraine,2024-03-19,2024-03-22,Emergency,Dr. N. Sharma,CityCare Hospital,HDFC ERGO,764,Paracetamol,Abnormal,27.1,129,69,92,65,3,21168.92,No,4,Former
ADM00722,PAT00916,Aarav Joshi,32,Male,A+,Chandigarh,Chandigarh,Gastroenteritis,2025-08-30,2025-09-03,Emergency,Dr. R. Kapoor,LifeLine Multispeciality,Care Health,350,ORS,Abnormal,34.4,123,69,80,68,4,44143.66,No,3,Never
ADM00723,PAT00899,Vivaan Pandey,8,Female,B+,Chandigarh,Chandigarh,Asthma,2024-03-02,2024-03-06,Emergency,Dr. I. Khan,CityCare Hospital,Self Pay,778,Montelukast,Borderline,24.5,108,83,87,96,4,45317.48,No,4,Former
ADM00724,PAT00818,Ananya Saxena,51,Female,A-,Kolkata,West Bengal,Kidney Disease,2025-07-10,2025-07-15,Urgent,Dr. S. Verma,Harmony Medical Centre,Niva Bupa,773,Erythropoietin,Normal,30.9,139,89,89,98,5,42293.97,No,4,Never
ADM00725,PAT00407,Aman Yadav,55,Female,AB+,Delhi,Delhi,Diabetes,2026-04-13,2026-04-16,Urgent,Dr. T. Gupta,CityCare Hospital,ICICI Lombard,802,Metformin,Abnormal,26.7,144,71,70,181,3,27113.27,No,5,Never
ADM00726,PAT00422,Vivaan Patel,1,Male,AB+,Lucknow,Uttar Pradesh,Kidney Disease,2026-03-14,2026-03-22,Emergency,Dr. I. Khan,NewHope Hospital,Care Health,227,Sevelamer,Normal,21.5,91,70,74,65,8,85622.67,No,3,Former
ADM00727,PAT01579,Vivaan Pandey,47,Female,AB+,Noida,Uttar Pradesh,Diabetes,2025-01-17,2025-01-19,Elective,Dr. T. Gupta,Metro Health Institute,SBI General,450,Metformin,Normal,26.5,113,86,67,155,2,31186.32,No,4,Never
ADM00728,PAT00780,Aman Saxena,37,Male,O+,Jaipur,Rajasthan,Cardiac Disease,2024-05-23,2024-05-30,Elective,Dr. K. Rao,Green Valley Hospital,SBI General,406,Aspirin,Normal,30.1,124,64,65,89,7,83775.63,No,4,Current
ADM00729,PAT01209,Isha Chauhan,43,Female,A+,Bengaluru,Karnataka,Anemia,2025-10-16,2025-10-19,Elective,Dr. A. Mehta,Metro Health Institute,SBI General,412,Iron Supplement,Normal,28.1,99,85,75,106,3,18959.12,No,5,Never
ADM00730,PAT01669,Kavya Gupta,28,Female,B+,Jaipur,Rajasthan,Diabetes,2025-07-10,2025-07-14,Emergency,Dr. M. Joshi,NewHope Hospital,Star Health,598,Glimepiride,Normal,29.3,118,89,66,139,4,37624.5,No,4,Never
ADM00731,PAT00256,Sneha Srivastava,91,Male,B+,Chandigarh,Chandigarh,Hypertension,2025-02-24,2025-02-25,Emergency,Dr. V. Jain,PrimeCare Hospital,HDFC ERGO,559,Losartan,Normal,25.8,158,85,94,136,1,14569.68,No,4,Former
ADM00732,PAT00191,Aman Gupta,20,Female,O+,Bengaluru,Karnataka,Arthritis,2025-07-24,2025-07-25,Emergency,Dr. M. Joshi,Green Valley Hospital,Self Pay,755,Diclofenac,Normal,28.3,98,84,74,101,1,10613.45,No,4,Never
ADM00733,PAT00359,Krishna Singh,57,Male,B+,Hyderabad,Telangana,Pneumonia,2024-08-19,2024-08-26,Emergency,Dr. S. Verma,LifeLine Multispeciality,Self Pay,145,Ceftriaxone,Abnormal,31.2,105,88,84,76,7,70753.14,No,3,Never
ADM00734,PAT01038,Kavya Mehta,58,Male,B+,Noida,Uttar Pradesh,Migraine,2025-03-25,2025-03-26,Elective,Dr. K. Rao,LifeLine Multispeciality,Self Pay,524,Sumatriptan,Normal,22.6,133,82,76,101,1,10177.13,No,5,Never
ADM00735,PAT01185,Arjun Saxena,32,Female,A+,Delhi,Delhi,Diabetes,2025-05-10,2025-05-16,Emergency,Dr. I. Khan,Green Valley Hospital,HDFC ERGO,446,Insulin,Normal,25.6,104,91,67,195,6,48969.44,No,4,Never
ADM00736,PAT01484,Ishaan Jain,45,Female,A+,Delhi,Delhi,Anemia,2024-07-27,2024-07-28,Emergency,Dr. T. Gupta,Sunrise Medical Center,HDFC ERGO,236,Folic Acid,Normal,22.8,126,93,67,94,1,3500,No,4,Current
ADM00737,PAT01058,Priya Agarwal,15,Male,B-,Delhi,Delhi,Fracture,2025-10-01,2025-10-05,Urgent,Dr. M. Joshi,Metro Health Institute,Self Pay,878,Calcium,Normal,20.9,110,83,67,82,4,41763.11,No,3,Never
ADM00738,PAT00250,Aditya Singh,33,Male,AB+,Chandigarh,Chandigarh,Diabetes,2024-03-28,2024-04-02,Elective,Dr. S. Verma,Green Valley Hospital,HDFC ERGO,298,Glimepiride,Normal,29.0,127,88,88,191,5,52574.81,No,5,Never
ADM00739,PAT00334,Nisha Rao,59,Female,O-,Mumbai,Maharashtra,Pneumonia,2024-05-26,2024-06-01,Emergency,Dr. P. Singh,CityCare Hospital,ICICI Lombard,453,Ceftriaxone,Borderline,31.8,130,87,97,101,6,61100.06,No,3,Never
ADM00740,PAT01550,Aman Pandey,41,Male,AB+,Mumbai,Maharashtra,Asthma,2025-03-24,2025-03-25,Emergency,Dr. V. Jain,PrimeCare Hospital,HDFC ERGO,591,Budesonide,Normal,24.7,130,68,97,113,1,16177.49,No,5,Never
ADM00741,PAT00430,Aditya Agarwal,8,Female,A-,Kolkata,West Bengal,Asthma,2025-08-15,2025-08-16,Emergency,Dr. S. Verma,Metro Health Institute,ICICI Lombard,131,Budesonide,Borderline,20.0,122,79,91,117,1,13628.48,No,4,Never
ADM00742,PAT00247,Diya Singh,81,Female,AB+,Pune,Maharashtra,Arthritis,2025-03-10,2025-03-11,Elective,Dr. R. Kapoor,PrimeCare Hospital,Niva Bupa,525,Ibuprofen,Normal,23.7,117,82,76,91,1,11646.49,No,2,Current
ADM00743,PAT01002,Aditya Singh,61,Female,AB+,Chandigarh,Chandigarh,COPD,2025-11-08,2025-11-14,Elective,Dr. K. Rao,Harmony Medical Centre,HDFC ERGO,216,Salbutamol,Abnormal,32.0,106,73,98,140,6,46761.52,No,4,Never
ADM00744,PAT01517,Tanya Kapoor,63,Male,B-,Hyderabad,Telangana,Anemia,2024-11-13,2024-11-14,Urgent,Dr. R. Kapoor,Metro Health Institute,Self Pay,251,Vitamin B12,Normal,30.4,131,95,65,90,1,13098.63,Yes,4,Former
ADM00745,PAT01239,Isha Kumar,22,Female,B-,Lucknow,Uttar Pradesh,Asthma,2026-02-09,2026-02-14,Elective,Dr. S. Verma,Harmony Medical Centre,ICICI Lombard,578,Budesonide,Normal,26.0,114,80,89,95,5,39818.41,No,5,Never
ADM00746,PAT00734,Ananya Mehta,40,Female,O+,Kolkata,West Bengal,Anemia,2026-03-09,2026-03-12,Elective,Dr. V. Jain,Green Valley Hospital,HDFC ERGO,687,Folic Acid,Normal,27.4,119,69,77,112,3,43738.14,No,5,Former
ADM00747,PAT01536,Aman Khan,56,Male,O-,Pune,Maharashtra,Gastroenteritis,2024-05-25,2024-05-29,Elective,Dr. M. Joshi,Sunrise Medical Center,HDFC ERGO,780,Probiotic,Normal,21.7,132,90,70,78,4,34887.02,No,2,Never
ADM00748,PAT00649,Aditya Srivastava,73,Male,O-,Lucknow,Uttar Pradesh,Asthma,2025-09-27,2025-09-29,Elective,Dr. N. Sharma,CityCare Hospital,Star Health,676,Salbutamol,Normal,25.4,115,90,74,86,2,46332.96,Yes,4,Current
ADM00749,PAT00851,Aditya Malhotra,47,Male,AB+,Patna,Bihar,Gastroenteritis,2024-12-27,2024-12-30,Elective,Dr. R. Kapoor,PrimeCare Hospital,Niva Bupa,747,Ondansetron,Borderline,28.2,138,89,89,65,3,8969.93,No,3,Never
ADM00750,PAT00392,Nisha Malhotra,34,Female,A-,Chandigarh,Chandigarh,Arthritis,2024-03-20,2024-03-21,Elective,Dr. S. Verma,Metro Health Institute,HDFC ERGO,579,Ibuprofen,Normal,27.2,114,74,76,112,1,31223.96,No,4,Never
ADM00751,PAT00431,Diya Yadav,82,Female,AB+,Delhi,Delhi,Arthritis,2024-05-13,2024-05-16,Emergency,Dr. T. Gupta,NewHope Hospital,Niva Bupa,870,Diclofenac,Borderline,27.3,139,77,86,106,3,6515.1,No,3,Former
ADM00752,PAT00186,Sneha Rao,48,Male,AB+,Mumbai,Maharashtra,Migraine,2024-11-09,2024-11-12,Emergency,Dr. S. Verma,Green Valley Hospital,Self Pay,793,Paracetamol,Normal,34.8,140,70,65,104,3,10218.37,No,3,Never
ADM00753,PAT01638,Priya Singh,63,Female,AB-,Kolkata,West Bengal,Hypertension,2026-07-26,2026-07-27,Emergency,Dr. I. Khan,LifeLine Multispeciality,Star Health,168,Losartan,Abnormal,22.4,151,110,68,70,1,22014.42,No,4,Former
ADM00754,PAT01039,Aarav Sharma,84,Female,B-,Jaipur,Rajasthan,Cardiac Disease,2025-05-04,2025-05-09,Urgent,Dr. P. Singh,CityCare Hospital,Care Health,187,Metoprolol,Normal,27.7,137,87,81,65,5,71416.92,No,5,Current
ADM00755,PAT00737,Krishna Jain,72,Male,A+,Kolkata,West Bengal,COPD,2025-10-06,2025-10-13,Elective,Dr. K. Rao,Harmony Medical Centre,Niva Bupa,114,Tiotropium,Abnormal,24.2,126,75,87,155,7,80251.56,No,5,Never
ADM00756,PAT00979,Arjun Yadav,30,Female,AB-,Hyderabad,Telangana,Anemia,2024-09-29,2024-10-04,Emergency,Dr. K. Rao,Harmony Medical Centre,Care Health,811,Folic Acid,Normal,30.3,133,104,53,65,5,35930.88,No,5,Current
ADM00757,PAT00523,Ishaan Khan,57,Female,A-,Kolkata,West Bengal,Kidney Disease,2024-03-25,2024-03-31,Elective,Dr. P. Singh,Metro Health Institute,Care Health,117,Sevelamer,Abnormal,25.4,108,71,87,133,6,73389.27,No,5,Never
ADM00758,PAT01042,Nisha Gupta,40,Female,B-,Hyderabad,Telangana,Hypertension,2025-10-13,2025-10-16,Elective,Dr. A. Mehta,LifeLine Multispeciality,HDFC ERGO,355,Amlodipine,Normal,27.1,140,90,83,80,3,33040.8,No,5,Former
ADM00759,PAT00230,Vivaan Mehta,29,Female,AB-,Delhi,Delhi,Cardiac Disease,2025-09-05,2025-09-13,Urgent,Dr. I. Khan,CityCare Hospital,HDFC ERGO,318,Metoprolol,Borderline,31.4,140,83,97,84,8,98705.1,No,5,Former
ADM00760,PAT00936,Ishaan Agarwal,49,Male,B-,Mumbai,Maharashtra,Anemia,2024-07-06,2024-07-09,Urgent,Dr. M. Joshi,Green Valley Hospital,HDFC ERGO,355,Vitamin B12,Borderline,19.0,135,89,74,77,3,31950.01,No,5,Never
ADM00761,PAT00034,Kabir Yadav,54,Male,O+,Noida,Uttar Pradesh,Anemia,2024-07-04,2024-07-09,Emergency,Dr. P. Singh,Green Valley Hospital,ICICI Lombard,432,Iron Supplement,Normal,25.4,135,83,74,124,5,37969.73,No,5,Never
ADM00762,PAT00015,Isha Mehta,46,Female,B-,Chandigarh,Chandigarh,Cardiac Disease,2024-09-11,2024-09-19,Emergency,Dr. A. Mehta,LifeLine Multispeciality,Star Health,764,Metoprolol,Normal,22.1,134,70,100,129,8,91982.75,No,5,Current
ADM00763,PAT00779,Isha Verma,57,Male,O+,Kolkata,West Bengal,Anemia,2024-12-15,2024-12-18,Emergency,Dr. I. Khan,Sunrise Medical Center,Self Pay,851,Folic Acid,Borderline,26.9,121,77,86,65,3,30984.66,Yes,4,Never
ADM00764,PAT01646,Tanya Pandey,36,Female,A-,Chandigarh,Chandigarh,Hypertension,2026-01-30,2026-02-02,Emergency,Dr. R. Kapoor,Harmony Medical Centre,ICICI Lombard,337,Amlodipine,Normal,32.7,136,85,78,88,3,24208.89,No,3,Current
ADM00765,PAT00861,Vivaan Agarwal,54,Male,A-,Pune,Maharashtra,Gastroenteritis,2024-05-14,2024-05-18,Urgent,Dr. T. Gupta,Green Valley Hospital,ICICI Lombard,110,ORS,Abnormal,25.2,152,81,86,114,4,31796.6,No,4,Never
ADM00766,PAT00820,Ananya Agarwal,50,Female,B+,Kolkata,West Bengal,Kidney Disease,2024-03-15,2024-03-19,Urgent,Dr. P. Singh,Harmony Medical Centre,Star Health,618,Furosemide,Borderline,29.3,146,84,71,74,4,41058.51,No,5,Current
ADM00767,PAT01757,Nisha Kumar,70,Female,A+,Delhi,Delhi,Kidney Disease,2024-04-21,2024-04-29,Urgent,Dr. P. Singh,CityCare Hospital,HDFC ERGO,501,Sevelamer,Borderline,28.6,130,70,80,102,8,90665.86,No,4,Never
ADM00768,PAT00205,Tanya Verma,22,Female,AB-,Patna,Bihar,Asthma,2025-07-22,2025-07-23,Elective,Dr. I. Khan,Harmony Medical Centre,ICICI Lombard,510,Montelukast,Normal,25.1,103,79,85,87,1,18947.88,No,3,Never
ADM00769,PAT00727,Nisha Singh,41,Male,O-,Jaipur,Rajasthan,Gastroenteritis,2025-01-24,2025-01-25,Elective,Dr. N. Sharma,Green Valley Hospital,Niva Bupa,461,Ondansetron,Borderline,26.6,161,81,76,84,1,27034.8,No,4,Former
ADM00770,PAT00739,Krishna Agarwal,64,Male,AB-,Delhi,Delhi,Diabetes,2024-08-16,2024-08-19,Urgent,Dr. S. Verma,PrimeCare Hospital,Self Pay,723,Glimepiride,Abnormal,20.1,146,81,88,175,3,13900.41,No,5,Current
ADM00771,PAT00635,Tanya Chauhan,61,Female,A-,Hyderabad,Telangana,Diabetes,2024-03-22,2024-03-25,Urgent,Dr. T. Gupta,LifeLine Multispeciality,ICICI Lombard,147,Insulin,Abnormal,32.6,97,71,68,187,3,23867.12,No,4,Never
ADM00772,PAT01714,Rahul Srivastava,60,Male,O+,Delhi,Delhi,Cardiac Disease,2026-04-20,2026-04-22,Elective,Dr. K. Rao,Harmony Medical Centre,ICICI Lombard,320,Aspirin,Abnormal,34.8,128,94,53,96,2,28307.53,Yes,4,Never
ADM00773,PAT00134,Priya Saxena,47,Female,A+,Noida,Uttar Pradesh,Kidney Disease,2025-05-08,2025-05-13,Elective,Dr. A. Mehta,Sunrise Medical Center,Star Health,781,Furosemide,Normal,24.9,131,88,73,72,5,54908.59,No,4,Former
ADM00774,PAT00890,Ishaan Verma,25,Male,AB+,Lucknow,Uttar Pradesh,Asthma,2026-04-17,2026-04-20,Emergency,Dr. I. Khan,NewHope Hospital,ICICI Lombard,570,Salbutamol,Normal,29.7,100,54,76,170,3,13650.3,No,4,Former
ADM00775,PAT01737,Rohan Khan,27,Female,AB+,Mumbai,Maharashtra,Gastroenteritis,2024-05-18,2024-05-20,Urgent,Dr. N. Sharma,LifeLine Multispeciality,Care Health,332,ORS,Normal,27.7,128,85,80,79,2,4122.46,Yes,4,Never
ADM00776,PAT01336,Nisha Gupta,55,Female,AB-,Chandigarh,Chandigarh,Kidney Disease,2026-01-01,2026-01-06,Elective,Dr. I. Khan,Harmony Medical Centre,Star Health,445,Furosemide,Borderline,30.7,95,70,49,136,5,51753.28,No,4,Former
ADM00777,PAT00616,Aditya Singh,43,Male,A+,Mumbai,Maharashtra,Kidney Disease,2025-10-09,2025-10-14,Elective,Dr. K. Rao,Sunrise Medical Center,Care Health,632,Sevelamer,Normal,26.0,130,81,82,156,5,67945.13,No,4,Former
ADM00778,PAT00470,Aarav Srivastava,47,Female,B+,Lucknow,Uttar Pradesh,COPD,2024-09-25,2024-10-02,Emergency,Dr. P. Singh,Metro Health Institute,Niva Bupa,667,Salbutamol,Normal,29.1,111,68,61,95,7,67881.62,No,4,Former
ADM00779,PAT01437,Aditya Srivastava,51,Female,O-,Chandigarh,Chandigarh,Migraine,2025-09-20,2025-09-23,Urgent,Dr. A. Mehta,Metro Health Institute,HDFC ERGO,366,Paracetamol,Borderline,27.0,132,71,72,122,3,11666.39,No,3,Never
ADM00780,PAT00173,Kavya Gupta,16,Male,AB-,Bengaluru,Karnataka,Arthritis,2025-07-11,2025-07-15,Emergency,Dr. N. Sharma,Harmony Medical Centre,Care Health,747,Naproxen,Normal,23.2,150,87,78,107,4,30675.62,No,4,Never
ADM00781,PAT01333,Riya Joshi,55,Male,A-,Noida,Uttar Pradesh,Diabetes,2026-03-17,2026-03-22,Elective,Dr. R. Kapoor,Metro Health Institute,SBI General,488,Glimepiride,Normal,32.7,121,71,76,171,5,31300.49,No,4,Never
ADM00782,PAT01319,Aditya Malhotra,44,Female,B+,Pune,Maharashtra,Anemia,2026-06-28,2026-06-29,Urgent,Dr. V. Jain,Sunrise Medical Center,ICICI Lombard,451,Iron Supplement,Normal,30.8,108,75,78,106,1,21581.17,No,4,Never
ADM00783,PAT01660,Meera Kapoor,40,Female,A-,Mumbai,Maharashtra,COPD,2024-06-09,2024-06-13,Elective,Dr. T. Gupta,NewHope Hospital,Star Health,777,Budesonide,Borderline,27.9,141,70,81,122,4,36095.19,No,4,Former
ADM00784,PAT00799,Priya Rao,70,Female,O-,Hyderabad,Telangana,Pneumonia,2024-01-23,2024-01-29,Emergency,Dr. A. Mehta,NewHope Hospital,SBI General,128,Azithromycin,Normal,29.2,137,65,78,111,6,72464.01,No,5,Former
ADM00785,PAT01794,Kavya Kumar,47,Female,A+,Bengaluru,Karnataka,Pneumonia,2026-08-17,2026-08-21,Elective,Dr. I. Khan,LifeLine Multispeciality,Star Health,746,Amoxicillin,Normal,26.9,114,71,97,93,4,38944.41,No,4,Never
ADM00786,PAT00966,Priya Jain,76,Male,AB-,Delhi,Delhi,COPD,2026-05-03,2026-05-07,Emergency,Dr. A. Mehta,Sunrise Medical Center,Star Health,647,Budesonide,Normal,28.0,107,87,70,143,4,42047.55,No,3,Former
ADM00787,PAT00033,Aditya Saxena,33,Male,A-,Jaipur,Rajasthan,Cardiac Disease,2024-10-29,2024-11-03,Urgent,Dr. T. Gupta,LifeLine Multispeciality,Niva Bupa,630,Aspirin,Abnormal,26.9,120,88,71,110,5,74864.94,No,4,Never
ADM00788,PAT00563,Meera Khan,65,Female,AB-,Patna,Bihar,Migraine,2024-09-09,2024-09-10,Elective,Dr. I. Khan,LifeLine Multispeciality,Care Health,307,Sumatriptan,Abnormal,27.0,160,78,66,105,1,14414.2,No,3,Former
ADM00789,PAT01495,Diya Mishra,54,Male,A-,Delhi,Delhi,Kidney Disease,2024-04-23,2024-04-29,Urgent,Dr. K. Rao,PrimeCare Hospital,Self Pay,534,Erythropoietin,Normal,25.0,145,88,74,101,6,81577.17,Yes,4,Never
ADM00790,PAT01326,Arjun Verma,29,Male,B-,Bhopal,Madhya Pradesh,Migraine,2024-08-26,2024-08-27,Emergency,Dr. P. Singh,Green Valley Hospital,ICICI Lombard,102,Sumatriptan,Borderline,21.0,114,67,102,92,1,10442.69,No,4,Never
ADM00791,PAT00663,Aditya Patel,42,Male,AB-,Mumbai,Maharashtra,Migraine,2026-03-27,2026-03-28,Urgent,Dr. P. Singh,LifeLine Multispeciality,SBI General,812,Sumatriptan,Normal,24.3,99,62,80,121,1,25478.22,No,5,Never
ADM00792,PAT00093,Isha Khan,47,Male,A+,Patna,Bihar,Migraine,2026-01-04,2026-01-05,Urgent,Dr. T. Gupta,NewHope Hospital,Care Health,368,Paracetamol,Abnormal,15.4,135,94,68,89,1,3500,No,4,Never
ADM00793,PAT00289,Riya Yadav,73,Female,O+,Lucknow,Uttar Pradesh,Hypertension,2024-09-04,2024-09-06,Elective,Dr. K. Rao,NewHope Hospital,Care Health,222,Telmisartan,Normal,28.8,164,100,87,86,2,29515.79,No,4,Former
ADM00794,PAT01736,Riya Chauhan,61,Female,B-,Delhi,Delhi,Hypertension,2024-01-26,2024-01-27,Emergency,Dr. S. Verma,PrimeCare Hospital,ICICI Lombard,106,Amlodipine,Borderline,31.0,138,87,91,70,1,7720.02,No,4,Current
ADM00795,PAT00510,Nisha Pandey,32,Male,O-,Pune,Maharashtra,Fracture,2024-09-13,2024-09-16,Elective,Dr. A. Mehta,PrimeCare Hospital,Star Health,278,Calcium,Normal,21.4,129,76,67,91,3,44782.85,No,4,Never
ADM00796,PAT00364,Ananya Yadav,54,Male,O+,Hyderabad,Telangana,Hypertension,2025-11-13,2025-11-20,Emergency,Dr. S. Verma,Sunrise Medical Center,Star Health,190,Amlodipine,Normal,31.4,155,77,77,87,7,48316.56,No,4,Current
ADM00797,PAT01157,Meera Sharma,59,Male,B-,Jaipur,Rajasthan,Hypertension,2026-01-27,2026-01-29,Emergency,Dr. V. Jain,Harmony Medical Centre,Niva Bupa,302,Telmisartan,Abnormal,24.9,148,78,68,158,2,26921.04,No,3,Former
ADM00798,PAT00019,Ananya Gupta,37,Male,AB+,Mumbai,Maharashtra,Pneumonia,2024-09-27,2024-10-02,Emergency,Dr. R. Kapoor,Metro Health Institute,Star Health,174,Ceftriaxone,Abnormal,20.9,97,80,112,90,5,53749.75,No,5,Never
ADM00799,PAT00263,Vivaan Jain,45,Male,O+,Noida,Uttar Pradesh,Gastroenteritis,2024-05-23,2024-05-27,Emergency,Dr. P. Singh,Harmony Medical Centre,HDFC ERGO,220,Probiotic,Borderline,26.2,147,87,70,109,4,26573.62,No,4,Current
ADM00800,PAT01063,Sneha Srivastava,33,Female,B-,Bhopal,Madhya Pradesh,Anemia,2024-09-01,2024-09-02,Urgent,Dr. I. Khan,Green Valley Hospital,Care Health,452,Iron Supplement,Normal,27.2,143,73,97,116,1,13418.12,No,4,Current
ADM00801,PAT00319,Kabir Jain,18,Female,B+,Pune,Maharashtra,Fracture,2026-06-25,2026-07-01,Urgent,Dr. N. Sharma,PrimeCare Hospital,HDFC ERGO,730,Calcium,Borderline,20.4,135,61,88,142,6,58467.76,No,5,Current
ADM00802,PAT00288,Kabir Verma,35,Male,A-,Patna,Bihar,Migraine,2025-12-01,2025-12-02,Emergency,Dr. P. Singh,Green Valley Hospital,Star Health,364,Sumatriptan,Normal,24.8,127,100,65,68,1,12973.41,No,3,Never
ADM00803,PAT01424,Vivaan Mishra,40,Female,O+,Chandigarh,Chandigarh,Fracture,2024-01-26,2024-01-29,Elective,Dr. M. Joshi,NewHope Hospital,Self Pay,154,Paracetamol,Borderline,30.7,138,84,73,67,3,25945.53,No,3,Never
ADM00804,PAT00963,Aditya Kapoor,62,Female,B-,Patna,Bihar,Anemia,2025-12-05,2025-12-08,Urgent,Dr. K. Rao,LifeLine Multispeciality,Star Health,107,Iron Supplement,Abnormal,31.7,127,88,78,112,3,10549.98,No,5,Former
ADM00805,PAT01562,Tanya Kumar,28,Male,A-,Hyderabad,Telangana,Fracture,2025-11-04,2025-11-07,Emergency,Dr. K. Rao,Sunrise Medical Center,Niva Bupa,759,Paracetamol,Borderline,21.7,102,80,72,65,3,35090.72,No,3,Never
ADM00806,PAT00080,Sneha Chauhan,48,Male,A+,Bengaluru,Karnataka,Migraine,2024-10-02,2024-10-03,Elective,Dr. T. Gupta,Sunrise Medical Center,Star Health,474,Paracetamol,Normal,24.2,118,80,58,132,1,28331.36,No,4,Never
ADM00807,PAT00126,Rahul Joshi,83,Female,O-,Kolkata,West Bengal,Diabetes,2024-07-29,2024-08-02,Elective,Dr. N. Sharma,NewHope Hospital,HDFC ERGO,276,Metformin,Borderline,35.2,117,77,80,166,4,52108.94,No,4,Current
ADM00808,PAT01222,Krishna Kumar,83,Female,AB+,Jaipur,Rajasthan,Hypertension,2026-01-03,2026-01-04,Urgent,Dr. I. Khan,NewHope Hospital,Self Pay,664,Losartan,Normal,25.4,155,98,71,65,1,15435.0,No,,Never
ADM00809,PAT01644,Ishaan Singh,17,Male,B+,Bhopal,Madhya Pradesh,Asthma,2026-04-29,2026-04-30,Urgent,Dr. R. Kapoor,CityCare Hospital,Star Health,473,Salbutamol,Normal,21.4,121,69,80,65,1,17782.14,No,5,Never
ADM00810,PAT00430,Aditya Agarwal,8,Female,A-,Kolkata,West Bengal,Hypertension,2024-11-06,2024-11-08,Emergency,Dr. N. Sharma,Green Valley Hospital,Star Health,295,Telmisartan,Normal,18.5,140,85,83,86,2,26601.49,No,4,Never
ADM00811,PAT01775,Kavya Gupta,41,Female,B-,Noida,Uttar Pradesh,Migraine,2026-06-17,2026-06-19,Elective,Dr. T. Gupta,Harmony Medical Centre,HDFC ERGO,533,Naproxen,Borderline,22.5,139,79,79,109,2,8630.17,No,4,Never
ADM00812,PAT01516,Meera Srivastava,48,Female,A-,Bhopal,Madhya Pradesh,Fracture,2025-07-25,2025-07-27,Urgent,Dr. A. Mehta,CityCare Hospital,Care Health,395,Calcium,Normal,27.0,137,80,88,98,2,28018.64,No,4,Current
ADM00813,PAT01354,Diya Joshi,69,Female,B+,Mumbai,Maharashtra,Kidney Disease,2024-01-29,2024-02-06,Emergency,Dr. K. Rao,CityCare Hospital,Care Health,518,Sevelamer,Normal,30.2,141,85,94,143,8,92250.54,Yes,3,Never
ADM00814,PAT00601,Sneha Verma,30,Male,A-,Bhopal,Madhya Pradesh,Fracture,2025-03-01,2025-03-07,Elective,Dr. K. Rao,Green Valley Hospital,Self Pay,764,Calcium,Normal,30.1,130,87,83,116,6,61368.81,No,5,Never
ADM00815,PAT00762,Ishaan Sharma,35,Female,AB-,Bhopal,Madhya Pradesh,Anemia,2024-12-24,2024-12-29,Emergency,Dr. R. Kapoor,Sunrise Medical Center,Self Pay,895,Iron Supplement,Abnormal,22.2,153,75,65,171,5,42003.33,No,4,Former
ADM00816,PAT01265,Aarav Sharma,44,Male,AB-,Jaipur,Rajasthan,Arthritis,2025-12-03,2025-12-05,Emergency,Dr. K. Rao,CityCare Hospital,SBI General,708,Diclofenac,Normal,26.9,111,83,67,92,2,26653.6,No,5,Never
ADM00817,PAT00850,Priya Agarwal,48,Male,O-,Delhi,Delhi,Diabetes,2025-03-18,2025-03-24,Elective,Dr. K. Rao,Metro Health Institute,Star Health,855,Insulin,Abnormal,31.3,142,65,88,192,6,60591.11,No,4,Never
ADM00818,PAT01687,Nisha Jain,50,Male,B-,Mumbai,Maharashtra,Fracture,2024-11-24,2024-11-26,Urgent,Dr. N. Sharma,NewHope Hospital,Self Pay,433,Ibuprofen,Normal,27.9,133,79,69,65,2,41298.8,No,4,Never
ADM00819,PAT00323,Aman Srivastava,47,Male,O-,Jaipur,Rajasthan,Diabetes,2025-02-02,2025-02-08,Emergency,Dr. R. Kapoor,Green Valley Hospital,HDFC ERGO,827,Glimepiride,Normal,27.3,138,74,65,162,6,69114.51,No,3,Current
ADM00820,PAT00859,Ananya Singh,13,Male,B+,Lucknow,Uttar Pradesh,Cardiac Disease,2024-01-08,2024-01-16,Emergency,Dr. M. Joshi,LifeLine Multispeciality,ICICI Lombard,209,Metoprolol,Normal,,104,83,92,113,8,87597.92,No,2,Never
ADM00821,PAT00354,Isha Khan,18,Male,AB-,Bhopal,Madhya Pradesh,Asthma,2026-05-07,2026-05-08,Emergency,Dr. P. Singh,Green Valley Hospital,Niva Bupa,598,Montelukast,Normal,22.4,96,82,89,87,1,30967.14,No,5,Never
ADM00822,PAT00358,Riya Mishra,53,Female,B+,Noida,Uttar Pradesh,Gastroenteritis,2025-11-23,2025-11-24,Elective,Dr. I. Khan,NewHope Hospital,ICICI Lombard,349,ORS,Normal,32.7,105,78,91,90,1,7405.9,No,3,Former
ADM00823,PAT01063,Sneha Srivastava,33,Female,B-,Bhopal,Madhya Pradesh,COPD,2025-08-05,2025-08-09,Elective,Dr. S. Verma,LifeLine Multispeciality,HDFC ERGO,145,Salbutamol,Normal,25.8,128,91,62,65,4,58010.49,No,2,Current
ADM00824,PAT00311,Kavya Mehta,52,Male,O+,Patna,Bihar,Cardiac Disease,2026-04-28,2026-05-05,Urgent,Dr. S. Verma,Green Valley Hospital,ICICI Lombard,768,Metoprolol,Normal,30.1,110,90,69,127,7,85709.88,No,5,Never
ADM00825,PAT01520,Aarav Rao,78,Male,O-,Mumbai,Maharashtra,Diabetes,2024-12-03,2024-12-08,Urgent,Dr. M. Joshi,PrimeCare Hospital,ICICI Lombard,666,Metformin,Borderline,25.5,145,68,63,175,5,51169.34,No,2,Never
ADM00826,PAT01658,Rahul Singh,24,Female,B+,Hyderabad,Telangana,Pneumonia,2026-04-23,2026-04-28,Urgent,Dr. P. Singh,PrimeCare Hospital,Care Health,758,Ceftriaxone,Abnormal,29.7,151,84,84,90,5,40329.25,No,4,Current
ADM00827,PAT01660,Meera Kapoor,40,Female,A-,Mumbai,Maharashtra,Hypertension,2025-07-01,2025-07-03,Urgent,Dr. K. Rao,CityCare Hospital,SBI General,330,Amlodipine,Normal,31.8,150,94,75,77,2,40120.69,No,4,Former
ADM00828,PAT01370,Ishaan Agarwal,47,Male,O-,Bengaluru,Karnataka,Asthma,2025-11-30,2025-12-02,Elective,Dr. N. Sharma,Green Valley Hospital,HDFC ERGO,599,Salbutamol,Normal,22.0,133,85,80,65,2,24663.32,No,3,Never
ADM00829,PAT00372,Arjun Sharma,32,Female,A-,Bengaluru,Karnataka,Migraine,2025-09-19,2025-09-20,Urgent,Dr. R. Kapoor,Green Valley Hospital,ICICI Lombard,417,Naproxen,Abnormal,26.9,127,88,66,125,1,16824.13,Yes,4,Never
ADM00830,PAT00748,Krishna Srivastava,59,Female,O-,Bhopal,Madhya Pradesh,Arthritis,2026-03-29,2026-03-30,Urgent,Dr. T. Gupta,PrimeCare Hospital,Star Health,853,Diclofenac,Normal,26.7,129,75,54,76,1,3500,No,3,Never
ADM00831,PAT00225,Tanya Malhotra,80,Female,A+,Hyderabad,Telangana,Hypertension,2026-06-09,2026-06-15,Emergency,Dr. K. Rao,PrimeCare Hospital,Self Pay,449,Telmisartan,Normal,,136,79,70,81,6,41423.51,No,4,Former
ADM00832,PAT01611,Nisha Sharma,81,Male,O+,Bengaluru,Karnataka,Diabetes,2025-02-21,2025-02-25,Emergency,Dr. P. Singh,CityCare Hospital,HDFC ERGO,521,Metformin,Normal,31.3,146,80,79,135,4,29327.08,No,2,Never
ADM00833,PAT00333,Isha Chauhan,43,Female,B-,Jaipur,Rajasthan,Hypertension,2025-12-11,2025-12-13,Urgent,Dr. A. Mehta,NewHope Hospital,ICICI Lombard,446,Telmisartan,Abnormal,22.4,124,84,98,93,2,29655.32,Yes,4,Never
ADM00834,PAT00062,Aman Kapoor,52,Male,AB+,Bhopal,Madhya Pradesh,Hypertension,2025-04-13,2025-04-15,Urgent,Dr. S. Verma,CityCare Hospital,Niva Bupa,714,Losartan,Normal,24.5,126,74,95,103,2,33742.79,Yes,4,Former
ADM00835,PAT01019,Nisha Sharma,40,Female,A+,Lucknow,Uttar Pradesh,Asthma,2025-01-26,2025-01-28,Elective,Dr. I. Khan,Metro Health Institute,Star Health,446,Salbutamol,Borderline,27.4,114,68,86,65,2,11130.3,No,3,Current
ADM00836,PAT00418,Isha Jain,38,Male,A+,Bhopal,Madhya Pradesh,Hypertension,2024-06-12,2024-06-15,Urgent,Dr. I. Khan,PrimeCare Hospital,Niva Bupa,655,Telmisartan,Abnormal,30.0,164,75,82,107,3,27609.56,No,5,Former
ADM00837,PAT00627,Meera Yadav,48,Female,B-,Delhi,Delhi,Kidney Disease,2026-07-01,2026-07-05,Elective,Dr. V. Jain,CityCare Hospital,Self Pay,365,Erythropoietin,Abnormal,25.0,121,83,73,70,4,44164.45,No,3,Never
ADM00838,PAT00827,Ananya Khan,63,Female,O-,Bhopal,Madhya Pradesh,Cardiac Disease,2025-08-16,2025-08-22,Emergency,Dr. S. Verma,PrimeCare Hospital,HDFC ERGO,573,Aspirin,Normal,32.6,127,89,84,77,6,76620.59,No,4,Never
ADM00839,PAT01281,Nisha Gupta,33,Male,A+,Hyderabad,Telangana,Kidney Disease,2025-12-12,2025-12-17,Urgent,Dr. T. Gupta,Sunrise Medical Center,Star Health,730,Sevelamer,Normal,31.2,135,76,59,113,5,57116.48,No,3,Never
ADM00840,PAT00765,Priya Pandey,42,Female,B-,Bengaluru,Karnataka,Gastroenteritis,2026-08-01,2026-08-04,Urgent,Dr. R. Kapoor,NewHope Hospital,Star Health,450,ORS,Normal,29.0,123,81,67,81,3,43604.7,No,4,Never
ADM00841,PAT01724,Arjun Malhotra,39,Male,AB+,Pune,Maharashtra,Kidney Disease,2025-06-12,2025-06-18,Emergency,Dr. I. Khan,PrimeCare Hospital,Care Health,248,Erythropoietin,Abnormal,25.4,110,89,76,97,6,73602.11,No,5,Current
ADM00842,PAT00544,Kabir Sharma,62,Female,A+,Pune,Maharashtra,Arthritis,2024-05-06,2024-05-11,Emergency,Dr. R. Kapoor,LifeLine Multispeciality,Niva Bupa,635,Diclofenac,Normal,20.5,136,79,74,81,5,31935.37,No,5,Former
ADM00843,PAT01274,Aditya Gupta,34,Female,AB-,Bhopal,Madhya Pradesh,Hypertension,2024-05-01,2024-05-02,Elective,Dr. S. Verma,CityCare Hospital,HDFC ERGO,331,Losartan,Normal,27.1,148,76,54,102,1,13138.07,No,4,Former
ADM00844,PAT00658,Arjun Malhotra,92,Female,A-,Kolkata,West Bengal,COPD,2026-01-19,2026-01-22,Urgent,Dr. M. Joshi,CityCare Hospital,Self Pay,609,Budesonide,Normal,27.4,125,67,84,107,3,59298.36,No,,Never
ADM00845,PAT00059,Tanya Kapoor,28,Female,A-,Bengaluru,Karnataka,COPD,2026-01-13,2026-01-19,Emergency,Dr. N. Sharma,NewHope Hospital,ICICI Lombard,740,Budesonide,Borderline,29.8,138,90,79,92,6,64599.32,No,,Never
ADM00846,PAT01605,Kabir Saxena,16,Male,AB+,Pune,Maharashtra,Migraine,2025-11-21,2025-11-22,Urgent,Dr. N. Sharma,Harmony Medical Centre,Care Health,797,Paracetamol,Normal,19.4,143,75,85,79,1,3500,No,3,Current
ADM00847,PAT00053,Kavya Sharma,81,Male,B+,Delhi,Delhi,Kidney Disease,2025-10-26,2025-11-02,Emergency,Dr. P. Singh,Green Valley Hospital,Niva Bupa,728,Furosemide,Borderline,29.0,124,82,79,81,7,73973.39,No,5,Former
ADM00848,PAT00680,Arjun Saxena,84,Female,AB-,Hyderabad,Telangana,Fracture,2026-03-26,2026-03-30,Elective,Dr. R. Kapoor,NewHope Hospital,HDFC ERGO,774,Paracetamol,Borderline,18.2,133,66,65,107,4,40715.7,Yes,2,Never
ADM00849,PAT00059,Tanya Kapoor,28,Female,A-,Bengaluru,Karnataka,Arthritis,2025-09-22,2025-09-24,Urgent,Dr. K. Rao,NewHope Hospital,HDFC ERGO,439,Ibuprofen,Normal,20.3,136,83,67,79,2,25995.54,No,5,Never
ADM00850,PAT00964,Tanya Yadav,51,Male,AB-,Noida,Uttar Pradesh,Fracture,2025-07-25,2025-07-28,Urgent,Dr. K. Rao,Sunrise Medical Center,Self Pay,357,Calcium,Normal,26.9,120,84,85,118,3,29955.11,No,4,Current
ADM00851,PAT00071,Meera Kapoor,55,Male,AB-,Delhi,Delhi,Anemia,2025-06-07,2025-06-08,Urgent,Dr. P. Singh,LifeLine Multispeciality,Care Health,645,Iron Supplement,Normal,21.5,125,68,79,89,1,7500.6,No,5,Current
ADM00852,PAT01506,Kabir Verma,65,Male,A+,Lucknow,Uttar Pradesh,Fracture,2024-06-08,2024-06-15,Emergency,Dr. V. Jain,NewHope Hospital,Self Pay,662,Paracetamol,Borderline,33.1,128,88,90,92,7,66956.13,No,4,Never
ADM00853,PAT01786,Meera Sharma,62,Female,B+,Patna,Bihar,Cardiac Disease,2024-03-06,2024-03-15,Emergency,Dr. M. Joshi,LifeLine Multispeciality,Care Health,285,Aspirin,Normal,19.2,108,82,67,79,9,102968.44,No,4,Former
ADM00854,PAT00296,Ishaan Sharma,29,Female,AB-,Bhopal,Madhya Pradesh,Migraine,2025-04-14,2025-04-16,Urgent,Dr. I. Khan,NewHope Hospital,Care Health,655,Paracetamol,Borderline,29.6,136,82,82,66,2,26941.77,No,3,Former
ADM00855,PAT00835,Isha Khan,55,Female,O-,Chandigarh,Chandigarh,Kidney Disease,2024-12-04,2024-12-09,Elective,Dr. P. Singh,Harmony Medical Centre,Self Pay,104,Sevelamer,Normal,29.8,127,89,76,106,5,58604.48,No,4,Former
ADM00856,PAT00096,Riya Mishra,72,Female,O-,Hyderabad,Telangana,Diabetes,2024-07-05,2024-07-08,Urgent,Dr. S. Verma,LifeLine Multispeciality,Niva Bupa,349,Insulin,Normal,23.4,171,78,70,159,3,40025.2,Yes,3,Former
ADM00857,PAT01105,Kabir Srivastava,42,Female,O+,Patna,Bihar,COPD,2024-12-23,2024-12-24,Elective,Dr. A. Mehta,Harmony Medical Centre,ICICI Lombard,359,Budesonide,Normal,31.5,139,83,75,89,1,14218.21,No,3,Former
ADM00858,PAT00773,Diya Yadav,71,Female,O+,Hyderabad,Telangana,Hypertension,2024-08-25,2024-08-28,Emergency,Dr. M. Joshi,Sunrise Medical Center,Niva Bupa,751,Telmisartan,Abnormal,26.5,143,80,85,89,3,42755.76,No,4,Never
ADM00859,PAT01562,Tanya Kumar,28,Male,A-,Hyderabad,Telangana,Asthma,2025-04-12,2025-04-16,Emergency,Dr. V. Jain,CityCare Hospital,Self Pay,527,Salbutamol,Normal,22.7,128,82,88,86,4,44995.4,No,4,Never
ADM00860,PAT01226,Meera Mehta,40,Female,AB+,Patna,Bihar,Arthritis,2024-11-01,2024-11-02,Elective,Dr. V. Jain,Metro Health Institute,ICICI Lombard,178,Ibuprofen,Normal,33.3,120,87,79,123,1,13561.15,Yes,3,Never
ADM00861,PAT01480,Aarav Chauhan,69,Male,A-,Patna,Bihar,Anemia,2025-07-07,2025-07-08,Urgent,Dr. V. Jain,LifeLine Multispeciality,ICICI Lombard,137,Folic Acid,Normal,29.9,139,75,86,92,1,3500,No,3,Never
ADM00862,PAT01076,Vivaan Singh,66,Male,O+,Bengaluru,Karnataka,Hypertension,2025-11-16,2025-11-19,Emergency,Dr. T. Gupta,Harmony Medical Centre,Niva Bupa,401,Amlodipine,Normal,32.6,154,79,86,78,3,30546.49,No,2,Current
ADM00863,PAT00348,Isha Malhotra,48,Male,AB-,Chandigarh,Chandigarh,Kidney Disease,2026-02-05,2026-02-08,Elective,Dr. V. Jain,NewHope Hospital,ICICI Lombard,332,Erythropoietin,Borderline,26.4,112,84,72,79,3,28358.55,No,4,Never
ADM00864,PAT00324,Riya Kapoor,25,Female,B+,Bengaluru,Karnataka,Migraine,2026-01-31,2026-02-03,Emergency,Dr. T. Gupta,Metro Health Institute,HDFC ERGO,766,Sumatriptan,Abnormal,25.9,100,76,76,131,3,30438.41,No,2,Never
ADM00865,PAT00206,Isha Jain,68,Male,AB+,Kolkata,West Bengal,Fracture,2025-04-08,2025-04-09,Elective,Dr. N. Sharma,Metro Health Institute,Niva Bupa,559,Paracetamol,Normal,25.8,139,81,81,126,1,14340.39,No,3,Former
ADM00866,PAT00031,Vivaan Gupta,35,Female,A+,Bhopal,Madhya Pradesh,Migraine,2026-03-18,2026-03-19,Elective,Dr. M. Joshi,CityCare Hospital,HDFC ERGO,207,Naproxen,Abnormal,33.6,139,78,65,142,1,3500,No,4,Never
ADM00867,PAT00715,Vivaan Verma,92,Female,AB-,Patna,Bihar,Migraine,2026-05-24,2026-05-26,Urgent,Dr. A. Mehta,LifeLine Multispeciality,Self Pay,386,Paracetamol,Normal,24.6,114,73,85,79,2,15381.16,No,4,Former
ADM00868,PAT00457,Ishaan Mehta,28,Female,B-,Bengaluru,Karnataka,Anemia,2024-09-27,2024-09-29,Elective,Dr. M. Joshi,CityCare Hospital,Star Health,534,Iron Supplement,Normal,20.9,126,73,74,65,2,33139.21,No,5,Current
ADM00869,PAT00189,Priya Malhotra,63,Male,AB-,Jaipur,Rajasthan,Diabetes,2026-08-20,2026-08-22,Urgent,Dr. A. Mehta,Green Valley Hospital,Self Pay,351,Glimepiride,Borderline,35.4,124,73,82,184,2,21970.44,No,4,Never
ADM00870,PAT00860,Kavya Patel,50,Male,B-,Hyderabad,Telangana,Gastroenteritis,2024-04-30,2024-05-03,Emergency,Dr. R. Kapoor,CityCare Hospital,Niva Bupa,118,ORS,Normal,36.9,99,80,68,119,3,24733.64,No,4,Former
ADM00871,PAT00136,Aditya Khan,10,Female,O+,Patna,Bihar,Pneumonia,2025-04-13,2025-04-18,Emergency,Dr. T. Gupta,PrimeCare Hospital,Niva Bupa,696,Ceftriaxone,Normal,34.0,117,88,97,123,5,42119.22,No,4,Current
ADM00872,PAT00231,Nisha Yadav,60,Male,B+,Bhopal,Madhya Pradesh,Anemia,2025-05-21,2025-05-23,Emergency,Dr. R. Kapoor,LifeLine Multispeciality,Niva Bupa,394,Iron Supplement,Normal,29.4,94,69,87,101,2,26008.0,No,3,Never
ADM00873,PAT00975,Diya Sharma,36,Male,A-,Patna,Bihar,Gastroenteritis,2024-12-19,2024-12-24,Emergency,Dr. R. Kapoor,Harmony Medical Centre,Care Health,199,ORS,Abnormal,23.3,145,92,82,89,5,54627.58,No,3,Never
ADM00874,PAT00952,Sneha Pandey,27,Female,A-,Delhi,Delhi,Fracture,2024-07-08,2024-07-15,Urgent,Dr. S. Verma,NewHope Hospital,HDFC ERGO,626,Ibuprofen,Borderline,30.6,117,85,76,111,7,66732.22,No,4,Never
ADM00875,PAT00851,Aditya Malhotra,47,Male,AB+,Patna,Bihar,Gastroenteritis,2026-08-31,2026-09-06,Emergency,Dr. I. Khan,Green Valley Hospital,Self Pay,547,ORS,Normal,,109,93,90,147,6,43482.39,No,2,Never
ADM00876,PAT01754,Ananya Jain,15,Male,O+,Bengaluru,Karnataka,Pneumonia,2026-03-15,2026-03-21,Elective,Dr. A. Mehta,LifeLine Multispeciality,Self Pay,590,Ceftriaxone,Normal,26.3,135,92,96,65,6,50703.43,No,5,Never
ADM00877,PAT01100,Arjun Gupta,15,Female,A-,Hyderabad,Telangana,Anemia,2026-03-30,2026-04-03,Emergency,Dr. P. Singh,LifeLine Multispeciality,Self Pay,828,Folic Acid,Borderline,24.0,131,86,91,99,4,13822.71,No,3,Former
ADM00878,PAT00902,Vivaan Kumar,92,Male,A-,Mumbai,Maharashtra,Migraine,2025-09-07,2025-09-09,Emergency,Dr. N. Sharma,Sunrise Medical Center,Self Pay,825,Sumatriptan,Borderline,19.4,120,62,67,108,2,22018.54,No,4,Former
ADM00879,PAT00276,Aarav Pandey,31,Female,O-,Bhopal,Madhya Pradesh,Gastroenteritis,2024-08-17,2024-08-21,Emergency,Dr. S. Verma,PrimeCare Hospital,Star Health,220,Probiotic,Normal,26.7,137,71,85,123,4,20621.02,No,3,Never
ADM00880,PAT01755,Aarav Mishra,30,Male,B+,Chandigarh,Chandigarh,Diabetes,2026-06-08,2026-06-09,Elective,Dr. T. Gupta,NewHope Hospital,Star Health,408,Glimepiride,Normal,24.3,135,82,65,223,1,14479.53,No,3,Former
ADM00881,PAT01236,Aman Gupta,27,Male,O+,Delhi,Delhi,COPD,2026-07-22,2026-07-26,Elective,Dr. R. Kapoor,Green Valley Hospital,SBI General,263,Tiotropium,Borderline,25.9,114,68,89,91,4,53412.93,No,5,Never
ADM00882,PAT01658,Rahul Singh,24,Female,B+,Hyderabad,Telangana,Fracture,2024-10-05,2024-10-10,Elective,Dr. N. Sharma,PrimeCare Hospital,SBI General,769,Calcium,Normal,24.7,123,81,69,98,5,34308.72,No,4,Current
ADM00883,PAT01305,Isha Verma,37,Female,AB-,Mumbai,Maharashtra,Asthma,2026-04-25,2026-04-26,Emergency,Dr. A. Mehta,PrimeCare Hospital,SBI General,807,Budesonide,Normal,31.1,129,81,90,124,1,6417.75,No,3,Never
ADM00884,PAT00002,Aditya Kumar,49,Male,B-,Lucknow,Uttar Pradesh,Hypertension,2026-02-16,2026-02-19,Elective,Dr. T. Gupta,Harmony Medical Centre,Care Health,352,Telmisartan,Borderline,20.8,151,85,58,120,3,34750.55,No,4,Never
ADM00885,PAT00638,Nisha Srivastava,24,Male,A+,Noida,Uttar Pradesh,Asthma,2024-08-11,2024-08-13,Elective,Dr. P. Singh,Green Valley Hospital,HDFC ERGO,406,Salbutamol,Abnormal,24.3,102,80,77,138,2,24320.11,Yes,3,Current
ADM00886,PAT00976,Diya Mehta,40,Female,B+,Chandigarh,Chandigarh,Hypertension,2025-02-19,2025-02-20,Elective,Dr. I. Khan,NewHope Hospital,HDFC ERGO,638,Losartan,Normal,30.6,133,90,72,65,1,3500,No,4,Current
ADM00887,PAT00962,Ishaan Verma,37,Male,AB+,Pune,Maharashtra,Gastroenteritis,2024-05-24,2024-05-25,Elective,Dr. S. Verma,Metro Health Institute,SBI General,341,Ondansetron,Abnormal,20.4,121,86,68,142,1,17885.58,No,5,Never
ADM00888,PAT00527,Sneha Saxena,55,Male,B+,Bengaluru,Karnataka,Kidney Disease,2026-07-19,2026-07-25,Urgent,Dr. V. Jain,LifeLine Multispeciality,ICICI Lombard,381,Sevelamer,Normal,32.8,138,97,81,84,6,80055.89,No,4,Never
ADM00889,PAT00263,Vivaan Jain,45,Male,O+,Noida,Uttar Pradesh,Cardiac Disease,2026-08-24,2026-08-30,Elective,Dr. S. Verma,PrimeCare Hospital,Niva Bupa,105,Metoprolol,Borderline,23.8,130,95,85,115,6,83628.69,No,4,Current
ADM00890,PAT00662,Kabir Khan,10,Male,O+,Patna,Bihar,Asthma,2024-10-02,2024-10-04,Elective,Dr. A. Mehta,Green Valley Hospital,Self Pay,178,Salbutamol,Normal,27.7,108,84,81,65,2,16483.39,No,2,Current
ADM00891,PAT01345,Aarav Joshi,25,Male,AB-,Bhopal,Madhya Pradesh,Migraine,2026-02-05,2026-02-07,Emergency,Dr. P. Singh,NewHope Hospital,Niva Bupa,374,Sumatriptan,Normal,17.8,114,91,74,161,2,24115.74,No,3,Never
ADM00892,PAT01106,Kavya Joshi,27,Male,O-,Bengaluru,Karnataka,Pneumonia,2026-03-29,2026-04-03,Emergency,Dr. T. Gupta,Metro Health Institute,Star Health,895,Azithromycin,Normal,20.0,108,105,91,79,5,44884.71,No,4,Current
ADM00893,PAT00749,Tanya Kapoor,27,Female,B-,Kolkata,West Bengal,Pneumonia,2025-01-20,2025-01-26,Elective,Dr. K. Rao,CityCare Hospital,Self Pay,433,Ceftriaxone,Abnormal,20.9,125,84,103,125,6,71193.51,No,4,Never
ADM00894,PAT01257,Krishna Singh,92,Male,B+,Jaipur,Rajasthan,Cardiac Disease,2026-03-19,2026-03-25,Emergency,Dr. A. Mehta,Green Valley Hospital,HDFC ERGO,641,Metoprolol,Normal,24.0,135,67,92,116,6,79198.15,No,4,Never
ADM00895,PAT01369,Ananya Kumar,47,Male,AB+,Patna,Bihar,Migraine,2024-07-12,2024-07-16,Urgent,Dr. N. Sharma,PrimeCare Hospital,HDFC ERGO,728,Paracetamol,Borderline,17.3,129,77,75,84,4,18139.41,No,4,Never
ADM00896,PAT01468,Isha Gupta,30,Female,B-,Kolkata,West Bengal,Cardiac Disease,2024-12-03,2024-12-08,Urgent,Dr. R. Kapoor,Harmony Medical Centre,Self Pay,861,Metoprolol,Normal,34.2,149,78,61,103,5,82921.43,No,4,Current
ADM00897,PAT00198,Meera Singh,52,Female,O-,Delhi,Delhi,Diabetes,2025-04-02,2025-04-05,Urgent,Dr. N. Sharma,Harmony Medical Centre,HDFC ERGO,850,Glimepiride,Normal,31.1,106,72,74,148,3,34561.79,No,5,Never
ADM00898,PAT00979,Arjun Yadav,30,Female,AB-,Hyderabad,Telangana,Fracture,2024-04-03,2024-04-06,Urgent,Dr. R. Kapoor,Green Valley Hospital,Star Health,378,Ibuprofen,Borderline,19.4,132,81,91,100,3,37768.76,No,4,Current
ADM00899,PAT01010,Aman Kapoor,38,Male,AB+,Patna,Bihar,Migraine,2024-04-02,2024-04-03,Urgent,Dr. P. Singh,Green Valley Hospital,Niva Bupa,791,Paracetamol,Borderline,17.3,137,92,62,65,1,14627.1,No,5,Never
ADM00900,PAT01534,Arjun Gupta,47,Male,AB+,Delhi,Delhi,Kidney Disease,2026-05-30,2026-06-02,Elective,Dr. R. Kapoor,PrimeCare Hospital,Niva Bupa,234,Sevelamer,Normal,28.8,134,79,84,149,3,32358.85,No,4,Former
ADM00901,PAT01703,Rohan Kumar,49,Male,A-,Bhopal,Madhya Pradesh,COPD,2026-05-05,2026-05-06,Elective,Dr. T. Gupta,Sunrise Medical Center,Star Health,511,Salbutamol,Abnormal,23.7,124,80,100,70,1,14496.24,No,5,Never
ADM00902,PAT01745,Priya Gupta,31,Female,O+,Jaipur,Rajasthan,Migraine,2025-10-27,2025-10-29,Urgent,Dr. V. Jain,PrimeCare Hospital,Self Pay,290,Sumatriptan,Borderline,26.9,112,74,91,109,2,14402.36,No,5,Never
ADM00903,PAT01170,Ananya Verma,50,Female,AB-,Jaipur,Rajasthan,Kidney Disease,2025-11-16,2025-11-20,Elective,Dr. R. Kapoor,Metro Health Institute,Star Health,766,Sevelamer,Normal,26.2,110,58,76,98,4,37981.01,Yes,4,Never
ADM00904,PAT00402,Nisha Khan,33,Female,A+,Hyderabad,Telangana,Gastroenteritis,2025-07-17,2025-07-22,Elective,Dr. P. Singh,Green Valley Hospital,Self Pay,763,Ondansetron,Normal,24.3,111,86,64,81,5,30321.52,No,3,Current
ADM00905,PAT00258,Aarav Rao,26,Female,AB+,Chandigarh,Chandigarh,Kidney Disease,2024-11-10,2024-11-14,Emergency,Dr. A. Mehta,NewHope Hospital,Star Health,352,Erythropoietin,Borderline,30.7,88,75,78,96,4,62888.08,Yes,4,Former
ADM00906,PAT00450,Ananya Srivastava,53,Male,A-,Jaipur,Rajasthan,Gastroenteritis,2025-06-24,2025-06-25,Elective,Dr. I. Khan,Green Valley Hospital,HDFC ERGO,378,Probiotic,Normal,20.2,109,87,79,65,1,20159.94,No,4,Former
ADM00907,PAT01055,Rahul Yadav,58,Male,O-,Hyderabad,Telangana,Asthma,2025-12-09,2025-12-10,Elective,Dr. T. Gupta,PrimeCare Hospital,ICICI Lombard,538,Budesonide,Normal,28.7,101,75,92,91,1,12845.39,No,4,Never
ADM00908,PAT00266,Meera Mishra,47,Female,B-,Kolkata,West Bengal,Cardiac Disease,2024-10-09,2024-10-18,Emergency,Dr. N. Sharma,Metro Health Institute,Star Health,548,Aspirin,Borderline,29.1,131,83,86,97,9,103110.69,No,4,Never
ADM00909,PAT01650,Kabir Jain,36,Female,O-,Noida,Uttar Pradesh,Cardiac Disease,2024-08-19,2024-08-26,Urgent,Dr. A. Mehta,NewHope Hospital,SBI General,365,Aspirin,Normal,26.7,125,66,86,85,7,96919.85,No,4,Never
ADM00910,PAT00293,Vivaan Sharma,91,Male,AB+,Mumbai,Maharashtra,Kidney Disease,2024-03-29,2024-04-03,Emergency,Dr. A. Mehta,CityCare Hospital,SBI General,467,Furosemide,Normal,27.5,124,74,67,114,5,65306.57,No,4,Never
ADM00911,PAT00462,Rahul Yadav,44,Female,A+,Bengaluru,Karnataka,Cardiac Disease,2026-02-24,2026-02-27,Elective,Dr. P. Singh,NewHope Hospital,Star Health,325,Atorvastatin,Normal,31.6,133,89,82,172,3,50750.03,No,5,Never
ADM00912,PAT01351,Diya Yadav,38,Female,O+,Lucknow,Uttar Pradesh,Anemia,2024-12-11,2024-12-14,Emergency,Dr. P. Singh,LifeLine Multispeciality,Self Pay,135,Iron Supplement,Normal,22.7,151,83,73,65,3,25062.1,No,2,Never
ADM00913,PAT00169,Kavya Gupta,67,Male,O-,Bengaluru,Karnataka,Kidney Disease,2024-07-21,2024-07-28,Emergency,Dr. M. Joshi,CityCare Hospital,HDFC ERGO,325,Erythropoietin,Normal,34.8,131,84,61,65,7,68459.76,No,4,Former
ADM00914,PAT01523,Rohan Patel,44,Female,B+,Mumbai,Maharashtra,Diabetes,2026-03-31,2026-04-02,Urgent,Dr. K. Rao,LifeLine Multispeciality,HDFC ERGO,808,Metformin,Normal,21.0,127,66,98,206,2,15944.43,No,4,Never
ADM00915,PAT00195,Krishna Mishra,61,Male,A-,Bhopal,Madhya Pradesh,Hypertension,2025-12-14,2025-12-15,Urgent,Dr. V. Jain,PrimeCare Hospital,Care Health,370,Telmisartan,Normal,25.0,140,86,75,118,1,11951.45,No,3,Never
ADM00916,PAT01469,Kavya Patel,27,Male,A+,Hyderabad,Telangana,Asthma,2025-07-23,2025-07-26,Urgent,Dr. A. Mehta,Green Valley Hospital,HDFC ERGO,709,Montelukast,Borderline,33.9,144,82,74,76,3,40088.95,No,3,Current
ADM00917,PAT00828,Arjun Mehta,37,Male,O-,Hyderabad,Telangana,Arthritis,2026-04-24,2026-04-25,Elective,Dr. A. Mehta,Harmony Medical Centre,Care Health,329,Diclofenac,Normal,15.3,134,65,70,65,1,16458.56,No,4,Never
ADM00918,PAT00579,Ishaan Jain,53,Male,AB+,Mumbai,Maharashtra,Kidney Disease,2024-04-05,2024-04-12,Urgent,Dr. N. Sharma,NewHope Hospital,ICICI Lombard,257,Furosemide,Abnormal,19.5,112,74,78,128,7,71690.04,Yes,5,Never
ADM00919,PAT01260,Rohan Agarwal,57,Female,O-,Patna,Bihar,Arthritis,2026-02-16,2026-02-17,Emergency,Dr. K. Rao,PrimeCare Hospital,SBI General,393,Diclofenac,Normal,,119,82,72,75,1,9799.0,No,3,Never
ADM00920,PAT00216,Priya Joshi,39,Female,B+,Kolkata,West Bengal,Arthritis,2025-11-09,2025-11-10,Urgent,Dr. T. Gupta,Harmony Medical Centre,HDFC ERGO,861,Ibuprofen,Normal,23.3,110,82,78,105,1,15211.94,No,4,Former
ADM00921,PAT00512,Sneha Kumar,37,Male,B-,Delhi,Delhi,Arthritis,2025-11-03,2025-11-05,Elective,Dr. A. Mehta,Sunrise Medical Center,Care Health,135,Naproxen,Normal,22.8,124,74,85,92,2,30593.74,No,4,Former
ADM00922,PAT00464,Arjun Mishra,53,Male,B-,Delhi,Delhi,Hypertension,2025-06-15,2025-06-16,Emergency,Dr. P. Singh,NewHope Hospital,Niva Bupa,729,Losartan,Abnormal,28.9,142,75,83,143,1,19234.12,No,4,Never
ADM00923,PAT00514,Rahul Pandey,66,Male,AB+,Jaipur,Rajasthan,Cardiac Disease,2025-05-10,2025-05-20,Emergency,Dr. V. Jain,Sunrise Medical Center,Star Health,459,Atorvastatin,Abnormal,25.4,133,67,85,100,10,130398.73,No,4,Former
ADM00924,PAT00379,Isha Yadav,2,Female,B+,Jaipur,Rajasthan,Fracture,2025-03-04,2025-03-06,Elective,Dr. K. Rao,Metro Health Institute,Niva Bupa,687,Paracetamol,Borderline,28.2,114,98,82,65,2,36240.67,No,4,Former
ADM00925,PAT01496,Krishna Khan,62,Female,A-,Pune,Maharashtra,Cardiac Disease,2024-12-19,2024-12-26,Urgent,Dr. P. Singh,LifeLine Multispeciality,ICICI Lombard,721,Atorvastatin,Abnormal,24.8,135,90,92,73,7,77328.83,No,4,Never
ADM00926,PAT01351,Diya Yadav,38,Female,O+,Lucknow,Uttar Pradesh,Gastroenteritis,2024-08-07,2024-08-08,Emergency,Dr. N. Sharma,LifeLine Multispeciality,Self Pay,406,ORS,Abnormal,25.7,126,76,78,126,1,3500,No,3,Never
ADM00927,PAT00617,Rohan Verma,56,Male,AB+,Chandigarh,Chandigarh,Arthritis,2025-02-19,2025-02-21,Emergency,Dr. S. Verma,Harmony Medical Centre,Care Health,491,Diclofenac,Normal,24.2,148,90,73,76,2,26694.24,No,3,Never
ADM00928,PAT00674,Ananya Mehta,70,Female,B+,Chandigarh,Chandigarh,Hypertension,2026-04-01,2026-04-06,Emergency,Dr. A. Mehta,Green Valley Hospital,SBI General,797,Losartan,Normal,27.7,146,97,55,120,5,48882.3,No,5,Never
ADM00929,PAT01456,Sneha Patel,62,Female,A+,Pune,Maharashtra,Cardiac Disease,2025-07-18,2025-07-25,Elective,Dr. K. Rao,Metro Health Institute,Self Pay,526,Metoprolol,Normal,18.8,123,66,62,65,7,103859.89,No,4,Never
ADM00930,PAT00947,Aditya Kapoor,26,Male,O+,Patna,Bihar,COPD,2024-01-02,2024-01-07,Elective,Dr. A. Mehta,Sunrise Medical Center,HDFC ERGO,402,Salbutamol,Normal,,116,93,86,92,5,40966.0,No,3,Never
ADM00931,PAT01369,Ananya Kumar,47,Male,AB+,Patna,Bihar,Kidney Disease,2025-07-08,2025-07-15,Emergency,Dr. K. Rao,CityCare Hospital,Self Pay,445,Furosemide,Borderline,28.3,149,85,75,89,7,76256.53,Yes,5,Never
ADM00932,PAT01210,Kabir Mishra,64,Male,B-,Bengaluru,Karnataka,Arthritis,2026-01-27,2026-01-29,Elective,Dr. N. Sharma,Green Valley Hospital,SBI General,870,Naproxen,Borderline,22.8,142,75,65,108,2,24921.32,No,3,Never
ADM00933,PAT01065,Aditya Sharma,68,Female,B-,Bengaluru,Karnataka,Anemia,2026-05-17,2026-05-20,Elective,Dr. K. Rao,Metro Health Institute,Self Pay,144,Vitamin B12,Normal,24.1,98,81,87,112,3,33395.62,No,5,Never
ADM00934,PAT01059,Aditya Mishra,22,Male,O-,Bengaluru,Karnataka,Anemia,2026-04-07,2026-04-09,Elective,Dr. S. Verma,CityCare Hospital,ICICI Lombard,209,Iron Supplement,Normal,32.6,150,74,61,102,2,30039.8,No,4,Former
ADM00935,PAT01183,Rohan Singh,35,Male,AB-,Jaipur,Rajasthan,COPD,2026-08-27,2026-09-03,Elective,Dr. M. Joshi,Sunrise Medical Center,HDFC ERGO,221,Budesonide,Normal,24.7,132,65,83,65,7,97938.72,No,3,Never
ADM00936,PAT00547,Aman Mehta,56,Male,AB-,Lucknow,Uttar Pradesh,Cardiac Disease,2025-10-20,2025-10-28,Emergency,Dr. K. Rao,PrimeCare Hospital,Care Health,864,Metoprolol,Borderline,26.5,144,90,89,69,8,103428.09,No,2,Never
ADM00937,PAT01557,Isha Sharma,81,Female,O-,Delhi,Delhi,Kidney Disease,2026-07-26,2026-08-01,Urgent,Dr. A. Mehta,Harmony Medical Centre,Care Health,685,Erythropoietin,Abnormal,29.5,134,83,74,132,6,60186.19,No,3,Former
ADM00938,PAT00270,Rahul Pandey,54,Female,A-,Kolkata,West Bengal,Gastroenteritis,2024-10-22,2024-10-24,Emergency,Dr. V. Jain,CityCare Hospital,HDFC ERGO,866,Ondansetron,Normal,29.1,134,82,85,103,2,9788.54,No,4,Never
ADM00939,PAT00672,Aarav Sharma,46,Female,B-,Pune,Maharashtra,Hypertension,2025-12-19,2025-12-23,Elective,Dr. T. Gupta,CityCare Hospital,Care Health,858,Losartan,Normal,28.7,154,86,82,69,4,33226.52,No,5,Never
ADM00940,PAT00865,Rahul Khan,66,Female,AB+,Patna,Bihar,Gastroenteritis,2024-02-05,2024-02-06,Elective,Dr. S. Verma,Metro Health Institute,Care Health,381,ORS,Normal,27.1,139,77,66,117,1,16506.57,No,5,Never
ADM00941,PAT00768,Krishna Chauhan,56,Male,B+,Bengaluru,Karnataka,Migraine,2025-09-25,2025-09-26,Emergency,Dr. T. Gupta,Sunrise Medical Center,Self Pay,454,Sumatriptan,Normal,22.6,108,96,89,97,1,7077.45,No,4,Never
ADM00942,PAT01355,Ishaan Srivastava,62,Female,AB-,Hyderabad,Telangana,Hypertension,2026-05-27,2026-05-31,Urgent,Dr. T. Gupta,Metro Health Institute,Care Health,557,Losartan,Abnormal,,127,88,101,148,4,28304.77,No,3,Former
ADM00943,PAT00298,Krishna Rao,80,Male,AB-,Delhi,Delhi,Hypertension,2025-01-31,2025-02-04,Elective,Dr. T. Gupta,NewHope Hospital,Care Health,228,Losartan,Borderline,31.4,146,90,83,128,4,43778.91,No,5,Current
ADM00944,PAT01187,Isha Kumar,14,Male,O+,Pune,Maharashtra,Pneumonia,2025-05-24,2025-05-30,Emergency,Dr. P. Singh,PrimeCare Hospital,Star Health,861,Amoxicillin,Normal,17.3,122,85,102,71,6,56859.18,No,4,Never
ADM00945,PAT01509,Rahul Khan,82,Male,O+,Noida,Uttar Pradesh,Gastroenteritis,2024-11-24,2024-11-27,Emergency,Dr. P. Singh,PrimeCare Hospital,HDFC ERGO,190,ORS,Normal,,116,71,86,79,3,42097.98,No,5,Never
ADM00946,PAT01743,Meera Chauhan,47,Male,O+,Chandigarh,Chandigarh,COPD,2024-10-05,2024-10-09,Emergency,Dr. N. Sharma,LifeLine Multispeciality,Self Pay,863,Tiotropium,Borderline,,110,100,79,84,4,48424.92,No,4,Former
ADM00947,PAT00071,Meera Kapoor,55,Male,AB-,Delhi,Delhi,COPD,2026-04-13,2026-04-18,Emergency,Dr. M. Joshi,NewHope Hospital,Care Health,658,Tiotropium,Normal,32.8,131,73,109,108,5,63781.02,No,3,Current
ADM00948,PAT01532,Diya Rao,29,Male,A+,Chandigarh,Chandigarh,COPD,2024-02-16,2024-02-20,Elective,Dr. A. Mehta,CityCare Hospital,Self Pay,681,Salbutamol,Abnormal,23.7,150,93,88,106,4,24057.15,No,4,Never
ADM00949,PAT01638,Priya Singh,63,Female,AB-,Kolkata,West Bengal,Hypertension,2025-02-22,2025-02-24,Emergency,Dr. N. Sharma,Harmony Medical Centre,HDFC ERGO,820,Losartan,Normal,30.1,150,75,70,104,2,15420.17,No,4,Former
ADM00950,PAT00789,Riya Sharma,69,Female,O-,Hyderabad,Telangana,Arthritis,2024-05-27,2024-05-30,Elective,Dr. V. Jain,Metro Health Institute,Niva Bupa,440,Ibuprofen,Normal,33.1,109,80,74,116,3,33554.69,No,5,Never
ADM00951,PAT01295,Arjun Srivastava,23,Female,O-,Patna,Bihar,COPD,2025-01-09,2025-01-14,Emergency,Dr. V. Jain,NewHope Hospital,HDFC ERGO,824,Budesonide,Borderline,33.3,139,101,103,157,5,44999.03,No,4,Never
ADM00952,PAT00099,Rahul Mishra,34,Female,A-,Mumbai,Maharashtra,Gastroenteritis,2026-01-10,2026-01-12,Urgent,Dr. N. Sharma,Harmony Medical Centre,Star Health,773,Probiotic,Normal,24.5,117,81,69,65,2,17545.8,No,3,Former
ADM00953,PAT01627,Diya Gupta,41,Female,A-,Jaipur,Rajasthan,Hypertension,2024-10-29,2024-10-30,Urgent,Dr. I. Khan,Harmony Medical Centre,Self Pay,461,Telmisartan,Normal,15.2,143,112,80,131,1,26592.5,No,5,Never
ADM00954,PAT00406,Arjun Yadav,44,Female,O-,Lucknow,Uttar Pradesh,Kidney Disease,2026-08-11,2026-08-17,Emergency,Dr. N. Sharma,Harmony Medical Centre,Self Pay,579,Furosemide,Borderline,27.5,135,63,82,105,6,73286.39,No,3,Never
ADM00955,PAT00374,Arjun Jain,53,Male,O+,Hyderabad,Telangana,Diabetes,2024-02-16,2024-02-20,Emergency,Dr. V. Jain,Sunrise Medical Center,Self Pay,588,Glimepiride,Normal,19.2,124,87,67,151,4,38114.9,No,3,Current
ADM00956,PAT00030,Nisha Joshi,53,Female,B-,Jaipur,Rajasthan,Cardiac Disease,2025-12-28,2026-01-07,Emergency,Dr. I. Khan,CityCare Hospital,Self Pay,316,Aspirin,Abnormal,25.6,137,86,67,82,10,122429.97,No,5,Never
ADM00957,PAT00293,Vivaan Sharma,91,Male,AB+,Mumbai,Maharashtra,Hypertension,2024-08-22,2024-08-26,Emergency,Dr. P. Singh,Harmony Medical Centre,Niva Bupa,418,Losartan,Normal,22.9,119,82,69,105,4,33609.01,No,4,Never
ADM00958,PAT01300,Sneha Sharma,2,Female,AB+,Bengaluru,Karnataka,Migraine,2024-09-18,2024-09-19,Elective,Dr. V. Jain,Metro Health Institute,Star Health,286,Paracetamol,Abnormal,25.8,112,85,96,97,1,13564.07,No,4,Never
ADM00959,PAT00070,Kabir Yadav,28,Male,O-,Bengaluru,Karnataka,Anemia,2024-05-03,2024-05-04,Urgent,Dr. I. Khan,Green Valley Hospital,HDFC ERGO,112,Folic Acid,Borderline,20.7,136,71,87,75,1,3500,No,4,Never
ADM00960,PAT01711,Krishna Kapoor,58,Female,O-,Lucknow,Uttar Pradesh,COPD,2025-10-21,2025-10-22,Elective,Dr. P. Singh,LifeLine Multispeciality,Care Health,371,Tiotropium,Borderline,21.3,109,74,96,103,1,13255.14,No,3,Never
ADM00961,PAT01628,Aditya Mishra,45,Male,B-,Kolkata,West Bengal,Arthritis,2026-01-14,2026-01-15,Urgent,Dr. T. Gupta,Green Valley Hospital,Niva Bupa,799,Ibuprofen,Normal,35.1,121,78,68,95,1,21621.12,No,3,Never
ADM00962,PAT00488,Ishaan Jain,61,Male,A-,Jaipur,Rajasthan,Migraine,2024-11-10,2024-11-11,Elective,Dr. V. Jain,PrimeCare Hospital,Niva Bupa,365,Sumatriptan,Normal,23.1,130,88,68,77,1,22221.54,No,4,Never
ADM00963,PAT00332,Sneha Mishra,45,Female,B+,Lucknow,Uttar Pradesh,Diabetes,2025-05-26,2025-05-28,Urgent,Dr. M. Joshi,PrimeCare Hospital,Niva Bupa,470,Glimepiride,Normal,25.9,146,89,57,196,2,14682.89,No,5,Never
ADM00964,PAT00813,Nisha Kapoor,56,Female,AB+,Pune,Maharashtra,Cardiac Disease,2026-05-03,2026-05-10,Emergency,Dr. M. Joshi,Metro Health Institute,HDFC ERGO,723,Metoprolol,Abnormal,23.8,127,92,71,89,7,93111.52,No,3,Former
ADM00965,PAT00661,Nisha Gupta,30,Female,AB+,Lucknow,Uttar Pradesh,Hypertension,2025-05-16,2025-05-18,Elective,Dr. S. Verma,NewHope Hospital,Care Health,877,Amlodipine,Abnormal,24.0,146,88,84,105,2,26763.95,No,4,Never
ADM00966,PAT00024,Nisha Singh,30,Male,B+,Noida,Uttar Pradesh,Migraine,2025-09-10,2025-09-11,Elective,Dr. I. Khan,Sunrise Medical Center,ICICI Lombard,593,Sumatriptan,Normal,25.8,121,58,98,130,1,17556.04,No,2,Never
ADM00967,PAT01172,Vivaan Patel,35,Male,AB-,Lucknow,Uttar Pradesh,Gastroenteritis,2024-01-28,2024-01-29,Elective,Dr. N. Sharma,Harmony Medical Centre,HDFC ERGO,791,ORS,Normal,30.1,112,75,79,124,1,26004.81,Yes,4,Current
ADM00968,PAT00985,Aditya Gupta,38,Female,B+,Kolkata,West Bengal,Hypertension,2026-03-28,2026-03-29,Emergency,Dr. P. Singh,Metro Health Institute,SBI General,601,Losartan,Abnormal,29.7,174,87,90,80,1,3500,No,4,Never
ADM00969,PAT00991,Nisha Sharma,77,Male,B+,Noida,Uttar Pradesh,Hypertension,2024-12-09,2024-12-11,Emergency,Dr. T. Gupta,Harmony Medical Centre,SBI General,136,Telmisartan,Normal,31.8,156,81,62,98,2,27712.75,No,5,Never
ADM00970,PAT01757,Nisha Kumar,70,Female,A+,Delhi,Delhi,Asthma,2024-07-24,2024-07-28,Urgent,Dr. S. Verma,NewHope Hospital,Star Health,492,Salbutamol,Abnormal,23.9,145,79,97,65,4,20778.45,No,3,Never
ADM00971,PAT00705,Aarav Rao,45,Female,B-,Delhi,Delhi,Asthma,2026-05-09,2026-05-10,Urgent,Dr. I. Khan,LifeLine Multispeciality,Self Pay,863,Salbutamol,Normal,26.0,136,62,69,73,1,19902.75,No,3,Never
ADM00972,PAT00385,Krishna Khan,69,Female,A-,Patna,Bihar,Asthma,2026-04-08,2026-04-10,Elective,Dr. A. Mehta,LifeLine Multispeciality,Care Health,866,Montelukast,Borderline,22.1,119,82,84,103,2,17567.49,No,4,Never
ADM00973,PAT01288,Ananya Sharma,37,Male,AB-,Lucknow,Uttar Pradesh,Fracture,2026-06-18,2026-06-22,Urgent,Dr. V. Jain,Green Valley Hospital,HDFC ERGO,647,Calcium,Normal,32.2,125,81,59,113,4,38151.32,No,5,Current
ADM00974,PAT01781,Tanya Saxena,61,Male,O+,Bhopal,Madhya Pradesh,Anemia,2024-07-10,2024-07-12,Urgent,Dr. S. Verma,Sunrise Medical Center,ICICI Lombard,840,Folic Acid,Borderline,23.5,117,84,91,93,2,18315.99,No,3,Former
ADM00975,PAT01674,Vivaan Jain,65,Male,O-,Pune,Maharashtra,Diabetes,2025-12-24,2025-12-27,Elective,Dr. T. Gupta,NewHope Hospital,HDFC ERGO,538,Insulin,Abnormal,28.4,149,89,86,151,3,13364.96,No,4,Never
ADM00976,PAT01183,Rohan Singh,35,Male,AB-,Jaipur,Rajasthan,COPD,2026-03-18,2026-03-24,Elective,Dr. I. Khan,Metro Health Institute,SBI General,826,Budesonide,Abnormal,24.5,123,81,90,144,6,70390.4,No,5,Never
ADM00977,PAT00831,Riya Yadav,35,Female,O-,Jaipur,Rajasthan,Migraine,2024-03-12,2024-03-14,Elective,Dr. M. Joshi,NewHope Hospital,Niva Bupa,581,Sumatriptan,Normal,26.5,133,89,97,110,2,33498.05,No,5,Never
ADM00978,PAT00926,Rohan Srivastava,61,Male,AB-,Kolkata,West Bengal,Arthritis,2026-06-02,2026-06-05,Elective,Dr. K. Rao,Metro Health Institute,ICICI Lombard,291,Diclofenac,Borderline,21.6,128,86,68,141,3,18784.95,No,5,Never
ADM00979,PAT00440,Kabir Malhotra,46,Female,AB-,Lucknow,Uttar Pradesh,Hypertension,2026-05-31,2026-06-01,Elective,Dr. T. Gupta,Sunrise Medical Center,Self Pay,684,Amlodipine,Normal,25.1,145,86,96,121,1,10617.83,No,3,Former
ADM00980,PAT00929,Nisha Malhotra,25,Female,AB+,Noida,Uttar Pradesh,Asthma,2024-09-16,2024-09-17,Urgent,Dr. V. Jain,CityCare Hospital,Niva Bupa,168,Salbutamol,Normal,30.8,114,79,77,65,1,34768.17,No,,Never
ADM00981,PAT01273,Priya Malhotra,53,Male,O+,Mumbai,Maharashtra,Anemia,2025-02-18,2025-02-21,Elective,Dr. S. Verma,Green Valley Hospital,Self Pay,334,Folic Acid,Abnormal,22.2,147,69,76,125,3,37317.66,No,4,Never
ADM00982,PAT00539,Nisha Srivastava,37,Female,B-,Mumbai,Maharashtra,Gastroenteritis,2024-12-25,2024-12-26,Elective,Dr. R. Kapoor,NewHope Hospital,Niva Bupa,619,ORS,Normal,26.9,140,70,77,95,1,12409.07,No,,Former
ADM00983,PAT01118,Aman Jain,54,Male,B+,Pune,Maharashtra,Anemia,2026-04-02,2026-04-05,Elective,Dr. I. Khan,PrimeCare Hospital,Self Pay,702,Iron Supplement,Abnormal,25.5,142,76,77,76,3,14535.03,No,3,Former
ADM00984,PAT00901,Tanya Mehta,66,Male,B-,Noida,Uttar Pradesh,Hypertension,2025-10-02,2025-10-06,Elective,Dr. A. Mehta,Metro Health Institute,Care Health,713,Telmisartan,Normal,27.2,146,90,75,76,4,21229.48,No,5,Never
ADM00985,PAT00242,Isha Chauhan,23,Female,A+,Pune,Maharashtra,Gastroenteritis,2024-08-12,2024-08-16,Urgent,Dr. K. Rao,LifeLine Multispeciality,Self Pay,162,ORS,Abnormal,26.6,149,67,60,146,4,15538.29,Yes,5,Never
ADM00986,PAT01526,Kabir Pandey,53,Male,O+,Mumbai,Maharashtra,Anemia,2026-08-04,2026-08-06,Urgent,Dr. N. Sharma,CityCare Hospital,SBI General,810,Folic Acid,Normal,27.8,141,70,74,106,2,28612.1,No,4,Never
ADM00987,PAT00573,Kabir Agarwal,28,Female,O+,Chandigarh,Chandigarh,Gastroenteritis,2026-07-19,2026-07-24,Emergency,Dr. K. Rao,NewHope Hospital,SBI General,598,Probiotic,Normal,27.7,141,89,55,76,5,56502.35,No,4,Current
ADM00988,PAT01343,Sneha Verma,41,Male,A-,Delhi,Delhi,Kidney Disease,2025-08-23,2025-08-29,Elective,Dr. P. Singh,Metro Health Institute,ICICI Lombard,382,Furosemide,Borderline,15.7,142,93,70,129,6,70863.66,Yes,5,Former
ADM00989,PAT01574,Aman Patel,46,Male,A-,Mumbai,Maharashtra,Fracture,2024-04-10,2024-04-14,Emergency,Dr. V. Jain,Sunrise Medical Center,Niva Bupa,846,Ibuprofen,Normal,25.7,114,89,70,65,4,44262.66,No,2,Current
ADM00990,PAT01054,Nisha Srivastava,85,Male,O-,Pune,Maharashtra,Fracture,2026-05-15,2026-05-18,Urgent,Dr. K. Rao,CityCare Hospital,Niva Bupa,240,Ibuprofen,Normal,32.9,124,81,78,94,3,31443.12,No,3,Never
ADM00991,PAT00691,Kabir Mishra,24,Male,AB+,Mumbai,Maharashtra,Asthma,2024-10-24,2024-10-29,Urgent,Dr. V. Jain,Sunrise Medical Center,Self Pay,620,Montelukast,Abnormal,28.4,157,83,64,126,5,36712.66,No,5,Never
ADM00992,PAT00691,Kabir Mishra,24,Male,AB+,Mumbai,Maharashtra,Asthma,2025-03-25,2025-03-28,Emergency,Dr. M. Joshi,Metro Health Institute,Self Pay,855,Montelukast,Normal,22.0,127,70,73,98,3,15787.42,No,5,Never
ADM00993,PAT00382,Ananya Kumar,66,Male,O-,Pune,Maharashtra,Kidney Disease,2025-09-02,2025-09-08,Emergency,Dr. S. Verma,Sunrise Medical Center,ICICI Lombard,236,Furosemide,Borderline,26.0,107,80,94,65,6,63491.56,No,3,Never
ADM00994,PAT00523,Ishaan Khan,57,Female,A-,Kolkata,West Bengal,Anemia,2026-03-18,2026-03-19,Urgent,Dr. T. Gupta,LifeLine Multispeciality,Star Health,259,Iron Supplement,Normal,30.0,137,85,69,86,1,20225.9,No,4,Never
ADM00995,PAT00699,Kavya Malhotra,53,Male,O+,Jaipur,Rajasthan,Kidney Disease,2025-05-09,2025-05-14,Emergency,Dr. S. Verma,PrimeCare Hospital,ICICI Lombard,347,Erythropoietin,Normal,27.6,138,82,74,106,5,54341.75,No,3,Never
ADM00996,PAT01653,Kabir Yadav,58,Male,AB+,Hyderabad,Telangana,Arthritis,2024-12-10,2024-12-14,Emergency,Dr. T. Gupta,Harmony Medical Centre,Niva Bupa,674,Naproxen,Normal,23.0,120,82,102,150,4,47786.96,No,3,Current
ADM00997,PAT01786,Meera Sharma,62,Female,B+,Patna,Bihar,Asthma,2026-04-02,2026-04-05,Emergency,Dr. I. Khan,NewHope Hospital,Care Health,329,Budesonide,Normal,23.8,105,79,92,103,3,19958.57,No,4,Former
ADM00998,PAT00999,Aarav Chauhan,48,Female,A+,Lucknow,Uttar Pradesh,Gastroenteritis,2024-02-17,2024-02-19,Urgent,Dr. A. Mehta,Sunrise Medical Center,Star Health,481,Probiotic,Abnormal,19.5,155,76,72,76,2,3500,No,4,Never
ADM00999,PAT01582,Aman Mishra,59,Female,B-,Hyderabad,Telangana,Pneumonia,2024-04-05,2024-04-12,Urgent,Dr. M. Joshi,CityCare Hospital,HDFC ERGO,103,Ceftriaxone,Borderline,31.3,132,84,85,104,7,66865.44,No,3,Former
ADM01000,PAT01125,Tanya Joshi,64,Male,A-,Noida,Uttar Pradesh,Cardiac Disease,2025-07-27,2025-08-02,Emergency,Dr. M. Joshi,Harmony Medical Centre,ICICI Lombard,866,Atorvastatin,Abnormal,21.6,171,69,90,109,6,79071.82,No,4,Never
ADM01001,PAT00935,Riya Saxena,18,Female,O-,Kolkata,West Bengal,Anemia,2026-01-26,2026-01-29,Elective,Dr. A. Mehta,LifeLine Multispeciality,Niva Bupa,673,Iron Supplement,Normal,26.0,119,79,73,136,3,20369.11,No,4,Never
ADM01002,PAT01359,Priya Patel,32,Male,B+,Bengaluru,Karnataka,Anemia,2026-02-18,2026-02-19,Elective,Dr. N. Sharma,LifeLine Multispeciality,ICICI Lombard,557,Vitamin B12,Normal,26.1,113,85,80,77,1,26390.98,No,5,Never
ADM01003,PAT00198,Meera Singh,52,Female,O-,Delhi,Delhi,Diabetes,2026-08-30,2026-09-03,Emergency,Dr. S. Verma,CityCare Hospital,Self Pay,742,Insulin,Abnormal,35.7,133,95,70,153,4,45612.8,No,4,Never
ADM01004,PAT01369,Ananya Kumar,47,Male,AB+,Patna,Bihar,Fracture,2026-05-17,2026-05-19,Elective,Dr. N. Sharma,Metro Health Institute,HDFC ERGO,891,Ibuprofen,Normal,23.8,110,90,68,85,2,17166.58,No,3,Never
ADM01005,PAT01754,Ananya Jain,15,Male,O+,Bengaluru,Karnataka,Gastroenteritis,2024-05-19,2024-05-21,Elective,Dr. V. Jain,Harmony Medical Centre,Niva Bupa,409,Probiotic,Normal,31.7,144,94,79,114,2,7944.08,No,4,Never
ADM01006,PAT00702,Krishna Jain,30,Male,A-,Delhi,Delhi,Gastroenteritis,2025-05-22,2025-05-23,Elective,Dr. K. Rao,NewHope Hospital,Niva Bupa,676,Probiotic,Borderline,25.8,125,88,63,79,1,21033.29,No,4,Former
ADM01007,PAT01564,Vivaan Gupta,41,Female,AB+,Bengaluru,Karnataka,Hypertension,2024-12-27,2024-12-28,Emergency,Dr. M. Joshi,CityCare Hospital,ICICI Lombard,210,Losartan,Borderline,33.4,154,96,77,65,1,14366.62,No,4,Never
ADM01008,PAT01064,Vivaan Singh,74,Female,O+,Pune,Maharashtra,COPD,2026-06-22,2026-06-27,Emergency,Dr. R. Kapoor,Sunrise Medical Center,Niva Bupa,641,Salbutamol,Abnormal,29.3,141,81,100,117,5,48298.69,No,4,Never
ADM01009,PAT00539,Nisha Srivastava,37,Female,B-,Mumbai,Maharashtra,Anemia,2024-01-23,2024-01-26,Elective,Dr. I. Khan,NewHope Hospital,Self Pay,521,Vitamin B12,Borderline,21.4,119,75,69,140,3,21783.34,No,5,Former
ADM01010,PAT00130,Riya Malhotra,11,Female,O+,Pune,Maharashtra,COPD,2025-05-16,2025-05-20,Emergency,Dr. M. Joshi,CityCare Hospital,Star Health,255,Tiotropium,Abnormal,19.6,135,82,89,127,4,47989.71,No,4,Never
ADM01011,PAT01602,Kabir Verma,55,Male,A-,Bhopal,Madhya Pradesh,Fracture,2024-09-30,2024-10-03,Emergency,Dr. K. Rao,Harmony Medical Centre,Star Health,216,Calcium,Normal,33.8,113,65,72,141,3,22983.63,No,4,Never
ADM01012,PAT00749,Tanya Kapoor,27,Female,B-,Kolkata,West Bengal,Pneumonia,2025-05-30,2025-06-05,Emergency,Dr. N. Sharma,Sunrise Medical Center,ICICI Lombard,702,Amoxicillin,Normal,,127,79,68,101,6,61218.74,No,3,Never
ADM01013,PAT00874,Isha Patel,18,Female,AB-,Lucknow,Uttar Pradesh,Pneumonia,2024-07-24,2024-07-29,Elective,Dr. T. Gupta,PrimeCare Hospital,ICICI Lombard,145,Azithromycin,Normal,23.8,135,79,87,91,5,53198.45,No,5,Current
ADM01014,PAT01316,Aditya Saxena,56,Female,O+,Bhopal,Madhya Pradesh,Pneumonia,2024-03-29,2024-04-07,Emergency,Dr. T. Gupta,NewHope Hospital,SBI General,248,Amoxicillin,Normal,19.0,126,81,86,79,9,84221.82,No,4,Never
ADM01015,PAT00053,Kavya Sharma,81,Male,B+,Delhi,Delhi,Kidney Disease,2024-01-08,2024-01-15,Emergency,Dr. N. Sharma,Sunrise Medical Center,Care Health,194,Erythropoietin,Normal,23.0,130,62,73,74,7,70067.46,No,4,Former
ADM01016,PAT01113,Priya Malhotra,42,Female,AB+,Delhi,Delhi,Kidney Disease,2025-09-05,2025-09-10,Elective,Dr. I. Khan,PrimeCare Hospital,Self Pay,529,Erythropoietin,Normal,28.6,128,96,85,138,5,60672.58,No,2,Never
ADM01017,PAT00259,Isha Jain,12,Female,O-,Patna,Bihar,Migraine,2025-03-28,2025-03-29,Emergency,Dr. K. Rao,Sunrise Medical Center,Niva Bupa,247,Paracetamol,Normal,24.3,139,69,78,111,1,20271.48,No,5,Never
ADM01018,PAT00194,Ishaan Singh,72,Male,A-,Pune,Maharashtra,Hypertension,2026-03-04,2026-03-07,Emergency,Dr. T. Gupta,Green Valley Hospital,SBI General,107,Losartan,Normal,24.4,143,79,87,102,3,32606.14,No,4,Never
ADM01019,PAT00466,Diya Chauhan,1,Female,A+,Bhopal,Madhya Pradesh,Migraine,2025-12-17,2025-12-18,Elective,Dr. N. Sharma,Sunrise Medical Center,SBI General,111,Paracetamol,Normal,30.7,124,79,87,65,1,25497.85,No,5,Former
ADM01020,PAT00937,Aman Saxena,47,Female,B+,Pune,Maharashtra,Migraine,2024-04-23,2024-04-25,Urgent,Dr. M. Joshi,PrimeCare Hospital,ICICI Lombard,212,Naproxen,Abnormal,22.0,121,68,62,86,2,25473.53,No,3,Never
ADM01021,PAT01700,Aman Kapoor,8,Male,B-,Delhi,Delhi,Pneumonia,2024-02-07,2024-02-12,Urgent,Dr. I. Khan,Sunrise Medical Center,SBI General,722,Ceftriaxone,Abnormal,27.4,134,78,80,69,5,66612.15,No,4,Former
ADM01022,PAT00228,Nisha Verma,66,Male,O+,Bengaluru,Karnataka,Diabetes,2024-03-16,2024-03-18,Elective,Dr. S. Verma,PrimeCare Hospital,Self Pay,858,Insulin,Normal,27.5,138,75,64,168,2,22365.7,No,3,Current
ADM01023,PAT00247,Diya Singh,81,Female,AB+,Pune,Maharashtra,Arthritis,2025-01-12,2025-01-13,Elective,Dr. N. Sharma,NewHope Hospital,Star Health,778,Ibuprofen,Normal,27.2,156,58,78,95,1,15109.95,No,5,Current
ADM01024,PAT01128,Rohan Yadav,67,Female,O-,Mumbai,Maharashtra,Pneumonia,2026-08-12,2026-08-18,Elective,Dr. P. Singh,Harmony Medical Centre,Self Pay,702,Ceftriaxone,Borderline,19.9,135,63,98,110,6,43690.92,Yes,4,Never
ADM01025,PAT01460,Riya Yadav,77,Male,O+,Bengaluru,Karnataka,Hypertension,2025-08-08,2025-08-13,Emergency,Dr. V. Jain,NewHope Hospital,Niva Bupa,603,Losartan,Normal,25.9,145,87,102,65,5,29060.86,Yes,4,Never
ADM01026,PAT00606,Riya Singh,46,Female,AB+,Kolkata,West Bengal,Hypertension,2025-11-18,2025-11-20,Emergency,Dr. M. Joshi,NewHope Hospital,HDFC ERGO,426,Telmisartan,Abnormal,24.5,140,93,83,95,2,14024.49,No,5,Never
ADM01027,PAT00259,Isha Jain,12,Female,O-,Patna,Bihar,Pneumonia,2025-07-30,2025-08-02,Elective,Dr. M. Joshi,LifeLine Multispeciality,SBI General,787,Ceftriaxone,Normal,15.0,128,75,73,133,3,48694.95,No,2,Never
ADM01028,PAT01789,Ishaan Yadav,49,Male,O+,Mumbai,Maharashtra,Asthma,2024-02-19,2024-02-21,Emergency,Dr. M. Joshi,LifeLine Multispeciality,Niva Bupa,389,Budesonide,Normal,25.9,117,81,90,70,2,18255.96,No,3,Never
ADM01029,PAT00712,Ishaan Agarwal,84,Female,A-,Lucknow,Uttar Pradesh,Pneumonia,2026-06-03,2026-06-13,Emergency,Dr. N. Sharma,CityCare Hospital,Self Pay,727,Azithromycin,Normal,24.8,113,61,80,81,10,88290.64,No,3,Never
ADM01030,PAT00629,Arjun Rao,36,Male,O-,Pune,Maharashtra,Hypertension,2026-07-02,2026-07-04,Elective,Dr. R. Kapoor,Green Valley Hospital,SBI General,590,Telmisartan,Borderline,32.4,154,96,63,99,2,3500,No,3,Never
ADM01031,PAT00927,Rohan Mishra,28,Male,AB-,Chandigarh,Chandigarh,Pneumonia,2025-10-18,2025-10-23,Emergency,Dr. V. Jain,NewHope Hospital,HDFC ERGO,617,Azithromycin,Normal,27.3,132,66,78,100,5,49009.56,No,4,Never
ADM01032,PAT00894,Sneha Yadav,92,Male,AB-,Lucknow,Uttar Pradesh,Hypertension,2025-02-16,2025-02-17,Urgent,Dr. T. Gupta,PrimeCare Hospital,Self Pay,109,Amlodipine,Normal,22.1,156,104,83,110,1,30790.64,No,4,Never
ADM01033,PAT01134,Tanya Malhotra,24,Male,A+,Jaipur,Rajasthan,Arthritis,2026-01-08,2026-01-12,Emergency,Dr. P. Singh,Sunrise Medical Center,Self Pay,786,Diclofenac,Borderline,21.2,136,68,87,105,4,21858.22,No,4,Current
ADM01034,PAT00170,Aditya Khan,55,Female,B+,Noida,Uttar Pradesh,Pneumonia,2024-11-22,2024-11-28,Emergency,Dr. A. Mehta,Green Valley Hospital,ICICI Lombard,819,Amoxicillin,Borderline,29.1,133,78,81,71,6,73392.85,No,4,Never
ADM01035,PAT01776,Priya Malhotra,16,Female,B-,Chandigarh,Chandigarh,Migraine,2025-03-03,2025-03-06,Emergency,Dr. I. Khan,LifeLine Multispeciality,HDFC ERGO,694,Paracetamol,Normal,31.6,131,91,69,110,3,29239.61,No,3,Former
ADM01036,PAT01034,Aarav Verma,8,Female,B+,Hyderabad,Telangana,Anemia,2024-04-18,2024-04-23,Emergency,Dr. A. Mehta,Sunrise Medical Center,Self Pay,173,Vitamin B12,Normal,28.5,132,80,59,101,5,25859.91,No,4,Former
ADM01037,PAT00374,Arjun Jain,53,Male,O+,Hyderabad,Telangana,Gastroenteritis,2025-09-21,2025-09-22,Elective,Dr. V. Jain,Sunrise Medical Center,Star Health,433,Probiotic,Normal,30.7,123,76,96,87,1,21974.13,No,3,Current
ADM01038,PAT00815,Aarav Jain,18,Female,A+,Noida,Uttar Pradesh,Migraine,2024-11-02,2024-11-03,Elective,Dr. S. Verma,Harmony Medical Centre,Self Pay,104,Sumatriptan,Normal,27.0,107,65,82,81,1,26722.65,No,4,Former
ADM01039,PAT01680,Arjun Kapoor,37,Male,O+,Kolkata,West Bengal,Diabetes,2024-12-15,2024-12-17,Elective,Dr. S. Verma,Harmony Medical Centre,ICICI Lombard,164,Glimepiride,Abnormal,19.4,111,70,83,182,2,21703.66,No,5,Former
ADM01040,PAT01047,Isha Joshi,65,Female,AB+,Jaipur,Rajasthan,Anemia,2024-09-22,2024-09-23,Elective,Dr. T. Gupta,Green Valley Hospital,ICICI Lombard,177,Folic Acid,Normal,26.1,121,72,80,80,1,3500,No,3,Never
ADM01041,PAT00400,Isha Rao,17,Female,B+,Jaipur,Rajasthan,Gastroenteritis,2026-01-27,2026-01-31,Elective,Dr. K. Rao,LifeLine Multispeciality,Star Health,324,Probiotic,Normal,34.9,135,90,66,99,4,27854.16,No,4,Never
ADM01042,PAT00291,Kabir Malhotra,53,Male,A+,Chandigarh,Chandigarh,Pneumonia,2025-01-03,2025-01-08,Urgent,Dr. R. Kapoor,PrimeCare Hospital,SBI General,662,Azithromycin,Borderline,25.1,89,77,65,66,5,48336.42,No,5,Current
ADM01043,PAT01721,Meera Rao,75,Male,B+,Chandigarh,Chandigarh,Arthritis,2024-06-30,2024-07-02,Elective,Dr. S. Verma,Sunrise Medical Center,HDFC ERGO,870,Ibuprofen,Normal,21.9,132,83,73,91,2,16861.05,No,3,Never
ADM01044,PAT01394,Aarav Pandey,50,Male,A-,Bhopal,Madhya Pradesh,Pneumonia,2025-01-05,2025-01-09,Elective,Dr. M. Joshi,LifeLine Multispeciality,Self Pay,256,Azithromycin,Abnormal,21.5,119,77,101,130,4,39669.9,No,4,Never
ADM01045,PAT00455,Aditya Khan,55,Male,A-,Delhi,Delhi,Fracture,2025-10-24,2025-10-28,Elective,Dr. I. Khan,Sunrise Medical Center,HDFC ERGO,495,Calcium,Normal,29.5,116,72,88,92,4,36536.55,No,5,Never
ADM01046,PAT01590,Aditya Malhotra,51,Male,B-,Mumbai,Maharashtra,Anemia,2025-09-13,2025-09-19,Emergency,Dr. R. Kapoor,Sunrise Medical Center,HDFC ERGO,630,Folic Acid,Borderline,22.8,123,86,74,88,6,50658.95,No,3,Current
ADM01047,PAT00035,Isha Sharma,74,Male,O+,Delhi,Delhi,Fracture,2025-01-02,2025-01-04,Emergency,Dr. S. Verma,Harmony Medical Centre,HDFC ERGO,503,Calcium,Normal,31.2,133,61,78,113,2,25186.75,No,5,Never
ADM01048,PAT00407,Aman Yadav,55,Female,AB+,Delhi,Delhi,Diabetes,2026-03-10,2026-03-16,Urgent,Dr. S. Verma,Metro Health Institute,Care Health,850,Metformin,Borderline,39.8,115,99,100,157,6,59897.22,Yes,5,Never
ADM01049,PAT01503,Arjun Joshi,45,Male,AB+,Hyderabad,Telangana,Anemia,2026-08-14,2026-08-15,Elective,Dr. M. Joshi,Metro Health Institute,Star Health,560,Vitamin B12,Normal,20.6,108,77,87,84,1,6834.0,No,5,Never
ADM01050,PAT01525,Sneha Agarwal,48,Male,B-,Lucknow,Uttar Pradesh,Arthritis,2024-10-26,2024-10-29,Emergency,Dr. N. Sharma,LifeLine Multispeciality,SBI General,241,Diclofenac,Normal,24.5,128,86,96,107,3,29566.37,No,4,Never
ADM01051,PAT00725,Nisha Kumar,49,Male,A-,Noida,Uttar Pradesh,Migraine,2024-12-20,2024-12-22,Emergency,Dr. P. Singh,PrimeCare Hospital,Care Health,325,Paracetamol,Borderline,27.4,127,66,61,90,2,10766.05,No,3,Never
ADM01052,PAT01077,Meera Pandey,35,Female,AB+,Patna,Bihar,Anemia,2025-07-18,2025-07-23,Emergency,Dr. A. Mehta,LifeLine Multispeciality,HDFC ERGO,338,Folic Acid,Normal,35.0,99,70,60,65,5,27332.54,No,3,Never
ADM01053,PAT01231,Kavya Saxena,47,Male,B+,Pune,Maharashtra,Kidney Disease,2024-08-24,2024-08-31,Elective,Dr. M. Joshi,CityCare Hospital,ICICI Lombard,581,Sevelamer,Normal,28.8,120,84,85,65,7,74502.05,No,3,Never
ADM01054,PAT01598,Tanya Patel,30,Male,A+,Kolkata,West Bengal,Hypertension,2025-01-18,2025-01-22,Urgent,Dr. T. Gupta,Metro Health Institute,SBI General,344,Telmisartan,Normal,26.0,170,80,63,83,4,20067.15,No,3,Never
ADM01055,PAT00311,Kavya Mehta,52,Male,O+,Patna,Bihar,Hypertension,2026-07-22,2026-07-23,Elective,Dr. P. Singh,CityCare Hospital,SBI General,728,Amlodipine,Normal,24.9,148,83,76,120,1,14791.08,No,4,Never
ADM01056,PAT01153,Aarav Pandey,76,Female,O-,Patna,Bihar,Asthma,2025-02-27,2025-03-03,Emergency,Dr. T. Gupta,Green Valley Hospital,ICICI Lombard,465,Montelukast,Normal,32.6,148,89,90,92,4,26324.46,No,3,Never
ADM01057,PAT01762,Meera Sharma,38,Female,O-,Patna,Bihar,Fracture,2026-05-23,2026-05-28,Emergency,Dr. M. Joshi,CityCare Hospital,Self Pay,304,Ibuprofen,Normal,26.8,136,82,95,65,5,54062.41,No,4,Former
ADM01058,PAT01087,Nisha Chauhan,26,Male,AB+,Bengaluru,Karnataka,Asthma,2026-04-25,2026-04-27,Emergency,Dr. K. Rao,Metro Health Institute,Self Pay,223,Salbutamol,Borderline,25.1,130,81,89,69,2,11581.62,No,3,Never
ADM01059,PAT01076,Vivaan Singh,66,Male,O+,Bengaluru,Karnataka,Anemia,2024-11-20,2024-11-24,Urgent,Dr. V. Jain,Harmony Medical Centre,HDFC ERGO,347,Iron Supplement,Normal,24.3,130,69,79,89,4,26467.95,No,5,Current
ADM01060,PAT00097,Kabir Patel,43,Female,B-,Mumbai,Maharashtra,Cardiac Disease,2024-12-08,2024-12-14,Elective,Dr. R. Kapoor,CityCare Hospital,Self Pay,233,Aspirin,Normal,19.8,125,96,97,105,6,66732.55,No,4,Never
ADM01061,PAT01639,Krishna Malhotra,28,Male,B-,Chandigarh,Chandigarh,Gastroenteritis,2024-03-18,2024-03-21,Emergency,Dr. R. Kapoor,LifeLine Multispeciality,Niva Bupa,688,Ondansetron,Normal,24.8,129,81,48,90,3,36390.1,No,4,Former
ADM01062,PAT01092,Ananya Pandey,49,Male,O-,Chandigarh,Chandigarh,Hypertension,2024-05-11,2024-05-15,Emergency,Dr. S. Verma,Harmony Medical Centre,Star Health,113,Telmisartan,Normal,24.9,133,79,77,136,4,30742.99,No,4,Never
ADM01063,PAT00743,Arjun Mishra,26,Female,A+,Bengaluru,Karnataka,Migraine,2024-05-04,2024-05-06,Emergency,Dr. K. Rao,Harmony Medical Centre,SBI General,810,Naproxen,Normal,30.2,141,77,76,105,2,3500,No,4,Former
ADM01064,PAT01105,Kabir Srivastava,42,Female,O+,Patna,Bihar,Asthma,2025-05-15,2025-05-16,Elective,Dr. M. Joshi,NewHope Hospital,Self Pay,166,Salbutamol,Borderline,31.4,121,64,70,74,1,26163.29,No,4,Former
ADM01065,PAT00472,Ishaan Joshi,42,Female,O-,Delhi,Delhi,Gastroenteritis,2025-11-03,2025-11-08,Urgent,Dr. K. Rao,Sunrise Medical Center,Care Health,427,Ondansetron,Normal,29.6,122,77,85,94,5,22682.69,No,4,Former
ADM01066,PAT01421,Aarav Patel,37,Male,O+,Delhi,Delhi,COPD,2026-08-09,2026-08-10,Urgent,Dr. S. Verma,CityCare Hospital,HDFC ERGO,749,Tiotropium,Normal,25.3,111,67,89,82,1,26769.64,No,5,Former
ADM01067,PAT01088,Priya Chauhan,25,Female,O-,Hyderabad,Telangana,Pneumonia,2024-11-22,2024-11-25,Urgent,Dr. P. Singh,Green Valley Hospital,Care Health,559,Azithromycin,Normal,25.4,131,77,101,94,3,35976.58,No,5,Never
ADM01068,PAT00342,Kabir Jain,33,Male,A-,Bhopal,Madhya Pradesh,Anemia,2024-09-14,2024-09-18,Urgent,Dr. S. Verma,Metro Health Institute,Star Health,455,Folic Acid,Abnormal,26.7,99,78,79,96,4,46996.79,No,4,Former
ADM01069,PAT00767,Rohan Srivastava,49,Male,AB+,Kolkata,West Bengal,Anemia,2026-01-06,2026-01-07,Urgent,Dr. V. Jain,Metro Health Institute,Care Health,848,Iron Supplement,Borderline,28.6,123,86,78,91,1,15969.12,No,2,Former
ADM01070,PAT00326,Tanya Pandey,73,Female,A+,Patna,Bihar,COPD,2026-02-19,2026-02-25,Elective,Dr. N. Sharma,LifeLine Multispeciality,ICICI Lombard,805,Salbutamol,Normal,22.4,122,81,73,65,6,78578.99,No,4,Current
ADM01071,PAT00206,Isha Jain,68,Male,AB+,Kolkata,West Bengal,Asthma,2025-12-10,2025-12-16,Urgent,Dr. T. Gupta,Metro Health Institute,SBI General,408,Budesonide,Normal,26.9,153,90,116,77,6,39258.95,No,4,Former
ADM01072,PAT01394,Aarav Pandey,50,Male,A-,Bhopal,Madhya Pradesh,Hypertension,2025-07-30,2025-07-31,Elective,Dr. S. Verma,Green Valley Hospital,SBI General,130,Losartan,Normal,24.2,147,91,87,116,1,16015.23,No,3,Never
ADM01073,PAT00340,Arjun Gupta,48,Female,B+,Delhi,Delhi,Pneumonia,2026-05-10,2026-05-15,Emergency,Dr. P. Singh,Sunrise Medical Center,Self Pay,553,Ceftriaxone,Normal,29.2,85,74,97,73,5,52217.65,No,5,Never
ADM01074,PAT01301,Diya Srivastava,77,Male,B-,Pune,Maharashtra,Cardiac Disease,2026-08-13,2026-08-18,Elective,Dr. S. Verma,Green Valley Hospital,Star Health,186,Atorvastatin,Abnormal,24.4,115,86,77,102,5,68680.82,No,4,Never
ADM01075,PAT01300,Sneha Sharma,2,Female,AB+,Bengaluru,Karnataka,Anemia,2026-04-15,2026-04-16,Elective,Dr. N. Sharma,PrimeCare Hospital,Self Pay,800,Folic Acid,Normal,29.8,135,87,58,69,1,12994.14,No,4,Never
ADM01076,PAT01760,Priya Gupta,73,Female,O-,Patna,Bihar,Diabetes,2026-03-24,2026-03-29,Elective,Dr. A. Mehta,Metro Health Institute,Star Health,112,Insulin,Abnormal,25.9,131,84,91,186,5,48976.07,No,4,Former
ADM01077,PAT01267,Isha Chauhan,42,Male,B+,Noida,Uttar Pradesh,Diabetes,2025-02-15,2025-02-18,Emergency,Dr. P. Singh,PrimeCare Hospital,Self Pay,674,Insulin,Borderline,24.8,130,71,81,174,3,28216.24,No,3,Never
ADM01078,PAT00464,Arjun Mishra,53,Male,B-,Delhi,Delhi,Anemia,2026-03-04,2026-03-06,Emergency,Dr. S. Verma,PrimeCare Hospital,ICICI Lombard,550,Folic Acid,Normal,26.9,97,92,70,135,2,9536.97,No,3,Never
ADM01079,PAT01727,Vivaan Agarwal,45,Male,B-,Hyderabad,Telangana,Gastroenteritis,2025-02-15,2025-02-16,Elective,Dr. K. Rao,PrimeCare Hospital,Care Health,457,Probiotic,Normal,24.4,124,77,94,127,1,3500,Yes,3,Former
ADM01080,PAT01539,Riya Saxena,15,Female,B+,Patna,Bihar,Diabetes,2025-11-16,2025-11-20,Emergency,Dr. M. Joshi,Green Valley Hospital,ICICI Lombard,402,Metformin,Normal,20.8,131,76,68,165,4,48316.64,No,3,Never
ADM01081,PAT01467,Aman Joshi,31,Male,B-,Lucknow,Uttar Pradesh,Arthritis,2025-12-21,2025-12-23,Emergency,Dr. A. Mehta,Harmony Medical Centre,Niva Bupa,624,Ibuprofen,Normal,20.7,115,80,89,81,2,20907.36,No,5,Never
ADM01082,PAT00312,Aditya Malhotra,1,Female,B+,Bengaluru,Karnataka,Migraine,2024-05-08,2024-05-11,Urgent,Dr. T. Gupta,CityCare Hospital,Care Health,244,Sumatriptan,Abnormal,24.1,115,86,81,123,3,27199.42,No,5,Former
ADM01083,PAT01108,Kavya Verma,39,Female,O+,Delhi,Delhi,Hypertension,2024-09-17,2024-09-20,Elective,Dr. P. Singh,Metro Health Institute,Self Pay,862,Losartan,Normal,26.2,128,102,73,110,3,22908.5,No,4,Former
ADM01084,PAT01249,Ananya Sharma,74,Female,O-,Noida,Uttar Pradesh,Migraine,2024-05-26,2024-05-27,Urgent,Dr. P. Singh,LifeLine Multispeciality,HDFC ERGO,750,Paracetamol,Borderline,27.3,115,63,87,114,1,18325.19,No,5,Never
ADM01085,PAT00869,Aman Agarwal,40,Male,B-,Bhopal,Madhya Pradesh,Gastroenteritis,2024-09-21,2024-09-27,Elective,Dr. K. Rao,LifeLine Multispeciality,Care Health,867,Ondansetron,Borderline,22.3,109,82,92,143,6,26005.07,No,5,Never
ADM01086,PAT01758,Ananya Patel,33,Female,B+,Noida,Uttar Pradesh,COPD,2026-05-12,2026-05-14,Urgent,Dr. V. Jain,Green Valley Hospital,Star Health,249,Budesonide,Borderline,27.3,138,86,87,108,2,25338.92,No,3,Never
ADM01087,PAT00415,Krishna Gupta,52,Female,O+,Noida,Uttar Pradesh,Migraine,2024-06-14,2024-06-16,Elective,Dr. S. Verma,Harmony Medical Centre,ICICI Lombard,476,Sumatriptan,Normal,37.4,111,88,85,115,2,3500,Yes,4,Never
ADM01088,PAT00571,Sneha Rao,41,Male,B+,Bengaluru,Karnataka,Diabetes,2025-01-21,2025-01-25,Emergency,Dr. K. Rao,PrimeCare Hospital,HDFC ERGO,639,Glimepiride,Abnormal,29.2,129,81,83,168,4,42156.21,No,3,Former
ADM01089,PAT00101,Tanya Jain,42,Female,A-,Kolkata,West Bengal,Asthma,2026-08-11,2026-08-15,Urgent,Dr. N. Sharma,NewHope Hospital,Niva Bupa,322,Montelukast,Normal,22.7,129,74,79,83,4,33139.14,No,5,Former
ADM01090,PAT00821,Tanya Khan,36,Female,O-,Mumbai,Maharashtra,Cardiac Disease,2025-08-15,2025-08-22,Elective,Dr. V. Jain,Harmony Medical Centre,Self Pay,683,Metoprolol,Normal,33.7,124,82,78,98,7,83584.77,No,4,Never
ADM01091,PAT00608,Arjun Yadav,87,Female,A+,Jaipur,Rajasthan,Kidney Disease,2026-08-06,2026-08-12,Elective,Dr. P. Singh,CityCare Hospital,Care Health,682,Erythropoietin,Normal,23.0,117,80,72,112,6,77741.06,No,4,Current
ADM01092,PAT00799,Priya Rao,70,Female,O-,Hyderabad,Telangana,Hypertension,2026-05-11,2026-05-13,Urgent,Dr. N. Sharma,NewHope Hospital,Care Health,483,Telmisartan,Normal,30.8,152,84,93,94,2,39528.51,No,4,Former
ADM01093,PAT01069,Kavya Mehta,44,Female,B+,Noida,Uttar Pradesh,Anemia,2025-12-14,2025-12-17,Elective,Dr. V. Jain,LifeLine Multispeciality,ICICI Lombard,352,Vitamin B12,Normal,26.2,124,79,68,81,3,31931.57,No,5,Never
ADM01094,PAT00863,Rahul Srivastava,25,Male,O+,Hyderabad,Telangana,COPD,2025-08-06,2025-08-10,Elective,Dr. I. Khan,CityCare Hospital,HDFC ERGO,302,Tiotropium,Abnormal,26.5,126,83,78,127,4,47740.03,No,3,Never
ADM01095,PAT00976,Diya Mehta,40,Female,B+,Chandigarh,Chandigarh,Gastroenteritis,2024-02-28,2024-03-02,Urgent,Dr. V. Jain,Harmony Medical Centre,Niva Bupa,458,Probiotic,Normal,17.0,135,75,87,106,3,32384.24,No,5,Current
ADM01096,PAT00959,Diya Chauhan,54,Female,O-,Bhopal,Madhya Pradesh,COPD,2024-11-28,2024-12-01,Elective,Dr. T. Gupta,LifeLine Multispeciality,Care Health,232,Salbutamol,Borderline,30.6,129,79,76,132,3,35416.29,No,4,Never
ADM01097,PAT00660,Nisha Mishra,35,Female,AB-,Chandigarh,Chandigarh,Asthma,2024-12-13,2024-12-18,Urgent,Dr. S. Verma,Harmony Medical Centre,Star Health,599,Budesonide,Normal,32.0,121,93,104,108,5,52902.84,No,3,Current
ADM01098,PAT00279,Kavya Kapoor,29,Female,O-,Jaipur,Rajasthan,Migraine,2026-08-09,2026-08-10,Elective,Dr. V. Jain,Harmony Medical Centre,Niva Bupa,854,Paracetamol,Abnormal,34.7,145,64,93,124,1,26756.04,No,3,Current
ADM01099,PAT01478,Krishna Saxena,57,Male,AB-,Bhopal,Madhya Pradesh,Arthritis,2025-04-02,2025-04-04,Urgent,Dr. I. Khan,NewHope Hospital,Niva Bupa,425,Ibuprofen,Normal,27.6,128,76,62,65,2,17026.7,No,4,Never
ADM01100,PAT00615,Aditya Agarwal,35,Female,B+,Chandigarh,Chandigarh,Kidney Disease,2024-03-15,2024-03-21,Urgent,Dr. M. Joshi,CityCare Hospital,HDFC ERGO,103,Erythropoietin,Abnormal,25.0,133,96,70,105,6,63990.28,No,3,Current
ADM01101,PAT00001,Krishna Gupta,62,Male,A-,Jaipur,Rajasthan,Hypertension,2024-07-24,2024-07-26,Urgent,Dr. P. Singh,Metro Health Institute,Niva Bupa,314,Losartan,Abnormal,26.9,131,89,66,117,2,39933.62,No,4,Never
ADM01102,PAT00154,Aarav Pandey,70,Male,AB-,Hyderabad,Telangana,Kidney Disease,2025-01-07,2025-01-12,Emergency,Dr. K. Rao,Green Valley Hospital,Star Health,413,Furosemide,Normal,29.2,131,83,78,96,5,51593.98,No,3,Current
ADM01103,PAT00515,Meera Agarwal,30,Female,B-,Pune,Maharashtra,Arthritis,2025-01-24,2025-01-28,Elective,Dr. P. Singh,LifeLine Multispeciality,Star Health,352,Naproxen,Normal,26.5,132,62,85,82,4,23837.69,No,4,Never
ADM01104,PAT01451,Vivaan Kumar,59,Female,A+,Jaipur,Rajasthan,Cardiac Disease,2024-07-12,2024-07-20,Emergency,Dr. M. Joshi,CityCare Hospital,ICICI Lombard,126,Atorvastatin,Abnormal,29.7,98,88,75,148,8,85721.73,No,3,Current
ADM01105,PAT01139,Krishna Jain,44,Male,O+,Noida,Uttar Pradesh,Migraine,2024-04-11,2024-04-13,Elective,Dr. P. Singh,Harmony Medical Centre,Niva Bupa,185,Paracetamol,Borderline,18.7,127,89,97,96,2,19015.69,No,4,Former
ADM01106,PAT01369,Ananya Kumar,47,Male,AB+,Patna,Bihar,COPD,2026-05-17,2026-05-22,Urgent,Dr. K. Rao,Harmony Medical Centre,ICICI Lombard,637,Tiotropium,Borderline,,140,74,87,106,5,48069.05,No,5,Never
ADM01107,PAT00639,Priya Joshi,28,Female,B-,Lucknow,Uttar Pradesh,Migraine,2026-01-11,2026-01-12,Elective,Dr. S. Verma,Metro Health Institute,Star Health,265,Sumatriptan,Normal,25.8,134,89,89,75,1,14137.0,No,5,Current
ADM01108,PAT00428,Nisha Mehta,76,Male,AB+,Delhi,Delhi,Diabetes,2026-06-09,2026-06-11,Emergency,Dr. A. Mehta,LifeLine Multispeciality,SBI General,624,Insulin,Abnormal,23.1,150,70,83,185,2,24287.7,Yes,4,Never
ADM01109,PAT01503,Arjun Joshi,45,Male,AB+,Hyderabad,Telangana,Arthritis,2026-08-03,2026-08-05,Urgent,Dr. I. Khan,Sunrise Medical Center,Self Pay,512,Naproxen,Normal,24.1,137,68,98,135,2,16824.25,No,3,Never
ADM01110,PAT01256,Aarav Singh,57,Male,O-,Hyderabad,Telangana,COPD,2025-03-26,2025-03-30,Emergency,Dr. T. Gupta,CityCare Hospital,Niva Bupa,229,Tiotropium,Borderline,21.4,133,67,66,111,4,60490.84,No,3,Never
ADM01111,PAT01217,Aman Singh,23,Male,B+,Patna,Bihar,Migraine,2024-12-16,2024-12-18,Elective,Dr. V. Jain,NewHope Hospital,Self Pay,580,Naproxen,Normal,23.8,114,83,74,111,2,16184.44,No,4,Never
ADM01112,PAT00137,Kabir Jain,50,Female,B-,Noida,Uttar Pradesh,Migraine,2024-05-25,2024-05-27,Elective,Dr. S. Verma,CityCare Hospital,Star Health,591,Sumatriptan,Normal,30.0,121,69,73,74,2,9949.04,No,3,Former
ADM01113,PAT00122,Diya Pandey,68,Male,O-,Kolkata,West Bengal,Diabetes,2025-03-18,2025-03-21,Elective,Dr. R. Kapoor,Sunrise Medical Center,Self Pay,621,Insulin,Abnormal,28.5,144,95,77,176,3,43204.8,No,5,Former
ADM01114,PAT01547,Krishna Singh,51,Female,AB+,Kolkata,West Bengal,Anemia,2024-12-28,2024-12-31,Emergency,Dr. S. Verma,PrimeCare Hospital,Niva Bupa,636,Iron Supplement,Normal,31.5,118,88,66,124,3,19360.4,No,4,Never
ADM01115,PAT00841,Kabir Joshi,58,Female,O+,Lucknow,Uttar Pradesh,Arthritis,2025-04-08,2025-04-14,Emergency,Dr. P. Singh,Green Valley Hospital,Self Pay,656,Naproxen,Normal,23.3,133,90,76,87,6,48443.35,No,4,Former
ADM01116,PAT00288,Kabir Verma,35,Male,A-,Patna,Bihar,Fracture,2026-06-25,2026-06-30,Emergency,Dr. R. Kapoor,Harmony Medical Centre,Star Health,535,Ibuprofen,Normal,20.9,126,90,72,95,5,57995.1,No,3,Never
ADM01117,PAT00295,Arjun Khan,59,Male,B+,Jaipur,Rajasthan,Migraine,2025-03-07,2025-03-08,Urgent,Dr. T. Gupta,NewHope Hospital,Niva Bupa,721,Sumatriptan,Normal,23.1,137,95,72,70,1,21340.08,No,5,Former
ADM01118,PAT00985,Aditya Gupta,38,Female,B+,Kolkata,West Bengal,Diabetes,2024-01-05,2024-01-11,Elective,Dr. A. Mehta,Green Valley Hospital,Niva Bupa,777,Insulin,Normal,37.3,133,70,94,186,6,40801.97,No,2,Never
ADM01119,PAT01685,Aarav Jain,51,Female,AB+,Bhopal,Madhya Pradesh,Asthma,2024-05-11,2024-05-16,Emergency,Dr. N. Sharma,Metro Health Institute,Star Health,501,Budesonide,Normal,32.2,124,82,94,102,5,31910.31,No,5,Never
ADM01120,PAT00329,Tanya Kumar,46,Male,O+,Jaipur,Rajasthan,Cardiac Disease,2025-10-09,2025-10-16,Urgent,Dr. P. Singh,CityCare Hospital,Care Health,422,Atorvastatin,Normal,19.8,140,79,69,95,7,87614.97,No,3,Current
ADM01121,PAT01566,Krishna Sharma,14,Male,B+,Bengaluru,Karnataka,Anemia,2025-06-23,2025-06-25,Urgent,Dr. I. Khan,Green Valley Hospital,SBI General,353,Iron Supplement,Normal,24.4,123,85,83,113,2,16271.89,No,5,Never
ADM01122,PAT01653,Kabir Yadav,58,Male,AB+,Hyderabad,Telangana,Gastroenteritis,2025-08-21,2025-08-22,Emergency,Dr. V. Jain,Metro Health Institute,HDFC ERGO,437,Probiotic,Normal,,116,73,83,112,1,9088.03,No,5,Current
ADM01123,PAT00497,Ananya Agarwal,67,Male,O-,Kolkata,West Bengal,Cardiac Disease,2024-05-12,2024-05-18,Elective,Dr. S. Verma,Sunrise Medical Center,HDFC ERGO,200,Aspirin,Normal,20.5,122,75,68,106,6,74178.85,No,4,Current
ADM01124,PAT00802,Rohan Sharma,40,Female,B-,Kolkata,West Bengal,Cardiac Disease,2024-04-18,2024-04-23,Urgent,Dr. R. Kapoor,Green Valley Hospital,Self Pay,328,Metoprolol,Borderline,31.7,105,72,58,75,5,61454.1,No,4,Former
ADM01125,PAT01611,Nisha Sharma,81,Male,O+,Bengaluru,Karnataka,Diabetes,2024-06-10,2024-06-11,Emergency,Dr. N. Sharma,CityCare Hospital,HDFC ERGO,215,Glimepiride,Borderline,28.9,111,76,87,149,1,29268.03,No,3,Never
ADM01126,PAT00327,Riya Kumar,55,Male,O-,Patna,Bihar,Fracture,2025-03-28,2025-04-01,Emergency,Dr. N. Sharma,CityCare Hospital,Self Pay,824,Calcium,Normal,28.6,124,71,53,110,4,56871.83,No,3,Never
ADM01127,PAT01324,Aarav Mishra,54,Male,AB+,Bengaluru,Karnataka,Anemia,2024-11-29,2024-12-01,Elective,Dr. T. Gupta,Sunrise Medical Center,HDFC ERGO,261,Vitamin B12,Normal,25.0,122,63,81,114,2,22221.87,No,5,Never
ADM01128,PAT00859,Ananya Singh,13,Male,B+,Lucknow,Uttar Pradesh,Fracture,2024-01-08,2024-01-11,Elective,Dr. M. Joshi,PrimeCare Hospital,Care Health,209,Paracetamol,Normal,22.0,143,96,88,91,3,25483.71,Yes,4,Never
ADM01129,PAT00801,Tanya Joshi,40,Female,O+,Jaipur,Rajasthan,Fracture,2024-07-11,2024-07-14,Elective,Dr. M. Joshi,NewHope Hospital,Self Pay,391,Calcium,Normal,24.7,131,80,81,100,3,22077.1,No,5,Never
ADM01130,PAT01212,Meera Saxena,26,Female,A+,Jaipur,Rajasthan,Arthritis,2024-05-03,2024-05-04,Urgent,Dr. T. Gupta,LifeLine Multispeciality,Self Pay,890,Ibuprofen,Normal,26.6,120,89,86,101,1,19724.78,No,3,Never
ADM01131,PAT00397,Riya Yadav,25,Male,AB-,Chandigarh,Chandigarh,Pneumonia,2026-01-22,2026-01-27,Elective,Dr. T. Gupta,PrimeCare Hospital,SBI General,680,Amoxicillin,Normal,28.0,122,85,104,91,5,57336.19,No,3,Current
ADM01132,PAT00510,Nisha Pandey,32,Male,O-,Pune,Maharashtra,Fracture,2026-03-19,2026-03-23,Urgent,Dr. S. Verma,Metro Health Institute,Star Health,678,Paracetamol,Normal,26.5,155,71,84,89,4,44382.03,No,5,Never
ADM01133,PAT01709,Nisha Kumar,77,Female,B+,Chandigarh,Chandigarh,Diabetes,2024-11-29,2024-12-03,Elective,Dr. N. Sharma,Harmony Medical Centre,HDFC ERGO,159,Metformin,Normal,29.3,111,96,63,133,4,43038.58,No,5,Never
ADM01134,PAT00718,Nisha Saxena,27,Female,AB+,Lucknow,Uttar Pradesh,Fracture,2024-02-17,2024-02-20,Elective,Dr. I. Khan,Metro Health Institute,HDFC ERGO,754,Calcium,Normal,24.9,117,80,72,93,3,28986.53,No,4,Never
ADM01135,PAT00145,Aarav Patel,1,Female,AB+,Mumbai,Maharashtra,Hypertension,2025-11-20,2025-11-21,Elective,Dr. V. Jain,NewHope Hospital,Niva Bupa,318,Telmisartan,Normal,16.5,114,82,75,96,1,19453.37,No,3,Never
ADM01136,PAT00464,Arjun Mishra,53,Male,B-,Delhi,Delhi,Anemia,2025-05-25,2025-05-26,Emergency,Dr. A. Mehta,LifeLine Multispeciality,HDFC ERGO,519,Vitamin B12,Normal,29.8,162,83,72,103,1,11700.59,No,4,Never
ADM01137,PAT00566,Priya Mehta,37,Female,A-,Kolkata,West Bengal,Asthma,2026-01-31,2026-02-01,Elective,Dr. P. Singh,Metro Health Institute,ICICI Lombard,853,Salbutamol,Abnormal,31.6,114,78,94,136,1,4997.56,No,4,Never
ADM01138,PAT00288,Kabir Verma,35,Male,A-,Patna,Bihar,Kidney Disease,2026-08-26,2026-08-31,Emergency,Dr. P. Singh,LifeLine Multispeciality,Care Health,541,Erythropoietin,Normal,33.9,111,85,74,65,5,56393.48,No,4,Never
ADM01139,PAT00823,Meera Pandey,23,Female,AB-,Chandigarh,Chandigarh,Migraine,2024-04-12,2024-04-15,Emergency,Dr. V. Jain,NewHope Hospital,Self Pay,731,Sumatriptan,Normal,24.3,124,71,48,78,3,30788.84,No,3,Never
ADM01140,PAT00253,Vivaan Gupta,48,Male,B+,Kolkata,West Bengal,Migraine,2025-09-10,2025-09-12,Elective,Dr. R. Kapoor,Green Valley Hospital,Care Health,380,Sumatriptan,Normal,23.6,138,80,95,81,2,13754.0,No,3,Never
ADM01141,PAT01487,Aarav Khan,50,Male,B+,Jaipur,Rajasthan,Gastroenteritis,2024-08-21,2024-08-23,Elective,Dr. P. Singh,NewHope Hospital,Self Pay,717,ORS,Normal,22.6,136,84,88,102,2,19007.32,Yes,3,Never
ADM01142,PAT01515,Priya Kapoor,29,Male,AB-,Chandigarh,Chandigarh,Anemia,2025-07-18,2025-07-20,Elective,Dr. I. Khan,Sunrise Medical Center,ICICI Lombard,322,Iron Supplement,Borderline,,122,75,80,95,2,17660.93,No,4,Former
ADM01143,PAT01200,Sneha Verma,74,Female,B-,Patna,Bihar,Anemia,2026-04-25,2026-04-26,Emergency,Dr. M. Joshi,Metro Health Institute,Star Health,216,Iron Supplement,Normal,30.6,130,83,79,65,1,17253.18,No,4,Never
ADM01144,PAT01377,Aditya Rao,40,Female,O+,Bengaluru,Karnataka,Fracture,2024-01-19,2024-01-27,Emergency,Dr. R. Kapoor,NewHope Hospital,ICICI Lombard,451,Paracetamol,Normal,19.1,146,88,68,99,8,85463.81,No,3,Never
ADM01145,PAT00311,Kavya Mehta,52,Male,O+,Patna,Bihar,Asthma,2026-05-20,2026-05-22,Elective,Dr. R. Kapoor,NewHope Hospital,Self Pay,160,Montelukast,Normal,29.0,152,79,66,95,2,37028.51,No,5,Never
ADM01146,PAT00422,Vivaan Patel,1,Male,AB+,Lucknow,Uttar Pradesh,Gastroenteritis,2024-05-16,2024-05-17,Urgent,Dr. P. Singh,LifeLine Multispeciality,Care Health,682,Probiotic,Borderline,26.4,125,82,77,105,1,16388.89,Yes,5,Former
ADM01147,PAT00909,Ishaan Patel,73,Female,AB-,Hyderabad,Telangana,Hypertension,2024-06-20,2024-06-24,Elective,Dr. M. Joshi,Harmony Medical Centre,HDFC ERGO,252,Telmisartan,Borderline,30.2,161,90,64,75,4,38490.97,No,5,Never
ADM01148,PAT00292,Ishaan Verma,42,Male,O+,Bengaluru,Karnataka,Hypertension,2024-03-31,2024-04-02,Elective,Dr. R. Kapoor,Harmony Medical Centre,ICICI Lombard,214,Amlodipine,Abnormal,27.9,132,91,74,126,2,25888.68,No,4,Former
ADM01149,PAT01377,Aditya Rao,40,Female,O+,Bengaluru,Karnataka,Cardiac Disease,2025-04-24,2025-05-01,Elective,Dr. A. Mehta,Metro Health Institute,HDFC ERGO,730,Metoprolol,Normal,18.5,120,82,72,89,7,93422.82,No,4,Never
ADM01150,PAT00565,Kabir Sharma,45,Female,AB-,Patna,Bihar,Migraine,2025-12-03,2025-12-06,Emergency,Dr. A. Mehta,NewHope Hospital,ICICI Lombard,428,Sumatriptan,Borderline,15.5,134,97,74,133,3,20766.43,No,4,Never
ADM01151,PAT01558,Aditya Verma,59,Female,AB+,Lucknow,Uttar Pradesh,Gastroenteritis,2024-11-23,2024-11-27,Emergency,Dr. A. Mehta,NewHope Hospital,ICICI Lombard,776,Ondansetron,Borderline,29.1,142,75,79,125,4,29768.78,No,5,Former
ADM01152,PAT00671,Ishaan Saxena,27,Male,A-,Patna,Bihar,Hypertension,2025-06-06,2025-06-09,Emergency,Dr. A. Mehta,Sunrise Medical Center,Self Pay,661,Amlodipine,Normal,29.9,148,87,87,83,3,14940.02,No,4,Former
ADM01153,PAT00023,Kabir Verma,82,Male,B-,Mumbai,Maharashtra,Hypertension,2024-04-02,2024-04-05,Emergency,Dr. T. Gupta,PrimeCare Hospital,Star Health,791,Losartan,Borderline,24.1,149,91,94,69,3,23126.26,Yes,4,Current
ADM01154,PAT01305,Isha Verma,37,Female,AB-,Mumbai,Maharashtra,Anemia,2024-10-06,2024-10-09,Elective,Dr. P. Singh,Sunrise Medical Center,HDFC ERGO,361,Iron Supplement,Borderline,21.7,132,81,88,105,3,5948.85,No,4,Never
ADM01155,PAT00241,Vivaan Srivastava,63,Male,A-,Hyderabad,Telangana,Pneumonia,2024-01-26,2024-01-31,Elective,Dr. K. Rao,Harmony Medical Centre,Niva Bupa,812,Amoxicillin,Normal,29.4,115,60,70,88,5,55224.39,No,4,Never
ADM01156,PAT01067,Tanya Srivastava,43,Female,AB-,Patna,Bihar,Kidney Disease,2026-07-12,2026-07-20,Urgent,Dr. M. Joshi,NewHope Hospital,SBI General,142,Furosemide,Normal,29.8,139,88,77,87,8,94636.56,No,4,Former
ADM01157,PAT00638,Nisha Srivastava,24,Male,A+,Noida,Uttar Pradesh,Anemia,2025-07-22,2025-07-26,Elective,Dr. K. Rao,Metro Health Institute,Niva Bupa,637,Vitamin B12,Normal,26.0,119,85,56,112,4,20143.58,No,4,Current
ADM01158,PAT01074,Kavya Joshi,27,Male,A-,Kolkata,West Bengal,Gastroenteritis,2024-08-29,2024-08-30,Urgent,Dr. N. Sharma,LifeLine Multispeciality,Star Health,728,ORS,Abnormal,30.0,133,88,85,126,1,20150.36,No,4,Never
ADM01159,PAT00211,Priya Malhotra,79,Male,A+,Noida,Uttar Pradesh,Arthritis,2025-03-09,2025-03-12,Urgent,Dr. K. Rao,Metro Health Institute,SBI General,718,Ibuprofen,Normal,31.7,106,77,75,117,3,35042.03,No,5,Former
ADM01160,PAT01581,Sneha Malhotra,63,Female,B-,Delhi,Delhi,Arthritis,2025-11-08,2025-11-09,Urgent,Dr. R. Kapoor,Harmony Medical Centre,ICICI Lombard,352,Diclofenac,Borderline,26.6,144,78,62,156,1,16499.15,Yes,5,Never
ADM01161,PAT01288,Ananya Sharma,37,Male,AB-,Lucknow,Uttar Pradesh,Hypertension,2025-12-08,2025-12-12,Emergency,Dr. N. Sharma,Green Valley Hospital,HDFC ERGO,571,Amlodipine,Normal,24.4,137,93,101,65,4,40500.2,No,5,Current
ADM01162,PAT01226,Meera Mehta,40,Female,AB+,Patna,Bihar,Migraine,2025-01-07,2025-01-08,Emergency,Dr. S. Verma,LifeLine Multispeciality,Self Pay,441,Naproxen,Normal,31.3,125,61,84,92,1,28686.14,No,2,Never
ADM01163,PAT00965,Arjun Malhotra,43,Female,AB-,Pune,Maharashtra,Anemia,2026-02-22,2026-02-26,Emergency,Dr. T. Gupta,LifeLine Multispeciality,SBI General,758,Vitamin B12,Borderline,19.8,115,78,89,65,4,24678.32,No,4,Former
ADM01164,PAT00476,Aditya Mishra,62,Male,AB-,Pune,Maharashtra,Hypertension,2025-01-31,2025-02-02,Emergency,Dr. I. Khan,Sunrise Medical Center,ICICI Lombard,103,Amlodipine,Abnormal,31.7,177,70,83,120,2,22470.87,No,4,Current
ADM01165,PAT01353,Krishna Agarwal,11,Male,B-,Lucknow,Uttar Pradesh,Migraine,2024-09-24,2024-09-25,Elective,Dr. V. Jain,Metro Health Institute,HDFC ERGO,858,Sumatriptan,Abnormal,33.9,140,85,85,76,1,3500,Yes,3,Never
ADM01166,PAT00898,Krishna Kumar,41,Female,B+,Bhopal,Madhya Pradesh,Diabetes,2025-05-30,2025-06-04,Emergency,Dr. R. Kapoor,LifeLine Multispeciality,Care Health,114,Insulin,Borderline,29.2,157,77,78,195,5,35644.4,No,2,Former
ADM01167,PAT00612,Sneha Mehta,37,Male,AB-,Chandigarh,Chandigarh,Cardiac Disease,2025-08-27,2025-08-31,Elective,Dr. V. Jain,NewHope Hospital,Care Health,817,Metoprolol,Normal,30.5,106,92,72,85,4,47197.81,No,4,Current
ADM01168,PAT01684,Sneha Patel,60,Male,B-,Noida,Uttar Pradesh,Hypertension,2025-03-10,2025-03-15,Emergency,Dr. S. Verma,CityCare Hospital,HDFC ERGO,593,Amlodipine,Borderline,29.5,134,93,83,98,5,38556.82,No,,Former
ADM01169,PAT00256,Sneha Srivastava,91,Male,B+,Chandigarh,Chandigarh,Arthritis,2025-07-08,2025-07-09,Elective,Dr. N. Sharma,PrimeCare Hospital,Star Health,574,Naproxen,Abnormal,33.4,154,62,74,89,1,20843.41,No,5,Former
ADM01170,PAT01109,Priya Jain,52,Male,O+,Patna,Bihar,Cardiac Disease,2025-09-24,2025-09-28,Elective,Dr. M. Joshi,Green Valley Hospital,Self Pay,274,Aspirin,Normal,21.8,144,77,77,104,4,57614.2,No,4,Never
ADM01171,PAT01522,Meera Agarwal,43,Female,AB-,Lucknow,Uttar Pradesh,COPD,2026-07-28,2026-07-30,Elective,Dr. T. Gupta,Green Valley Hospital,Self Pay,602,Budesonide,Borderline,29.2,119,86,61,91,2,21877.88,No,5,Never
ADM01172,PAT01250,Sneha Sharma,43,Male,B-,Kolkata,West Bengal,Fracture,2025-08-30,2025-09-03,Urgent,Dr. R. Kapoor,CityCare Hospital,ICICI Lombard,324,Ibuprofen,Normal,30.0,109,80,70,70,4,24906.94,No,4,Never
ADM01173,PAT00931,Arjun Yadav,59,Female,AB+,Noida,Uttar Pradesh,Migraine,2025-07-02,2025-07-03,Elective,Dr. T. Gupta,Harmony Medical Centre,ICICI Lombard,116,Paracetamol,Borderline,26.1,123,97,50,70,1,5345.51,No,5,Never
ADM01174,PAT00315,Rohan Gupta,47,Male,A+,Mumbai,Maharashtra,Cardiac Disease,2024-11-10,2024-11-15,Emergency,Dr. S. Verma,LifeLine Multispeciality,Self Pay,640,Aspirin,Normal,16.8,103,92,75,106,5,67335.62,Yes,4,Former
ADM01175,PAT00145,Aarav Patel,1,Female,AB+,Mumbai,Maharashtra,Anemia,2024-10-11,2024-10-13,Emergency,Dr. I. Khan,PrimeCare Hospital,Star Health,558,Vitamin B12,Normal,29.0,85,79,71,87,2,15173.33,No,4,Never
ADM01176,PAT01545,Arjun Verma,34,Male,O-,Chandigarh,Chandigarh,Cardiac Disease,2026-08-06,2026-08-10,Elective,Dr. N. Sharma,PrimeCare Hospital,Self Pay,863,Metoprolol,Normal,31.8,117,81,83,85,4,60661.03,No,3,Never
ADM01177,PAT01475,Priya Gupta,38,Male,O+,Delhi,Delhi,Migraine,2026-03-23,2026-03-24,Urgent,Dr. T. Gupta,PrimeCare Hospital,Self Pay,315,Paracetamol,Abnormal,22.2,141,85,74,111,1,19837.13,No,5,Former
ADM01178,PAT00700,Isha Patel,24,Male,B-,Bhopal,Madhya Pradesh,Migraine,2026-06-13,2026-06-14,Emergency,Dr. R. Kapoor,Metro Health Institute,HDFC ERGO,525,Paracetamol,Normal,20.3,120,76,84,65,1,12864.53,No,4,Never
ADM01179,PAT01793,Meera Yadav,45,Male,A-,Pune,Maharashtra,COPD,2026-06-29,2026-07-03,Emergency,Dr. S. Verma,Metro Health Institute,SBI General,866,Tiotropium,Abnormal,33.7,122,79,102,96,4,37374.28,No,3,Never
ADM01180,PAT00558,Nisha Rao,50,Male,B+,Kolkata,West Bengal,Hypertension,2025-06-07,2025-06-10,Emergency,Dr. K. Rao,Green Valley Hospital,Care Health,809,Telmisartan,Borderline,26.6,148,84,81,91,3,16135.2,No,3,Never
ADM01181,PAT00084,Kabir Kumar,52,Male,A+,Lucknow,Uttar Pradesh,Hypertension,2025-12-29,2026-01-02,Emergency,Dr. S. Verma,Sunrise Medical Center,Niva Bupa,409,Amlodipine,Abnormal,25.3,171,99,52,147,4,37384.62,No,5,Former
ADM01182,PAT00782,Priya Gupta,51,Female,B+,Noida,Uttar Pradesh,Cardiac Disease,2026-06-04,2026-06-08,Elective,Dr. P. Singh,Harmony Medical Centre,Niva Bupa,841,Atorvastatin,Normal,28.7,119,68,82,92,4,43259.96,Yes,4,Former
ADM01183,PAT01717,Aarav Kumar,38,Male,O-,Bhopal,Madhya Pradesh,Kidney Disease,2026-03-12,2026-03-16,Elective,Dr. I. Khan,PrimeCare Hospital,Self Pay,813,Erythropoietin,Borderline,26.6,106,87,68,103,4,44616.17,No,5,Never
ADM01184,PAT00524,Aman Joshi,57,Male,AB-,Bhopal,Madhya Pradesh,Pneumonia,2026-01-26,2026-02-01,Emergency,Dr. P. Singh,Sunrise Medical Center,HDFC ERGO,796,Ceftriaxone,Borderline,23.6,141,82,88,118,6,66276.8,No,5,Never
ADM01185,PAT00232,Aman Kumar,21,Female,A+,Lucknow,Uttar Pradesh,COPD,2025-11-01,2025-11-05,Emergency,Dr. R. Kapoor,LifeLine Multispeciality,HDFC ERGO,620,Salbutamol,Normal,25.3,129,70,91,112,4,30691.1,No,4,Former
ADM01186,PAT01284,Ananya Khan,63,Female,B-,Pune,Maharashtra,Pneumonia,2026-08-16,2026-08-23,Emergency,Dr. S. Verma,CityCare Hospital,ICICI Lombard,436,Amoxicillin,Borderline,23.1,120,105,85,79,7,79572.64,No,5,Current
ADM01187,PAT00956,Aman Rao,81,Female,O-,Chandigarh,Chandigarh,Anemia,2025-11-13,2025-11-17,Emergency,Dr. V. Jain,Sunrise Medical Center,Care Health,836,Vitamin B12,Normal,26.5,140,58,70,97,4,28144.08,No,4,Never
ADM01188,PAT00873,Ananya Agarwal,50,Female,B+,Patna,Bihar,Migraine,2025-01-01,2025-01-04,Elective,Dr. S. Verma,PrimeCare Hospital,Star Health,699,Sumatriptan,Borderline,24.4,124,67,93,113,3,17854.62,No,4,Former
ADM01189,PAT01199,Nisha Rao,59,Female,O-,Kolkata,West Bengal,Hypertension,2025-01-14,2025-01-19,Emergency,Dr. M. Joshi,PrimeCare Hospital,SBI General,228,Telmisartan,Borderline,34.0,175,87,77,74,5,30424.59,Yes,3,Never
ADM01190,PAT00345,Sneha Rao,52,Male,AB+,Bhopal,Madhya Pradesh,Migraine,2026-08-19,2026-08-25,Emergency,Dr. S. Verma,Sunrise Medical Center,Niva Bupa,829,Sumatriptan,Borderline,28.7,123,74,59,100,6,58830.17,No,3,Never
ADM01191,PAT01795,Tanya Chauhan,29,Male,O+,Noida,Uttar Pradesh,Anemia,2024-10-03,2024-10-04,Urgent,Dr. S. Verma,PrimeCare Hospital,Niva Bupa,282,Folic Acid,Normal,21.2,123,76,91,118,1,25221.14,No,4,Current
ADM01192,PAT01454,Vivaan Singh,55,Female,O+,Delhi,Delhi,Arthritis,2024-07-02,2024-07-04,Emergency,Dr. T. Gupta,Harmony Medical Centre,Niva Bupa,621,Ibuprofen,Normal,18.7,123,74,87,119,2,10917.87,No,4,Never
ADM01193,PAT01417,Aarav Srivastava,21,Male,AB-,Delhi,Delhi,Pneumonia,2024-04-22,2024-04-26,Elective,Dr. T. Gupta,LifeLine Multispeciality,ICICI Lombard,115,Amoxicillin,Abnormal,21.7,113,84,93,78,4,62992.11,No,4,Never
ADM01194,PAT01773,Krishna Pandey,63,Female,A-,Lucknow,Uttar Pradesh,Arthritis,2024-05-02,2024-05-05,Emergency,Dr. I. Khan,Harmony Medical Centre,Star Health,232,Ibuprofen,Abnormal,23.6,137,76,68,85,3,30319.83,No,4,Never
ADM01195,PAT01628,Aditya Mishra,45,Male,B-,Kolkata,West Bengal,Asthma,2025-03-15,2025-03-18,Urgent,Dr. I. Khan,Harmony Medical Centre,SBI General,188,Montelukast,Normal,22.9,126,72,95,66,3,20589.3,No,5,Never
ADM01196,PAT00998,Nisha Chauhan,22,Female,O+,Mumbai,Maharashtra,Migraine,2024-12-21,2024-12-24,Emergency,Dr. A. Mehta,Sunrise Medical Center,Star Health,389,Naproxen,Borderline,31.3,125,86,59,78,3,30813.25,No,5,Never
ADM01197,PAT01554,Diya Joshi,41,Female,O-,Hyderabad,Telangana,Fracture,2026-02-23,2026-03-01,Elective,Dr. K. Rao,Green Valley Hospital,Self Pay,105,Calcium,Normal,,129,84,66,78,6,48279.12,No,4,Never
ADM01198,PAT00597,Kavya Singh,53,Female,B+,Bhopal,Madhya Pradesh,Asthma,2024-01-13,2024-01-15,Emergency,Dr. S. Verma,CityCare Hospital,Self Pay,827,Salbutamol,Normal,28.0,108,82,78,119,2,10663.24,No,4,Never
ADM01199,PAT00461,Nisha Malhotra,80,Male,O-,Pune,Maharashtra,Diabetes,2025-04-25,2025-04-28,Elective,Dr. K. Rao,Harmony Medical Centre,Star Health,671,Glimepiride,Normal,30.4,147,91,83,191,3,48943.49,No,2,Never
ADM01200,PAT01071,Priya Kapoor,28,Male,A-,Hyderabad,Telangana,COPD,2024-01-14,2024-01-21,Elective,Dr. V. Jain,PrimeCare Hospital,HDFC ERGO,766,Budesonide,Normal,23.9,105,76,67,117,7,69277.77,No,3,Never
ADM01201,PAT00212,Isha Srivastava,64,Male,B+,Chandigarh,Chandigarh,Fracture,2024-04-06,2024-04-09,Elective,Dr. I. Khan,LifeLine Multispeciality,Niva Bupa,620,Paracetamol,Normal,23.5,130,69,78,92,3,45274.57,No,4,Never
ADM01202,PAT00182,Priya Kumar,48,Male,O+,Noida,Uttar Pradesh,Anemia,2025-02-28,2025-03-04,Emergency,Dr. P. Singh,NewHope Hospital,ICICI Lombard,454,Vitamin B12,Normal,24.6,115,79,88,159,4,29543.92,No,4,Never
ADM01203,PAT01499,Kavya Khan,22,Male,AB-,Patna,Bihar,Gastroenteritis,2024-04-20,2024-04-22,Elective,Dr. P. Singh,CityCare Hospital,ICICI Lombard,614,Ondansetron,Borderline,23.5,125,88,84,76,2,15899.05,No,3,Never
ADM01204,PAT01236,Aman Gupta,27,Male,O+,Delhi,Delhi,Gastroenteritis,2026-03-19,2026-03-24,Emergency,Dr. V. Jain,Green Valley Hospital,Niva Bupa,274,ORS,Normal,28.7,127,72,73,144,5,32059.5,No,5,Never
ADM01205,PAT01227,Kavya Saxena,36,Male,O+,Chandigarh,Chandigarh,COPD,2024-05-03,2024-05-08,Emergency,Dr. N. Sharma,Metro Health Institute,SBI General,869,Salbutamol,Normal,30.9,115,80,95,110,5,69787.52,No,4,Current
ADM01206,PAT01772,Meera Pandey,54,Female,B-,Pune,Maharashtra,Diabetes,2025-11-02,2025-11-04,Elective,Dr. S. Verma,PrimeCare Hospital,Niva Bupa,520,Insulin,Abnormal,30.5,147,74,99,175,2,29168.05,No,5,Current
ADM01207,PAT00743,Arjun Mishra,26,Female,A+,Bengaluru,Karnataka,Diabetes,2024-08-31,2024-09-05,Elective,Dr. T. Gupta,NewHope Hospital,Niva Bupa,246,Metformin,Abnormal,24.5,107,84,95,172,5,48115.77,No,4,Former
ADM01208,PAT00495,Rohan Srivastava,72,Female,A+,Jaipur,Rajasthan,Arthritis,2026-01-29,2026-01-31,Elective,Dr. R. Kapoor,PrimeCare Hospital,Care Health,520,Ibuprofen,Borderline,21.5,146,75,85,138,2,32505.82,No,4,Never
ADM01209,PAT01781,Tanya Saxena,61,Male,O+,Bhopal,Madhya Pradesh,Cardiac Disease,2024-02-12,2024-02-20,Urgent,Dr. I. Khan,Harmony Medical Centre,ICICI Lombard,589,Atorvastatin,Normal,25.7,136,80,97,68,8,112708.91,No,3,Former
ADM01210,PAT01741,Nisha Khan,48,Female,AB-,Bengaluru,Karnataka,Pneumonia,2026-08-24,2026-08-31,Urgent,Dr. K. Rao,Harmony Medical Centre,Care Health,434,Amoxicillin,Normal,26.5,131,95,53,96,7,63762.96,No,5,Former
ADM01211,PAT01362,Aditya Joshi,58,Female,B-,Hyderabad,Telangana,Migraine,2026-05-16,2026-05-18,Elective,Dr. K. Rao,LifeLine Multispeciality,Self Pay,663,Paracetamol,Normal,30.2,116,81,68,114,2,16520.85,No,4,Never
ADM01212,PAT01013,Priya Kumar,75,Female,AB-,Lucknow,Uttar Pradesh,Arthritis,2024-09-03,2024-09-05,Elective,Dr. T. Gupta,Metro Health Institute,ICICI Lombard,608,Naproxen,Abnormal,24.4,107,98,72,103,2,26732.19,No,3,Never
ADM01213,PAT01714,Rahul Srivastava,60,Male,O+,Delhi,Delhi,Anemia,2025-07-31,2025-08-02,Elective,Dr. A. Mehta,CityCare Hospital,Niva Bupa,632,Vitamin B12,Borderline,27.1,134,80,76,109,2,14365.36,Yes,5,Never
ADM01214,PAT01437,Aditya Srivastava,51,Female,O-,Chandigarh,Chandigarh,Arthritis,2025-03-27,2025-04-01,Emergency,Dr. P. Singh,Sunrise Medical Center,Niva Bupa,426,Naproxen,Borderline,22.2,112,69,73,143,5,41633.0,No,3,Never
ADM01215,PAT00886,Aman Rao,36,Male,O-,Kolkata,West Bengal,Cardiac Disease,2025-06-20,2025-06-26,Urgent,Dr. I. Khan,CityCare Hospital,HDFC ERGO,462,Metoprolol,Borderline,28.0,139,77,89,123,6,68719.36,No,3,Current
ADM01216,PAT00864,Ananya Kapoor,67,Female,A+,Bengaluru,Karnataka,Diabetes,2025-08-14,2025-08-16,Elective,Dr. V. Jain,NewHope Hospital,Care Health,580,Insulin,Normal,33.8,124,96,73,192,2,12145.45,No,3,Never
ADM01217,PAT00117,Nisha Kapoor,18,Female,O-,Delhi,Delhi,Fracture,2025-10-09,2025-10-13,Emergency,Dr. M. Joshi,Green Valley Hospital,Niva Bupa,394,Calcium,Abnormal,27.6,122,68,62,169,4,46953.99,No,4,Current
ADM01218,PAT01307,Aarav Malhotra,36,Female,O+,Delhi,Delhi,Anemia,2024-07-18,2024-07-21,Elective,Dr. T. Gupta,Green Valley Hospital,Niva Bupa,105,Folic Acid,Normal,,130,86,72,69,3,30095.3,No,5,Never
ADM01219,PAT00216,Priya Joshi,39,Female,B+,Kolkata,West Bengal,Diabetes,2024-11-12,2024-11-14,Emergency,Dr. R. Kapoor,Metro Health Institute,Self Pay,781,Glimepiride,Normal,25.2,134,84,80,160,2,14797.08,No,4,Former
ADM01220,PAT01772,Meera Pandey,54,Female,B-,Pune,Maharashtra,Gastroenteritis,2026-02-20,2026-02-23,Urgent,Dr. A. Mehta,Green Valley Hospital,ICICI Lombard,488,Ondansetron,Normal,26.5,143,74,89,95,3,26968.15,No,3,Current
ADM01221,PAT01577,Arjun Rao,53,Male,O-,Noida,Uttar Pradesh,Kidney Disease,2024-04-23,2024-04-26,Urgent,Dr. T. Gupta,NewHope Hospital,Self Pay,815,Erythropoietin,Normal,22.1,126,92,74,85,3,32530.49,No,5,Never
ADM01222,PAT00574,Krishna Srivastava,46,Female,O+,Hyderabad,Telangana,Diabetes,2024-11-12,2024-11-14,Elective,Dr. T. Gupta,CityCare Hospital,SBI General,634,Insulin,Borderline,31.9,128,71,72,104,2,19152.79,No,5,Never
ADM01223,PAT01726,Vivaan Singh,21,Female,B-,Bengaluru,Karnataka,Anemia,2024-04-15,2024-04-18,Elective,Dr. K. Rao,CityCare Hospital,Care Health,869,Vitamin B12,Normal,22.2,98,87,81,68,3,22137.13,No,5,Former
ADM01224,PAT01483,Kavya Patel,54,Female,AB-,Patna,Bihar,Hypertension,2025-07-11,2025-07-14,Elective,Dr. S. Verma,PrimeCare Hospital,ICICI Lombard,805,Amlodipine,Borderline,33.0,174,89,79,123,3,24897.35,No,4,Former
ADM01225,PAT01501,Isha Mishra,22,Male,A+,Chandigarh,Chandigarh,Fracture,2025-08-14,2025-08-19,Elective,Dr. N. Sharma,Harmony Medical Centre,HDFC ERGO,657,Paracetamol,Borderline,29.0,138,78,76,118,5,53028.46,No,4,Never
ADM01226,PAT00565,Kabir Sharma,45,Female,AB-,Patna,Bihar,Anemia,2024-06-19,2024-06-27,Emergency,Dr. T. Gupta,NewHope Hospital,Self Pay,357,Folic Acid,Normal,22.2,125,60,67,103,8,48207.06,No,3,Never
ADM01227,PAT00516,Arjun Sharma,55,Female,AB-,Chandigarh,Chandigarh,Cardiac Disease,2024-07-03,2024-07-14,Elective,Dr. R. Kapoor,Green Valley Hospital,Self Pay,726,Aspirin,Borderline,21.1,126,78,73,77,11,144251.99,No,4,Never
ADM01228,PAT01312,Sneha Gupta,32,Male,B+,Pune,Maharashtra,Asthma,2024-10-14,2024-10-18,Elective,Dr. I. Khan,LifeLine Multispeciality,Self Pay,198,Montelukast,Abnormal,30.2,158,75,84,85,4,35009.17,No,4,Never
ADM01229,PAT01041,Ishaan Chauhan,38,Female,A-,Pune,Maharashtra,Arthritis,2025-01-11,2025-01-13,Emergency,Dr. A. Mehta,Green Valley Hospital,Self Pay,263,Naproxen,Borderline,34.5,117,74,96,67,2,25292.19,Yes,3,Never
ADM01230,PAT00674,Ananya Mehta,70,Female,B+,Chandigarh,Chandigarh,Hypertension,2024-11-30,2024-12-01,Urgent,Dr. N. Sharma,Sunrise Medical Center,HDFC ERGO,899,Telmisartan,Normal,17.7,187,91,61,78,1,22960.75,No,4,Never
ADM01231,PAT00860,Kavya Patel,50,Male,B-,Hyderabad,Telangana,Arthritis,2025-03-03,2025-03-07,Emergency,Dr. P. Singh,CityCare Hospital,Niva Bupa,471,Naproxen,Abnormal,30.9,138,75,73,130,4,32353.89,No,4,Former
ADM01232,PAT01366,Vivaan Patel,57,Male,O+,Noida,Uttar Pradesh,Kidney Disease,2025-09-04,2025-09-11,Emergency,Dr. N. Sharma,Harmony Medical Centre,Self Pay,256,Sevelamer,Normal,19.4,102,92,72,77,7,84864.06,No,4,Never
ADM01233,PAT01713,Diya Jain,33,Female,AB-,Hyderabad,Telangana,Hypertension,2024-07-31,2024-08-03,Emergency,Dr. P. Singh,CityCare Hospital,HDFC ERGO,198,Amlodipine,Normal,21.3,131,83,85,65,3,22925.39,No,3,Never
ADM01234,PAT00515,Meera Agarwal,30,Female,B-,Pune,Maharashtra,COPD,2024-04-10,2024-04-13,Elective,Dr. M. Joshi,Harmony Medical Centre,Star Health,689,Salbutamol,Normal,,120,83,86,84,3,33711.43,No,5,Never
ADM01235,PAT00731,Riya Joshi,5,Male,A-,Kolkata,West Bengal,Diabetes,2025-10-11,2025-10-15,Elective,Dr. T. Gupta,CityCare Hospital,Care Health,553,Insulin,Abnormal,27.3,120,81,75,126,4,38664.06,No,,Former
ADM01236,PAT00171,Ananya Patel,29,Female,AB+,Bhopal,Madhya Pradesh,Fracture,2024-07-23,2024-07-25,Elective,Dr. S. Verma,PrimeCare Hospital,Self Pay,327,Paracetamol,Abnormal,25.3,146,90,63,128,2,31160.63,No,4,Never
ADM01237,PAT00027,Aarav Chauhan,56,Female,B-,Pune,Maharashtra,Diabetes,2024-02-27,2024-03-03,Urgent,Dr. A. Mehta,NewHope Hospital,SBI General,732,Glimepiride,Abnormal,20.1,124,98,80,137,5,37922.83,Yes,5,Never
ADM01238,PAT00208,Riya Patel,68,Male,AB-,Mumbai,Maharashtra,Asthma,2025-11-08,2025-11-09,Emergency,Dr. R. Kapoor,LifeLine Multispeciality,Niva Bupa,879,Budesonide,Normal,15.0,114,68,92,76,1,24816.26,No,4,Former
ADM01239,PAT01461,Aarav Mehta,92,Male,AB-,Chandigarh,Chandigarh,Asthma,2024-03-08,2024-03-12,Elective,Dr. K. Rao,Metro Health Institute,Star Health,701,Montelukast,Abnormal,34.9,145,69,81,137,4,35425.07,No,4,Never
ADM01240,PAT01651,Krishna Verma,42,Female,B-,Delhi,Delhi,Arthritis,2026-05-15,2026-05-17,Emergency,Dr. N. Sharma,LifeLine Multispeciality,SBI General,715,Ibuprofen,Abnormal,27.5,164,80,86,125,2,33698.69,No,5,Never
ADM01241,PAT00995,Riya Jain,42,Female,B+,Delhi,Delhi,Pneumonia,2024-10-29,2024-11-03,Elective,Dr. V. Jain,LifeLine Multispeciality,HDFC ERGO,877,Ceftriaxone,Borderline,29.3,150,76,73,127,5,56228.96,No,5,Never
ADM01242,PAT00498,Tanya Chauhan,59,Male,O+,Bhopal,Madhya Pradesh,Pneumonia,2025-02-06,2025-02-10,Urgent,Dr. R. Kapoor,LifeLine Multispeciality,Niva Bupa,772,Azithromycin,Normal,28.3,119,76,93,72,4,37299.54,No,5,Never
ADM01243,PAT01200,Sneha Verma,74,Female,B-,Patna,Bihar,Gastroenteritis,2024-02-17,2024-02-18,Urgent,Dr. N. Sharma,Green Valley Hospital,Niva Bupa,275,ORS,Normal,25.0,127,82,90,65,1,3696.7,No,4,Never
ADM01244,PAT01014,Aman Joshi,34,Male,O+,Delhi,Delhi,Hypertension,2025-05-09,2025-05-11,Urgent,Dr. T. Gupta,LifeLine Multispeciality,Self Pay,643,Losartan,Borderline,29.3,135,87,81,103,2,35792.44,Yes,5,Never
ADM01245,PAT00454,Sneha Agarwal,51,Male,A-,Chandigarh,Chandigarh,Arthritis,2025-05-13,2025-05-15,Elective,Dr. M. Joshi,LifeLine Multispeciality,Star Health,107,Naproxen,Normal,20.6,131,68,56,130,2,16078.91,Yes,4,Never
ADM01246,PAT01211,Ananya Kumar,43,Female,O+,Noida,Uttar Pradesh,Diabetes,2024-07-16,2024-07-17,Urgent,Dr. K. Rao,Sunrise Medical Center,ICICI Lombard,241,Insulin,Borderline,29.7,119,79,81,157,1,3500,Yes,4,Former
ADM01247,PAT00889,Nisha Pandey,44,Male,A+,Lucknow,Uttar Pradesh,Fracture,2024-12-02,2024-12-04,Elective,Dr. R. Kapoor,NewHope Hospital,ICICI Lombard,368,Ibuprofen,Borderline,26.3,148,94,70,107,2,22526.49,No,4,Never
ADM01248,PAT01364,Priya Pandey,79,Male,B+,Bhopal,Madhya Pradesh,Arthritis,2024-09-06,2024-09-07,Emergency,Dr. N. Sharma,Harmony Medical Centre,Star Health,770,Naproxen,Abnormal,26.6,144,94,85,92,1,14466.9,No,4,Never
ADM01249,PAT00545,Aditya Kapoor,61,Male,A-,Delhi,Delhi,COPD,2025-09-06,2025-09-12,Emergency,Dr. M. Joshi,Green Valley Hospital,Care Health,770,Salbutamol,Normal,17.6,137,74,89,90,6,63192.25,No,5,Former
ADM01250,PAT00213,Kabir Saxena,45,Male,AB+,Pune,Maharashtra,Kidney Disease,2026-02-18,2026-02-22,Emergency,Dr. I. Khan,Harmony Medical Centre,Star Health,133,Sevelamer,Abnormal,22.4,114,75,63,91,4,38785.5,No,5,Former
ADM01251,PAT01600,Diya Mehta,59,Male,B-,Chandigarh,Chandigarh,Pneumonia,2024-09-13,2024-09-20,Elective,Dr. M. Joshi,PrimeCare Hospital,ICICI Lombard,755,Amoxicillin,Abnormal,26.5,140,75,100,75,7,72821.53,Yes,4,Never
ADM01252,PAT01693,Aarav Agarwal,36,Male,B-,Bengaluru,Karnataka,Pneumonia,2026-05-26,2026-06-01,Emergency,Dr. T. Gupta,PrimeCare Hospital,Niva Bupa,286,Azithromycin,Abnormal,23.1,143,88,79,73,6,53123.99,No,2,Former
ADM01253,PAT01452,Rahul Yadav,1,Female,A-,Mumbai,Maharashtra,Migraine,2024-03-12,2024-03-15,Emergency,Dr. V. Jain,Sunrise Medical Center,Niva Bupa,248,Paracetamol,Abnormal,28.2,133,72,61,84,3,5717.29,No,4,Never
ADM01254,PAT01000,Sneha Sharma,31,Female,AB-,Pune,Maharashtra,Diabetes,2025-05-17,2025-05-21,Emergency,Dr. R. Kapoor,PrimeCare Hospital,Care Health,674,Insulin,Normal,20.9,136,71,83,160,4,26992.99,No,3,Never
ADM01255,PAT01149,Sneha Kapoor,83,Female,AB+,Jaipur,Rajasthan,Fracture,2025-12-31,2026-01-05,Emergency,Dr. I. Khan,LifeLine Multispeciality,HDFC ERGO,828,Paracetamol,Abnormal,32.9,127,89,73,104,5,44620.25,Yes,5,Never
ADM01256,PAT01243,Rohan Malhotra,35,Female,O+,Chandigarh,Chandigarh,Migraine,2024-01-03,2024-01-07,Elective,Dr. M. Joshi,NewHope Hospital,Star Health,521,Paracetamol,Normal,26.0,123,95,75,103,4,31098.38,No,5,Current
ADM01257,PAT01716,Diya Joshi,33,Female,B-,Hyderabad,Telangana,COPD,2026-01-20,2026-01-23,Emergency,Dr. K. Rao,Sunrise Medical Center,SBI General,758,Budesonide,Abnormal,23.2,114,93,100,142,3,35978.16,No,3,Never
ADM01258,PAT01159,Diya Verma,51,Female,AB+,Hyderabad,Telangana,Kidney Disease,2026-04-11,2026-04-14,Elective,Dr. P. Singh,NewHope Hospital,Self Pay,162,Sevelamer,Abnormal,29.2,159,60,53,117,3,22142.47,No,4,Never
ADM01259,PAT00770,Rahul Srivastava,80,Female,B-,Hyderabad,Telangana,Diabetes,2026-02-01,2026-02-04,Elective,Dr. S. Verma,Green Valley Hospital,SBI General,364,Metformin,Normal,23.2,129,77,59,186,3,20289.31,No,4,Never
ADM01260,PAT01243,Rohan Malhotra,35,Female,O+,Chandigarh,Chandigarh,Asthma,2026-03-23,2026-03-27,Emergency,Dr. M. Joshi,NewHope Hospital,Star Health,541,Salbutamol,Borderline,27.2,128,83,77,65,4,30036.09,Yes,4,Current
ADM01261,PAT01063,Sneha Srivastava,33,Female,B-,Bhopal,Madhya Pradesh,COPD,2024-01-10,2024-01-12,Elective,Dr. T. Gupta,NewHope Hospital,ICICI Lombard,272,Salbutamol,Normal,30.2,111,114,72,106,2,25667.64,No,4,Current
ADM01262,PAT01783,Nisha Kumar,35,Female,B+,Hyderabad,Telangana,Hypertension,2024-12-22,2024-12-24,Emergency,Dr. S. Verma,Harmony Medical Centre,Self Pay,625,Amlodipine,Normal,36.2,112,105,78,106,2,3500,No,3,Former
ADM01263,PAT01368,Rahul Mehta,66,Female,O+,Pune,Maharashtra,COPD,2024-07-28,2024-08-02,Emergency,Dr. M. Joshi,Green Valley Hospital,Star Health,239,Tiotropium,Normal,26.2,126,75,81,65,5,70635.37,Yes,4,Never
ADM01264,PAT00784,Ananya Yadav,57,Male,A-,Mumbai,Maharashtra,Anemia,2026-04-13,2026-04-16,Emergency,Dr. T. Gupta,LifeLine Multispeciality,HDFC ERGO,330,Vitamin B12,Normal,21.4,94,89,77,100,3,27807.37,No,5,Never
ADM01265,PAT00087,Isha Patel,8,Male,B-,Chandigarh,Chandigarh,Asthma,2026-02-02,2026-02-03,Elective,Dr. M. Joshi,Harmony Medical Centre,HDFC ERGO,441,Budesonide,Abnormal,26.5,122,79,82,95,1,26269.7,No,4,Never
ADM01266,PAT01233,Rahul Gupta,58,Female,B+,Lucknow,Uttar Pradesh,Asthma,2024-11-18,2024-11-21,Urgent,Dr. S. Verma,LifeLine Multispeciality,Star Health,891,Salbutamol,Borderline,29.2,141,79,77,119,3,13661.06,No,5,Never
ADM01267,PAT00221,Ananya Srivastava,49,Female,B+,Noida,Uttar Pradesh,Arthritis,2025-08-23,2025-08-24,Elective,Dr. T. Gupta,Metro Health Institute,ICICI Lombard,455,Ibuprofen,Normal,21.4,121,68,63,65,1,11749.89,No,5,Never
ADM01268,PAT01210,Kabir Mishra,64,Male,B-,Bengaluru,Karnataka,Asthma,2026-02-18,2026-02-23,Urgent,Dr. P. Singh,LifeLine Multispeciality,SBI General,358,Budesonide,Normal,23.0,96,87,98,112,5,30719.06,No,4,Never
ADM01269,PAT01717,Aarav Kumar,38,Male,O-,Bhopal,Madhya Pradesh,Gastroenteritis,2025-11-16,2025-11-23,Urgent,Dr. T. Gupta,PrimeCare Hospital,HDFC ERGO,245,ORS,Normal,31.7,119,82,80,115,7,46154.91,Yes,3,Never
ADM01270,PAT01626,Rahul Agarwal,67,Male,A+,Lucknow,Uttar Pradesh,Gastroenteritis,2026-07-13,2026-07-16,Elective,Dr. S. Verma,CityCare Hospital,SBI General,669,Probiotic,Normal,22.3,128,69,78,97,3,22890.91,No,5,Former
ADM01271,PAT01317,Arjun Rao,40,Female,B-,Noida,Uttar Pradesh,Anemia,2025-04-03,2025-04-06,Emergency,Dr. I. Khan,Green Valley Hospital,Star Health,115,Vitamin B12,Normal,15.0,104,74,89,68,3,26073.88,No,3,Never
ADM01272,PAT00202,Tanya Rao,32,Male,B+,Pune,Maharashtra,Hypertension,2025-07-08,2025-07-12,Emergency,Dr. A. Mehta,Sunrise Medical Center,Care Health,150,Losartan,Normal,19.9,171,91,89,82,4,25595.63,No,3,Current
ADM01273,PAT01179,Meera Yadav,33,Female,B-,Chandigarh,Chandigarh,Cardiac Disease,2025-12-28,2026-01-04,Elective,Dr. T. Gupta,LifeLine Multispeciality,ICICI Lombard,241,Metoprolol,Abnormal,37.2,100,78,59,115,7,77852.66,No,3,Never
ADM01274,PAT00195,Krishna Mishra,61,Male,A-,Bhopal,Madhya Pradesh,Hypertension,2026-06-20,2026-06-22,Elective,Dr. N. Sharma,CityCare Hospital,Niva Bupa,374,Telmisartan,Abnormal,30.5,132,93,77,126,2,28812.68,No,5,Never
ADM01275,PAT00241,Vivaan Srivastava,63,Male,A-,Hyderabad,Telangana,Arthritis,2026-05-09,2026-05-11,Urgent,Dr. K. Rao,Harmony Medical Centre,Self Pay,463,Diclofenac,Normal,35.7,126,67,84,78,2,25303.18,No,4,Never
ADM01276,PAT01565,Rahul Pandey,62,Male,O-,Kolkata,West Bengal,Cardiac Disease,2026-02-16,2026-02-21,Elective,Dr. T. Gupta,LifeLine Multispeciality,Care Health,508,Atorvastatin,Normal,27.9,147,63,72,85,5,63278.18,Yes,5,Current
ADM01277,PAT00489,Rahul Singh,40,Male,O+,Hyderabad,Telangana,Arthritis,2025-01-29,2025-02-03,Emergency,Dr. V. Jain,NewHope Hospital,ICICI Lombard,197,Ibuprofen,Normal,31.6,153,72,86,144,5,43562.16,No,2,Never
ADM01278,PAT00739,Krishna Agarwal,64,Male,AB-,Delhi,Delhi,Pneumonia,2025-11-16,2025-11-22,Elective,Dr. S. Verma,CityCare Hospital,Niva Bupa,478,Amoxicillin,Normal,22.5,142,66,76,99,6,53152.98,No,5,Current
ADM01279,PAT01189,Sneha Mehta,59,Male,A+,Patna,Bihar,Anemia,2024-10-12,2024-10-15,Elective,Dr. K. Rao,Harmony Medical Centre,Self Pay,570,Folic Acid,Normal,20.0,111,81,54,76,3,30460.19,No,4,Current
ADM01280,PAT01378,Tanya Agarwal,40,Male,B+,Delhi,Delhi,COPD,2024-09-02,2024-09-06,Emergency,Dr. M. Joshi,CityCare Hospital,HDFC ERGO,238,Budesonide,Normal,27.5,132,70,87,116,4,33254.82,No,3,Never
ADM01281,PAT01453,Meera Joshi,33,Female,B-,Bhopal,Madhya Pradesh,Hypertension,2025-04-10,2025-04-11,Emergency,Dr. K. Rao,Green Valley Hospital,HDFC ERGO,758,Losartan,Abnormal,25.9,151,90,71,144,1,29719.49,No,4,Former
ADM01282,PAT01237,Ishaan Kumar,42,Male,A+,Pune,Maharashtra,COPD,2024-03-15,2024-03-21,Emergency,Dr. T. Gupta,NewHope Hospital,Self Pay,364,Salbutamol,Abnormal,26.4,149,75,95,118,6,71450.63,No,3,Current
ADM01283,PAT00864,Ananya Kapoor,67,Female,A+,Bengaluru,Karnataka,Migraine,2026-02-08,2026-02-12,Urgent,Dr. V. Jain,NewHope Hospital,Niva Bupa,588,Paracetamol,Abnormal,29.2,154,88,74,127,4,23033.94,No,4,Never
ADM01284,PAT01670,Arjun Mehta,57,Female,O+,Patna,Bihar,Arthritis,2024-07-11,2024-07-15,Urgent,Dr. N. Sharma,NewHope Hospital,Niva Bupa,471,Diclofenac,Normal,20.1,127,84,79,114,4,31399.07,No,4,Former
ADM01285,PAT00807,Aman Chauhan,52,Female,AB-,Kolkata,West Bengal,Anemia,2024-06-17,2024-06-22,Emergency,Dr. P. Singh,Harmony Medical Centre,SBI General,648,Folic Acid,Normal,25.6,99,77,79,108,5,48071.13,Yes,3,Never
ADM01286,PAT01472,Tanya Khan,45,Female,AB-,Kolkata,West Bengal,Gastroenteritis,2026-06-13,2026-06-14,Elective,Dr. I. Khan,LifeLine Multispeciality,ICICI Lombard,587,ORS,Abnormal,33.8,150,81,71,74,1,24419.81,No,3,Never
ADM01287,PAT01525,Sneha Agarwal,48,Male,B-,Lucknow,Uttar Pradesh,Cardiac Disease,2026-01-09,2026-01-16,Urgent,Dr. M. Joshi,LifeLine Multispeciality,ICICI Lombard,556,Metoprolol,Normal,19.7,133,87,88,123,7,102842.5,No,5,Never
ADM01288,PAT00082,Isha Agarwal,62,Female,O+,Pune,Maharashtra,Pneumonia,2024-03-10,2024-03-12,Elective,Dr. I. Khan,Metro Health Institute,SBI General,167,Azithromycin,Normal,24.8,114,78,82,65,2,32208.87,No,4,Never
ADM01289,PAT00712,Ishaan Agarwal,84,Female,A-,Lucknow,Uttar Pradesh,Cardiac Disease,2025-03-24,2025-04-02,Emergency,Dr. I. Khan,Harmony Medical Centre,Self Pay,462,Atorvastatin,Normal,35.9,120,91,85,108,9,113723.55,No,5,Never
ADM01290,PAT01326,Arjun Verma,29,Male,B-,Bhopal,Madhya Pradesh,Fracture,2026-06-17,2026-06-19,Elective,Dr. R. Kapoor,LifeLine Multispeciality,HDFC ERGO,518,Ibuprofen,Normal,26.0,140,85,73,88,2,28460.38,No,4,Never
ADM01291,PAT01615,Vivaan Gupta,69,Female,O+,Bhopal,Madhya Pradesh,Pneumonia,2024-07-05,2024-07-10,Emergency,Dr. A. Mehta,CityCare Hospital,Star Health,372,Ceftriaxone,Abnormal,29.5,123,87,85,129,5,52954.48,No,3,Current
ADM01292,PAT00902,Vivaan Kumar,92,Male,A-,Mumbai,Maharashtra,COPD,2025-05-10,2025-05-15,Urgent,Dr. I. Khan,LifeLine Multispeciality,Self Pay,304,Tiotropium,Normal,23.6,122,71,78,67,5,64764.02,No,3,Former
ADM01293,PAT01746,Isha Chauhan,92,Female,A+,Chandigarh,Chandigarh,COPD,2025-04-12,2025-04-18,Emergency,Dr. M. Joshi,NewHope Hospital,Niva Bupa,318,Salbutamol,Normal,29.4,131,76,73,65,6,63026.05,No,5,Never
ADM01294,PAT00944,Nisha Verma,34,Male,B+,Bhopal,Madhya Pradesh,COPD,2024-05-13,2024-05-15,Elective,Dr. M. Joshi,Sunrise Medical Center,Care Health,803,Budesonide,Normal,31.4,112,95,82,112,2,34079.97,No,,Former
ADM01295,PAT01175,Tanya Sharma,49,Female,O-,Patna,Bihar,Asthma,2024-01-31,2024-02-04,Elective,Dr. S. Verma,NewHope Hospital,Star Health,868,Salbutamol,Abnormal,24.5,168,69,75,82,4,34196.91,No,5,Never
ADM01296,PAT01769,Kavya Sharma,35,Male,O-,Pune,Maharashtra,Kidney Disease,2026-08-16,2026-08-23,Emergency,Dr. I. Khan,PrimeCare Hospital,SBI General,472,Erythropoietin,Normal,32.7,116,86,73,83,7,82413.74,No,4,Never
ADM01297,PAT01071,Priya Kapoor,28,Male,A-,Hyderabad,Telangana,Gastroenteritis,2026-01-23,2026-01-26,Urgent,Dr. M. Joshi,Harmony Medical Centre,HDFC ERGO,844,Ondansetron,Normal,22.4,125,81,96,90,3,24277.03,No,3,Never
ADM01298,PAT00077,Aarav Chauhan,56,Male,O+,Chandigarh,Chandigarh,COPD,2026-08-20,2026-08-26,Elective,Dr. M. Joshi,PrimeCare Hospital,ICICI Lombard,406,Salbutamol,Normal,28.8,144,86,76,72,6,56153.39,No,3,Never
ADM01299,PAT00817,Rohan Khan,78,Female,B-,Patna,Bihar,Diabetes,2024-02-09,2024-02-11,Elective,Dr. A. Mehta,PrimeCare Hospital,Care Health,499,Insulin,Normal,26.5,120,74,86,152,2,27160.97,No,4,Never
ADM01300,PAT01666,Sneha Mishra,48,Female,AB-,Patna,Bihar,Hypertension,2025-04-18,2025-04-23,Urgent,Dr. P. Singh,NewHope Hospital,SBI General,787,Telmisartan,Normal,17.1,155,73,86,104,5,41877.43,No,4,Never
ADM01301,PAT01650,Kabir Jain,36,Female,O-,Noida,Uttar Pradesh,Pneumonia,2025-01-08,2025-01-15,Urgent,Dr. I. Khan,CityCare Hospital,Niva Bupa,287,Ceftriaxone,Normal,23.6,121,76,89,78,7,70385.42,No,3,Never
ADM01302,PAT01287,Diya Saxena,77,Female,O-,Jaipur,Rajasthan,Arthritis,2025-09-15,2025-09-17,Urgent,Dr. P. Singh,Metro Health Institute,ICICI Lombard,686,Ibuprofen,Normal,15.2,120,92,86,138,2,19155.21,No,4,Never
ADM01303,PAT01525,Sneha Agarwal,48,Male,B-,Lucknow,Uttar Pradesh,Kidney Disease,2025-03-06,2025-03-12,Elective,Dr. K. Rao,Sunrise Medical Center,SBI General,462,Erythropoietin,Normal,26.0,111,84,73,95,6,65689.48,No,4,Never
ADM01304,PAT01593,Rohan Malhotra,30,Male,AB-,Delhi,Delhi,Diabetes,2025-11-13,2025-11-18,Urgent,Dr. T. Gupta,Green Valley Hospital,Star Health,783,Metformin,Normal,27.0,118,78,79,190,5,56598.06,No,3,Current
ADM01305,PAT00885,Aarav Chauhan,46,Female,B-,Jaipur,Rajasthan,Asthma,2026-06-09,2026-06-11,Urgent,Dr. I. Khan,Harmony Medical Centre,HDFC ERGO,261,Budesonide,Normal,19.7,129,86,99,88,2,10511.87,No,4,Never
ADM01306,PAT01371,Riya Srivastava,68,Female,AB-,Patna,Bihar,Arthritis,2026-01-25,2026-01-26,Emergency,Dr. A. Mehta,CityCare Hospital,Self Pay,592,Diclofenac,Normal,25.8,123,72,71,101,1,11342.71,No,4,Never
ADM01307,PAT00053,Kavya Sharma,81,Male,B+,Delhi,Delhi,Pneumonia,2026-08-16,2026-08-24,Emergency,Dr. M. Joshi,NewHope Hospital,Self Pay,367,Amoxicillin,Normal,23.1,130,71,87,100,8,74954.16,No,4,Former
ADM01308,PAT00443,Kavya Mehta,60,Male,O-,Kolkata,West Bengal,Migraine,2024-08-05,2024-08-06,Emergency,Dr. M. Joshi,NewHope Hospital,HDFC ERGO,688,Naproxen,Abnormal,28.6,124,57,63,129,1,15881.04,No,3,Current
ADM01309,PAT01162,Aditya Srivastava,57,Male,AB+,Bhopal,Madhya Pradesh,Pneumonia,2025-05-06,2025-05-09,Emergency,Dr. P. Singh,NewHope Hospital,HDFC ERGO,421,Azithromycin,Abnormal,21.5,144,94,77,65,3,37456.1,No,4,Current
ADM01310,PAT00371,Tanya Verma,37,Male,O+,Patna,Bihar,Arthritis,2024-04-28,2024-04-30,Elective,Dr. K. Rao,NewHope Hospital,Niva Bupa,520,Diclofenac,Abnormal,25.4,127,79,59,104,2,32124.19,No,4,Current
ADM01311,PAT00050,Krishna Malhotra,35,Male,A+,Noida,Uttar Pradesh,Hypertension,2026-02-08,2026-02-10,Urgent,Dr. K. Rao,NewHope Hospital,Self Pay,619,Telmisartan,Normal,21.8,158,97,69,105,2,27168.58,No,4,Former
ADM01312,PAT01292,Riya Saxena,18,Male,B+,Mumbai,Maharashtra,Cardiac Disease,2026-07-13,2026-07-18,Elective,Dr. P. Singh,PrimeCare Hospital,HDFC ERGO,591,Atorvastatin,Borderline,22.2,130,82,68,76,5,72690.56,No,4,Current
ADM01313,PAT00674,Ananya Mehta,70,Female,B+,Chandigarh,Chandigarh,Migraine,2024-08-30,2024-08-31,Urgent,Dr. I. Khan,NewHope Hospital,ICICI Lombard,605,Paracetamol,Abnormal,26.8,140,88,66,95,1,3500,No,5,Never
ADM01314,PAT00203,Aditya Kapoor,79,Female,B+,Pune,Maharashtra,Fracture,2024-08-14,2024-08-19,Urgent,Dr. K. Rao,LifeLine Multispeciality,Star Health,847,Ibuprofen,Normal,27.9,113,72,81,99,5,42933.83,No,4,Never
ADM01315,PAT00599,Rahul Joshi,23,Female,O+,Jaipur,Rajasthan,Diabetes,2024-11-06,2024-11-11,Emergency,Dr. T. Gupta,PrimeCare Hospital,HDFC ERGO,481,Metformin,Normal,25.6,140,89,81,159,5,54559.08,No,4,Never
ADM01316,PAT00845,Aditya Srivastava,18,Female,O+,Delhi,Delhi,Anemia,2026-08-25,2026-08-26,Emergency,Dr. M. Joshi,NewHope Hospital,SBI General,434,Vitamin B12,Borderline,27.7,134,67,88,101,1,18806.5,No,,Current
ADM01317,PAT01643,Arjun Srivastava,49,Female,A+,Hyderabad,Telangana,Kidney Disease,2026-05-30,2026-06-01,Urgent,Dr. P. Singh,Harmony Medical Centre,Self Pay,522,Furosemide,Normal,23.2,137,54,52,110,2,29334.42,No,5,Former
ADM01318,PAT00059,Tanya Kapoor,28,Female,A-,Bengaluru,Karnataka,Fracture,2025-08-06,2025-08-12,Urgent,Dr. I. Khan,Harmony Medical Centre,Star Health,725,Ibuprofen,Normal,25.7,120,87,100,101,6,69890.19,No,4,Never
ADM01319,PAT01494,Kavya Jain,66,Female,AB-,Chandigarh,Chandigarh,COPD,2024-01-28,2024-02-01,Elective,Dr. I. Khan,LifeLine Multispeciality,Care Health,856,Salbutamol,Borderline,25.0,119,82,97,151,4,41195.64,No,4,Never
ADM01320,PAT00936,Ishaan Agarwal,49,Male,B-,Mumbai,Maharashtra,Cardiac Disease,2024-03-10,2024-03-15,Urgent,Dr. V. Jain,NewHope Hospital,Care Health,619,Metoprolol,Borderline,26.8,104,71,103,82,5,59083.55,No,4,Never
ADM01321,PAT01740,Sneha Verma,44,Female,AB-,Patna,Bihar,Gastroenteritis,2025-05-21,2025-05-23,Emergency,Dr. K. Rao,CityCare Hospital,SBI General,859,Probiotic,Normal,29.3,132,90,85,98,2,9678.22,No,4,Former
ADM01322,PAT00520,Rahul Joshi,26,Female,O+,Mumbai,Maharashtra,Hypertension,2026-03-27,2026-03-30,Emergency,Dr. M. Joshi,PrimeCare Hospital,HDFC ERGO,683,Telmisartan,Normal,27.1,132,83,83,102,3,33537.96,No,4,Never
ADM01323,PAT00735,Sneha Malhotra,54,Female,B-,Jaipur,Rajasthan,Asthma,2026-01-12,2026-01-14,Emergency,Dr. T. Gupta,LifeLine Multispeciality,Care Health,614,Salbutamol,Normal,24.0,129,84,87,146,2,16742.02,No,4,Never
ADM01324,PAT01677,Aditya Verma,74,Female,B-,Kolkata,West Bengal,COPD,2026-08-13,2026-08-17,Urgent,Dr. K. Rao,NewHope Hospital,SBI General,853,Salbutamol,Normal,15.3,122,82,74,92,4,44020.72,No,4,Never
ADM01325,PAT01399,Arjun Sharma,32,Male,A+,Kolkata,West Bengal,Migraine,2024-01-04,2024-01-05,Emergency,Dr. I. Khan,Sunrise Medical Center,Star Health,654,Naproxen,Normal,32.7,107,65,61,102,1,13353.47,No,4,Never
ADM01326,PAT00705,Aarav Rao,45,Female,B-,Delhi,Delhi,Arthritis,2024-06-03,2024-06-05,Urgent,Dr. M. Joshi,LifeLine Multispeciality,Niva Bupa,220,Diclofenac,Abnormal,30.9,124,88,71,100,2,16886.09,Yes,4,Never
ADM01327,PAT00722,Kabir Khan,41,Female,A-,Chandigarh,Chandigarh,Cardiac Disease,2025-11-18,2025-11-27,Emergency,Dr. K. Rao,CityCare Hospital,Star Health,420,Atorvastatin,Normal,31.1,129,76,67,72,9,115195.88,Yes,4,Former
ADM01328,PAT00510,Nisha Pandey,32,Male,O-,Pune,Maharashtra,Gastroenteritis,2026-08-29,2026-08-31,Emergency,Dr. K. Rao,Harmony Medical Centre,Care Health,857,Probiotic,Borderline,21.1,137,87,58,126,2,17626.98,No,3,Never
ADM01329,PAT00567,Kavya Gupta,11,Male,AB+,Bhopal,Madhya Pradesh,Fracture,2025-06-02,2025-06-09,Urgent,Dr. R. Kapoor,NewHope Hospital,Star Health,848,Paracetamol,Normal,22.3,128,92,79,114,7,64558.72,No,4,Never
ADM01330,PAT00914,Nisha Saxena,35,Male,AB+,Chandigarh,Chandigarh,Pneumonia,2026-03-12,2026-03-18,Emergency,Dr. A. Mehta,CityCare Hospital,HDFC ERGO,317,Ceftriaxone,Abnormal,22.0,121,75,83,131,6,64298.46,No,3,Never
ADM01331,PAT01606,Kabir Kapoor,47,Female,AB+,Patna,Bihar,COPD,2024-10-06,2024-10-09,Urgent,Dr. M. Joshi,CityCare Hospital,Niva Bupa,615,Salbutamol,Normal,16.9,123,62,68,87,3,30884.17,No,4,Never
ADM01332,PAT00098,Riya Kapoor,48,Female,AB-,Hyderabad,Telangana,Pneumonia,2026-04-24,2026-05-02,Emergency,Dr. I. Khan,Sunrise Medical Center,Care Health,663,Azithromycin,Abnormal,26.3,156,76,113,86,8,82751.14,No,3,Never
ADM01333,PAT00665,Nisha Kumar,59,Female,B-,Jaipur,Rajasthan,Arthritis,2025-01-25,2025-01-28,Emergency,Dr. T. Gupta,Metro Health Institute,SBI General,266,Naproxen,Normal,29.4,90,95,72,110,3,33197.9,No,4,Former
ADM01334,PAT00939,Sneha Srivastava,52,Male,O-,Pune,Maharashtra,Arthritis,2026-03-21,2026-03-23,Elective,Dr. R. Kapoor,PrimeCare Hospital,SBI General,197,Diclofenac,Borderline,19.7,124,86,81,99,2,12171.33,No,4,Never
ADM01335,PAT01432,Diya Srivastava,47,Female,A-,Bhopal,Madhya Pradesh,Hypertension,2024-06-25,2024-06-26,Elective,Dr. S. Verma,LifeLine Multispeciality,Self Pay,799,Telmisartan,Abnormal,33.2,168,98,79,72,1,21300.86,No,4,Never
ADM01336,PAT01301,Diya Srivastava,77,Male,B-,Pune,Maharashtra,Arthritis,2025-09-05,2025-09-08,Urgent,Dr. V. Jain,CityCare Hospital,HDFC ERGO,619,Diclofenac,Borderline,23.1,111,71,74,105,3,23046.78,No,3,Never
ADM01337,PAT00539,Nisha Srivastava,37,Female,B-,Mumbai,Maharashtra,Cardiac Disease,2025-09-09,2025-09-17,Emergency,Dr. S. Verma,Sunrise Medical Center,ICICI Lombard,368,Atorvastatin,Borderline,,130,86,70,111,8,109832.04,No,5,Former
ADM01338,PAT01575,Ishaan Chauhan,31,Female,AB+,Patna,Bihar,Hypertension,2025-03-21,2025-03-23,Elective,Dr. S. Verma,Sunrise Medical Center,Self Pay,469,Losartan,Abnormal,23.0,147,94,71,116,2,16010.46,No,4,Never
ADM01339,PAT01626,Rahul Agarwal,67,Male,A+,Lucknow,Uttar Pradesh,Hypertension,2025-11-14,2025-11-15,Emergency,Dr. V. Jain,Metro Health Institute,Care Health,550,Amlodipine,Abnormal,34.3,160,80,81,65,1,10265.34,No,4,Former
ADM01340,PAT00329,Tanya Kumar,46,Male,O+,Jaipur,Rajasthan,Kidney Disease,2025-02-04,2025-02-11,Emergency,Dr. N. Sharma,Harmony Medical Centre,Star Health,558,Sevelamer,Normal,29.4,124,74,68,79,7,93000.87,No,3,Current
ADM01341,PAT00429,Arjun Sharma,46,Male,AB-,Bhopal,Madhya Pradesh,Cardiac Disease,2025-03-20,2025-03-27,Urgent,Dr. N. Sharma,LifeLine Multispeciality,HDFC ERGO,726,Aspirin,Abnormal,23.0,111,79,89,121,7,86262.75,No,5,Former
ADM01342,PAT01144,Kabir Sharma,42,Male,AB+,Bengaluru,Karnataka,Diabetes,2025-05-15,2025-05-17,Emergency,Dr. P. Singh,Harmony Medical Centre,Care Health,550,Glimepiride,Abnormal,,142,95,74,118,2,18071.42,No,4,Never
ADM01343,PAT01579,Vivaan Pandey,47,Female,AB+,Noida,Uttar Pradesh,Gastroenteritis,2024-07-10,2024-07-14,Emergency,Dr. V. Jain,Green Valley Hospital,HDFC ERGO,205,Probiotic,Normal,26.2,143,89,81,65,4,17732.18,No,4,Never
ADM01344,PAT01769,Kavya Sharma,35,Male,O-,Pune,Maharashtra,Arthritis,2025-11-11,2025-11-15,Elective,Dr. V. Jain,PrimeCare Hospital,Self Pay,174,Ibuprofen,Normal,23.1,120,79,66,115,4,41802.05,Yes,4,Never
ADM01345,PAT01121,Priya Patel,26,Male,O+,Pune,Maharashtra,Arthritis,2026-06-25,2026-06-27,Emergency,Dr. A. Mehta,Harmony Medical Centre,Self Pay,342,Naproxen,Normal,22.8,95,81,72,111,2,28480.98,No,2,Current
ADM01346,PAT01328,Tanya Joshi,81,Female,A-,Delhi,Delhi,Asthma,2025-02-10,2025-02-14,Emergency,Dr. V. Jain,Metro Health Institute,Self Pay,537,Montelukast,Borderline,26.4,147,73,89,78,4,45891.45,No,3,Never
ADM01347,PAT00660,Nisha Mishra,35,Female,AB-,Chandigarh,Chandigarh,Diabetes,2026-03-05,2026-03-08,Elective,Dr. N. Sharma,Sunrise Medical Center,Star Health,727,Insulin,Borderline,28.7,122,81,75,166,3,26862.91,No,5,Current
ADM01348,PAT01517,Tanya Kapoor,63,Male,B-,Hyderabad,Telangana,Cardiac Disease,2025-03-08,2025-03-13,Emergency,Dr. P. Singh,NewHope Hospital,Self Pay,156,Metoprolol,Abnormal,24.9,101,97,81,127,5,66797.87,No,3,Former
ADM01349,PAT00822,Vivaan Gupta,41,Male,O+,Hyderabad,Telangana,Anemia,2024-03-25,2024-03-29,Elective,Dr. A. Mehta,NewHope Hospital,Star Health,282,Vitamin B12,Normal,22.2,119,77,101,101,4,43584.64,No,5,Never
ADM01350,PAT01543,Krishna Kapoor,56,Female,AB+,Patna,Bihar,Migraine,2025-06-09,2025-06-12,Urgent,Dr. N. Sharma,Green Valley Hospital,HDFC ERGO,689,Naproxen,Normal,17.1,112,83,64,91,3,27678.58,No,5,Former
ADM01351,PAT00714,Ishaan Rao,47,Male,A-,Jaipur,Rajasthan,Anemia,2026-02-28,2026-03-02,Elective,Dr. V. Jain,Harmony Medical Centre,SBI General,470,Vitamin B12,Normal,26.9,121,92,71,70,2,38820.03,No,3,Former
ADM01352,PAT01600,Diya Mehta,59,Male,B-,Chandigarh,Chandigarh,Migraine,2024-02-23,2024-02-27,Urgent,Dr. K. Rao,PrimeCare Hospital,Care Health,387,Naproxen,Abnormal,28.8,137,69,77,79,4,21608.55,No,4,Never
ADM01353,PAT01671,Kavya Mishra,67,Female,A+,Chandigarh,Chandigarh,Arthritis,2025-01-04,2025-01-09,Urgent,Dr. K. Rao,CityCare Hospital,HDFC ERGO,315,Ibuprofen,Borderline,28.1,113,80,92,104,5,40989.53,No,4,Never
ADM01354,PAT00353,Rahul Srivastava,55,Female,O+,Noida,Uttar Pradesh,Diabetes,2025-01-18,2025-01-20,Elective,Dr. T. Gupta,Metro Health Institute,Self Pay,493,Metformin,Normal,21.9,127,84,87,180,2,34466.66,No,5,Former
ADM01355,PAT01730,Aditya Yadav,67,Male,AB-,Delhi,Delhi,Cardiac Disease,2025-02-01,2025-02-08,Emergency,Dr. R. Kapoor,NewHope Hospital,Star Health,697,Atorvastatin,Normal,23.4,109,91,78,109,7,91074.57,Yes,4,Never
ADM01356,PAT01024,Rohan Srivastava,56,Male,A-,Bengaluru,Karnataka,Arthritis,2026-01-26,2026-01-28,Urgent,Dr. M. Joshi,Green Valley Hospital,Care Health,262,Diclofenac,Normal,30.0,144,88,75,95,2,39136.63,No,5,Never
ADM01357,PAT01755,Aarav Mishra,30,Male,B+,Chandigarh,Chandigarh,Pneumonia,2025-01-12,2025-01-20,Emergency,Dr. R. Kapoor,CityCare Hospital,ICICI Lombard,435,Ceftriaxone,Borderline,30.1,127,85,98,120,8,93034.75,No,4,Former
ADM01358,PAT00183,Sneha Pandey,56,Female,A-,Pune,Maharashtra,Cardiac Disease,2024-10-28,2024-10-31,Emergency,Dr. M. Joshi,NewHope Hospital,Care Health,794,Atorvastatin,Normal,19.9,118,87,73,101,3,42275.87,No,4,Current
ADM01359,PAT00684,Krishna Yadav,69,Female,AB-,Patna,Bihar,Hypertension,2024-11-19,2024-11-20,Elective,Dr. R. Kapoor,PrimeCare Hospital,Self Pay,217,Amlodipine,Borderline,23.9,125,88,85,73,1,16417.52,No,4,Never
ADM01360,PAT00721,Priya Patel,26,Female,B+,Patna,Bihar,Diabetes,2026-01-10,2026-01-14,Emergency,Dr. M. Joshi,LifeLine Multispeciality,Star Health,101,Glimepiride,Normal,30.0,121,69,100,166,4,48367.61,No,3,Current
ADM01361,PAT01263,Ishaan Agarwal,37,Female,O+,Bhopal,Madhya Pradesh,Cardiac Disease,2024-11-24,2024-11-29,Urgent,Dr. R. Kapoor,NewHope Hospital,Star Health,207,Aspirin,Normal,36.1,117,70,58,104,5,66266.65,No,4,Never
ADM01362,PAT01103,Meera Joshi,51,Female,A+,Jaipur,Rajasthan,Anemia,2024-04-26,2024-04-29,Elective,Dr. I. Khan,Harmony Medical Centre,ICICI Lombard,533,Folic Acid,Abnormal,27.2,130,86,100,129,3,17710.92,Yes,3,Never
ADM01363,PAT01516,Meera Srivastava,48,Female,A-,Bhopal,Madhya Pradesh,Hypertension,2025-08-06,2025-08-12,Emergency,Dr. S. Verma,Sunrise Medical Center,Star Health,387,Amlodipine,Abnormal,28.9,132,78,69,141,6,46903.4,No,2,Current
ADM01364,PAT01649,Meera Patel,31,Male,AB-,Patna,Bihar,Migraine,2024-06-25,2024-06-26,Elective,Dr. V. Jain,Metro Health Institute,Star Health,164,Paracetamol,Borderline,32.2,131,79,94,132,1,3500,No,4,Never
ADM01365,PAT01713,Diya Jain,33,Female,AB-,Hyderabad,Telangana,Cardiac Disease,2026-06-22,2026-06-27,Elective,Dr. I. Khan,Metro Health Institute,HDFC ERGO,806,Atorvastatin,Abnormal,33.1,130,70,66,96,5,68496.79,No,5,Never
ADM01366,PAT00467,Rohan Rao,70,Female,AB+,Chandigarh,Chandigarh,Asthma,2026-05-15,2026-05-18,Emergency,Dr. S. Verma,Sunrise Medical Center,Star Health,319,Budesonide,Normal,22.0,129,85,90,93,3,12017.73,No,4,Never
ADM01367,PAT00649,Aditya Srivastava,73,Male,O-,Lucknow,Uttar Pradesh,COPD,2024-04-16,2024-04-22,Elective,Dr. M. Joshi,Harmony Medical Centre,Niva Bupa,801,Budesonide,Abnormal,23.0,126,89,92,86,6,74378.62,No,5,Current
ADM01368,PAT01698,Aarav Jain,40,Female,A-,Bengaluru,Karnataka,Arthritis,2025-01-19,2025-01-23,Urgent,Dr. P. Singh,Green Valley Hospital,HDFC ERGO,329,Diclofenac,Abnormal,27.7,128,73,83,98,4,29112.77,No,3,Never
ADM01369,PAT00627,Meera Yadav,48,Female,B-,Delhi,Delhi,Anemia,2026-05-27,2026-05-28,Elective,Dr. M. Joshi,PrimeCare Hospital,Star Health,105,Vitamin B12,Abnormal,23.6,128,69,87,112,1,15565.19,No,4,Never
ADM01370,PAT00208,Riya Patel,68,Male,AB-,Mumbai,Maharashtra,Diabetes,2026-07-22,2026-07-26,Emergency,Dr. K. Rao,CityCare Hospital,Care Health,595,Glimepiride,Normal,21.7,116,72,75,150,4,51343.87,Yes,4,Former
ADM01371,PAT01479,Isha Agarwal,40,Male,A+,Jaipur,Rajasthan,Asthma,2025-06-27,2025-06-29,Urgent,Dr. R. Kapoor,PrimeCare Hospital,Self Pay,137,Montelukast,Borderline,33.2,114,86,80,107,2,30884.0,No,3,Never
ADM01372,PAT00186,Sneha Rao,48,Male,AB+,Mumbai,Maharashtra,COPD,2026-07-09,2026-07-11,Elective,Dr. P. Singh,Sunrise Medical Center,SBI General,254,Budesonide,Normal,17.8,110,90,62,93,2,18972.04,No,3,Never
ADM01373,PAT01310,Aman Saxena,89,Male,B+,Bhopal,Madhya Pradesh,Gastroenteritis,2025-08-19,2025-08-21,Urgent,Dr. P. Singh,PrimeCare Hospital,Self Pay,540,ORS,Normal,28.0,108,74,83,86,2,24940.13,No,4,Never
ADM01374,PAT00832,Sneha Joshi,39,Female,O+,Jaipur,Rajasthan,Cardiac Disease,2025-04-16,2025-04-22,Emergency,Dr. S. Verma,Metro Health Institute,Self Pay,204,Metoprolol,Normal,15.0,126,85,81,70,6,75745.97,No,3,Never
ADM01375,PAT00641,Aman Pandey,33,Female,O+,Noida,Uttar Pradesh,Migraine,2024-01-13,2024-01-14,Elective,Dr. K. Rao,Metro Health Institute,Care Health,438,Sumatriptan,Normal,23.9,117,82,72,99,1,8342.38,No,3,Never
ADM01376,PAT01274,Aditya Gupta,34,Female,AB-,Bhopal,Madhya Pradesh,Anemia,2024-01-03,2024-01-06,Elective,Dr. P. Singh,NewHope Hospital,Care Health,565,Iron Supplement,Normal,21.3,109,93,72,72,3,8168.55,No,3,Former
ADM01377,PAT01019,Nisha Sharma,40,Female,A+,Lucknow,Uttar Pradesh,Pneumonia,2025-10-03,2025-10-11,Urgent,Dr. A. Mehta,NewHope Hospital,ICICI Lombard,482,Ceftriaxone,Borderline,32.7,128,76,81,92,8,77407.98,Yes,4,Current
ADM01378,PAT01310,Aman Saxena,89,Male,B+,Bhopal,Madhya Pradesh,Hypertension,2025-02-18,2025-02-21,Elective,Dr. A. Mehta,NewHope Hospital,SBI General,637,Losartan,Abnormal,25.2,125,87,73,135,3,31481.13,No,4,Never
ADM01379,PAT00382,Ananya Kumar,66,Male,O-,Pune,Maharashtra,Anemia,2025-04-30,2025-05-05,Elective,Dr. V. Jain,Green Valley Hospital,Niva Bupa,274,Iron Supplement,Abnormal,28.7,130,68,83,141,5,46390.01,No,5,Never
ADM01380,PAT01550,Aman Pandey,41,Male,AB+,Mumbai,Maharashtra,Pneumonia,2024-04-24,2024-04-26,Elective,Dr. M. Joshi,LifeLine Multispeciality,HDFC ERGO,713,Ceftriaxone,Normal,30.9,120,78,78,74,2,14408.02,Yes,3,Never
ADM01381,PAT00784,Ananya Yadav,57,Male,A-,Mumbai,Maharashtra,Gastroenteritis,2026-04-03,2026-04-05,Elective,Dr. I. Khan,LifeLine Multispeciality,ICICI Lombard,414,Ondansetron,Normal,26.2,117,82,64,65,2,23149.01,No,3,Never
ADM01382,PAT00415,Krishna Gupta,52,Female,O+,Noida,Uttar Pradesh,Arthritis,2025-03-26,2025-03-31,Emergency,Dr. R. Kapoor,CityCare Hospital,Care Health,284,Naproxen,Normal,18.3,140,80,79,120,5,35202.67,No,3,Never
ADM01383,PAT00543,Vivaan Malhotra,34,Male,O-,Delhi,Delhi,Anemia,2025-06-13,2025-06-16,Elective,Dr. M. Joshi,Sunrise Medical Center,Self Pay,537,Folic Acid,Normal,25.7,147,73,65,91,3,16962.82,No,3,Current
ADM01384,PAT01754,Ananya Jain,15,Male,O+,Bengaluru,Karnataka,Asthma,2026-04-06,2026-04-09,Elective,Dr. R. Kapoor,Sunrise Medical Center,Niva Bupa,171,Montelukast,Abnormal,24.8,148,83,77,114,3,30978.92,No,4,Never
ADM01385,PAT01449,Krishna Rao,62,Female,B+,Kolkata,West Bengal,Pneumonia,2024-04-16,2024-04-24,Emergency,Dr. M. Joshi,CityCare Hospital,SBI General,321,Amoxicillin,Normal,25.4,123,85,75,82,8,76649.67,Yes,2,Former
ADM01386,PAT00995,Riya Jain,42,Female,B+,Delhi,Delhi,Fracture,2024-08-04,2024-08-09,Urgent,Dr. S. Verma,NewHope Hospital,Self Pay,406,Paracetamol,Normal,26.2,119,78,79,99,5,58253.81,No,4,Never
ADM01387,PAT00719,Ananya Saxena,51,Female,AB+,Pune,Maharashtra,Migraine,2024-10-03,2024-10-05,Urgent,Dr. T. Gupta,NewHope Hospital,Care Health,223,Sumatriptan,Borderline,24.4,112,92,69,134,2,35461.64,No,3,Current
ADM01388,PAT00691,Kabir Mishra,24,Male,AB+,Mumbai,Maharashtra,Hypertension,2024-06-11,2024-06-15,Urgent,Dr. V. Jain,Sunrise Medical Center,Niva Bupa,872,Losartan,Normal,21.6,156,91,62,87,4,18640.6,No,3,Never
ADM01389,PAT01651,Krishna Verma,42,Female,B-,Delhi,Delhi,Gastroenteritis,2026-08-18,2026-08-21,Elective,Dr. N. Sharma,CityCare Hospital,Self Pay,367,ORS,Borderline,24.4,121,87,66,65,3,24069.87,No,3,Never
ADM01390,PAT00897,Ishaan Singh,52,Male,AB+,Lucknow,Uttar Pradesh,Anemia,2024-03-27,2024-04-03,Emergency,Dr. K. Rao,Green Valley Hospital,Star Health,125,Iron Supplement,Normal,24.1,146,73,60,118,7,47733.6,Yes,5,Never
ADM01391,PAT00741,Ishaan Rao,43,Male,A-,Hyderabad,Telangana,Pneumonia,2026-06-03,2026-06-07,Elective,Dr. S. Verma,LifeLine Multispeciality,Star Health,151,Azithromycin,Abnormal,23.0,149,83,75,92,4,32496.6,No,4,Never
ADM01392,PAT01546,Aarav Verma,50,Female,AB+,Pune,Maharashtra,Hypertension,2024-02-08,2024-02-13,Elective,Dr. A. Mehta,LifeLine Multispeciality,Self Pay,665,Telmisartan,Abnormal,26.8,145,98,70,81,5,40212.65,No,3,Never
ADM01393,PAT00327,Riya Kumar,55,Male,O-,Patna,Bihar,Fracture,2024-10-15,2024-10-19,Emergency,Dr. R. Kapoor,Harmony Medical Centre,ICICI Lombard,798,Ibuprofen,Borderline,27.3,123,81,91,91,4,37480.88,No,3,Never
ADM01394,PAT00346,Rahul Malhotra,87,Male,A+,Patna,Bihar,Asthma,2024-04-30,2024-05-01,Urgent,Dr. S. Verma,NewHope Hospital,Self Pay,596,Montelukast,Normal,28.8,141,80,84,102,1,29506.72,No,3,Never
ADM01395,PAT00662,Kabir Khan,10,Male,O+,Patna,Bihar,Gastroenteritis,2026-04-18,2026-04-20,Elective,Dr. T. Gupta,Sunrise Medical Center,ICICI Lombard,361,Ondansetron,Normal,17.4,109,70,92,72,2,23168.66,No,5,Current
ADM01396,PAT00033,Aditya Saxena,33,Male,A-,Jaipur,Rajasthan,Migraine,2025-03-05,2025-03-06,Emergency,Dr. R. Kapoor,Green Valley Hospital,Self Pay,748,Sumatriptan,Normal,33.4,114,70,78,79,1,6518.35,No,5,Never
ADM01397,PAT00229,Diya Mishra,46,Female,A-,Noida,Uttar Pradesh,Migraine,2025-11-30,2025-12-01,Elective,Dr. S. Verma,LifeLine Multispeciality,Star Health,106,Paracetamol,Abnormal,18.7,144,75,73,65,1,3500,No,4,Former
ADM01398,PAT00389,Riya Kapoor,34,Male,O-,Bengaluru,Karnataka,Anemia,2024-12-13,2024-12-18,Emergency,Dr. M. Joshi,Green Valley Hospital,Niva Bupa,783,Vitamin B12,Normal,18.4,126,89,92,69,5,46684.39,No,5,Never
ADM01399,PAT01192,Krishna Patel,67,Male,A-,Lucknow,Uttar Pradesh,Cardiac Disease,2026-04-02,2026-04-08,Urgent,Dr. V. Jain,NewHope Hospital,HDFC ERGO,546,Atorvastatin,Borderline,31.8,143,75,85,103,6,82436.5,No,3,Never
ADM01400,PAT00636,Arjun Sharma,72,Female,B-,Delhi,Delhi,Pneumonia,2025-02-13,2025-02-18,Elective,Dr. T. Gupta,NewHope Hospital,Self Pay,116,Ceftriaxone,Normal,18.7,135,82,89,119,5,47846.43,No,4,Never
ADM01401,PAT01037,Rahul Yadav,10,Female,AB-,Delhi,Delhi,Fracture,2026-05-27,2026-05-29,Urgent,Dr. S. Verma,LifeLine Multispeciality,SBI General,589,Calcium,Normal,27.7,138,81,67,66,2,29667.32,No,5,Former
ADM01402,PAT01435,Krishna Yadav,60,Male,AB-,Jaipur,Rajasthan,Anemia,2024-10-05,2024-10-10,Elective,Dr. I. Khan,LifeLine Multispeciality,Star Health,736,Vitamin B12,Normal,27.6,137,71,83,92,5,23580.97,No,5,Never
ADM01403,PAT01316,Aditya Saxena,56,Female,O+,Bhopal,Madhya Pradesh,Fracture,2024-11-24,2024-11-27,Elective,Dr. M. Joshi,Harmony Medical Centre,Self Pay,871,Ibuprofen,Normal,26.9,98,100,79,116,3,50827.46,No,3,Never
ADM01404,PAT01148,Vivaan Rao,41,Male,AB+,Lucknow,Uttar Pradesh,Cardiac Disease,2026-04-27,2026-05-03,Emergency,Dr. M. Joshi,Metro Health Institute,Niva Bupa,824,Metoprolol,Normal,28.9,136,92,80,97,6,69706.26,Yes,3,Never
ADM01405,PAT00607,Krishna Yadav,56,Female,B+,Kolkata,West Bengal,Asthma,2025-08-08,2025-08-09,Urgent,Dr. A. Mehta,Green Valley Hospital,ICICI Lombard,534,Montelukast,Normal,30.6,123,78,83,67,1,12479.39,No,5,Never
ADM01406,PAT01550,Aman Pandey,41,Male,AB+,Mumbai,Maharashtra,Gastroenteritis,2025-10-13,2025-10-17,Emergency,Dr. M. Joshi,Harmony Medical Centre,Self Pay,543,Ondansetron,Borderline,30.5,122,73,62,89,4,32728.98,No,2,Never
ADM01407,PAT01147,Aarav Saxena,70,Female,AB+,Lucknow,Uttar Pradesh,Diabetes,2026-03-10,2026-03-11,Urgent,Dr. M. Joshi,Metro Health Institute,ICICI Lombard,281,Insulin,Borderline,28.5,140,88,70,177,1,28428.56,No,4,Former
ADM01408,PAT01103,Meera Joshi,51,Female,A+,Jaipur,Rajasthan,Hypertension,2025-09-12,2025-09-17,Emergency,Dr. S. Verma,CityCare Hospital,Star Health,890,Losartan,Normal,28.0,141,90,73,88,5,50900.47,Yes,4,Never
ADM01409,PAT00365,Kabir Khan,44,Female,O+,Chandigarh,Chandigarh,Migraine,2026-05-01,2026-05-05,Emergency,Dr. R. Kapoor,Sunrise Medical Center,Care Health,279,Paracetamol,Normal,25.3,122,65,76,117,4,26093.43,No,4,Never
ADM01410,PAT00816,Meera Verma,71,Male,A-,Pune,Maharashtra,Gastroenteritis,2024-09-26,2024-09-29,Urgent,Dr. A. Mehta,Green Valley Hospital,Self Pay,677,Probiotic,Normal,26.2,136,83,63,105,3,32569.07,No,4,Never
ADM01411,PAT01267,Isha Chauhan,42,Male,B+,Noida,Uttar Pradesh,Hypertension,2025-09-09,2025-09-15,Elective,Dr. S. Verma,Metro Health Institute,Niva Bupa,408,Losartan,Normal,21.9,136,78,77,114,6,51147.48,No,4,Never
ADM01412,PAT01425,Isha Patel,55,Male,B+,Pune,Maharashtra,Pneumonia,2025-05-05,2025-05-10,Urgent,Dr. M. Joshi,Green Valley Hospital,Self Pay,511,Azithromycin,Normal,32.3,119,74,85,94,5,58493.28,No,4,Never
ADM01413,PAT00156,Nisha Gupta,25,Male,A-,Mumbai,Maharashtra,Pneumonia,2024-12-03,2024-12-07,Elective,Dr. V. Jain,NewHope Hospital,SBI General,600,Ceftriaxone,Abnormal,28.0,108,84,82,143,4,35086.3,No,3,Never
ADM01414,PAT00407,Aman Yadav,55,Female,AB+,Delhi,Delhi,Pneumonia,2026-06-19,2026-06-23,Elective,Dr. I. Khan,Sunrise Medical Center,Star Health,119,Amoxicillin,Normal,20.6,126,92,92,65,4,53626.42,No,4,Never
ADM01415,PAT00192,Tanya Saxena,33,Female,AB-,Delhi,Delhi,Cardiac Disease,2026-05-27,2026-06-02,Elective,Dr. A. Mehta,LifeLine Multispeciality,Star Health,180,Metoprolol,Normal,19.7,150,63,72,108,6,77233.04,No,4,Never
ADM01416,PAT00186,Sneha Rao,48,Male,AB+,Mumbai,Maharashtra,Hypertension,2024-04-14,2024-04-15,Urgent,Dr. T. Gupta,Green Valley Hospital,Self Pay,426,Amlodipine,Normal,24.8,147,82,79,80,1,34114.13,No,5,Never
ADM01417,PAT01458,Nisha Khan,60,Female,A-,Delhi,Delhi,Hypertension,2024-08-02,2024-08-07,Emergency,Dr. A. Mehta,Sunrise Medical Center,Self Pay,810,Losartan,Abnormal,21.9,153,90,73,116,5,24512.87,No,5,Former
ADM01418,PAT01225,Meera Saxena,5,Male,A+,Hyderabad,Telangana,Pneumonia,2026-07-15,2026-07-22,Emergency,Dr. P. Singh,Green Valley Hospital,Self Pay,593,Ceftriaxone,Abnormal,24.5,148,75,87,97,7,83629.6,No,3,Former
ADM01419,PAT01796,Kabir Yadav,32,Female,O-,Chandigarh,Chandigarh,Anemia,2026-05-11,2026-05-14,Emergency,Dr. S. Verma,CityCare Hospital,Self Pay,526,Iron Supplement,Normal,25.5,108,61,67,88,3,40831.32,No,4,Former
ADM01420,PAT01359,Priya Patel,32,Male,B+,Bengaluru,Karnataka,Pneumonia,2024-12-08,2024-12-13,Urgent,Dr. M. Joshi,Sunrise Medical Center,Star Health,671,Ceftriaxone,Normal,32.8,113,84,93,128,5,67949.11,No,2,Never
ADM01421,PAT00829,Krishna Kapoor,43,Male,A-,Chandigarh,Chandigarh,Hypertension,2024-02-03,2024-02-06,Elective,Dr. T. Gupta,CityCare Hospital,Self Pay,255,Losartan,Borderline,24.7,156,93,78,107,3,42967.32,No,5,Never
ADM01422,PAT01746,Isha Chauhan,92,Female,A+,Chandigarh,Chandigarh,Pneumonia,2026-03-29,2026-04-05,Elective,Dr. N. Sharma,PrimeCare Hospital,Niva Bupa,109,Amoxicillin,Normal,19.9,142,55,73,98,7,67773.73,No,4,Never
ADM01423,PAT00540,Kavya Gupta,50,Male,AB+,Mumbai,Maharashtra,Asthma,2025-02-14,2025-02-19,Emergency,Dr. V. Jain,Metro Health Institute,Niva Bupa,611,Salbutamol,Borderline,20.0,106,92,77,66,5,37766.39,No,4,Former
ADM01424,PAT00299,Ananya Jain,46,Male,A+,Mumbai,Maharashtra,Diabetes,2025-07-25,2025-07-29,Emergency,Dr. M. Joshi,Harmony Medical Centre,Self Pay,434,Metformin,Borderline,25.5,161,87,82,169,4,23103.91,No,4,Never
ADM01425,PAT01467,Aman Joshi,31,Male,B-,Lucknow,Uttar Pradesh,Migraine,2024-10-23,2024-10-26,Emergency,Dr. K. Rao,CityCare Hospital,Star Health,227,Sumatriptan,Borderline,27.9,149,78,60,65,3,26078.18,No,2,Never
ADM01426,PAT00697,Diya Jain,81,Male,O-,Delhi,Delhi,Pneumonia,2025-03-01,2025-03-09,Urgent,Dr. N. Sharma,CityCare Hospital,ICICI Lombard,492,Ceftriaxone,Normal,24.6,121,83,59,65,8,84018.19,No,4,Never
ADM01427,PAT01092,Ananya Pandey,49,Male,O-,Chandigarh,Chandigarh,Gastroenteritis,2025-10-31,2025-11-05,Emergency,Dr. R. Kapoor,CityCare Hospital,ICICI Lombard,225,Ondansetron,Normal,26.1,137,83,65,112,5,46816.94,No,5,Never
ADM01428,PAT00725,Nisha Kumar,49,Male,A-,Noida,Uttar Pradesh,Diabetes,2024-01-30,2024-02-03,Emergency,Dr. S. Verma,Metro Health Institute,Niva Bupa,477,Insulin,Abnormal,22.6,151,88,60,178,4,50272.03,Yes,4,Never
ADM01429,PAT00813,Nisha Kapoor,56,Female,AB+,Pune,Maharashtra,Kidney Disease,2025-06-26,2025-06-28,Urgent,Dr. R. Kapoor,LifeLine Multispeciality,HDFC ERGO,751,Sevelamer,Borderline,18.5,124,80,72,103,2,41264.38,No,5,Former
ADM01430,PAT00273,Tanya Kapoor,54,Female,B+,Delhi,Delhi,Asthma,2024-06-11,2024-06-13,Emergency,Dr. R. Kapoor,Metro Health Institute,Care Health,147,Budesonide,Normal,26.6,117,87,88,122,2,31413.69,No,2,Never
ADM01431,PAT00789,Riya Sharma,69,Female,O-,Hyderabad,Telangana,Cardiac Disease,2026-04-07,2026-04-13,Elective,Dr. N. Sharma,CityCare Hospital,Niva Bupa,525,Aspirin,Normal,30.8,139,73,76,68,6,78654.02,No,4,Never
ADM01432,PAT00213,Kabir Saxena,45,Male,AB+,Pune,Maharashtra,COPD,2025-07-26,2025-07-30,Emergency,Dr. P. Singh,PrimeCare Hospital,Self Pay,734,Salbutamol,Normal,25.2,107,80,91,65,4,49264.7,No,3,Former
ADM01433,PAT01731,Diya Saxena,50,Male,A-,Jaipur,Rajasthan,Fracture,2024-05-06,2024-05-08,Emergency,Dr. T. Gupta,CityCare Hospital,Star Health,469,Paracetamol,Normal,32.0,128,70,51,133,2,11736.45,No,4,Current
ADM01434,PAT01508,Aarav Verma,23,Female,AB+,Kolkata,West Bengal,COPD,2025-05-14,2025-05-19,Emergency,Dr. M. Joshi,NewHope Hospital,Self Pay,766,Budesonide,Abnormal,28.2,133,81,81,115,5,65395.44,Yes,4,Current
ADM01435,PAT01669,Kavya Gupta,28,Female,B+,Jaipur,Rajasthan,Kidney Disease,2026-04-16,2026-04-23,Elective,Dr. P. Singh,Green Valley Hospital,Self Pay,875,Furosemide,Normal,17.2,118,74,80,103,7,80333.35,No,4,Never
ADM01436,PAT01795,Tanya Chauhan,29,Male,O+,Noida,Uttar Pradesh,Migraine,2024-08-18,2024-08-19,Urgent,Dr. P. Singh,NewHope Hospital,ICICI Lombard,106,Naproxen,Borderline,22.0,117,72,74,66,1,21812.53,No,3,Current
ADM01437,PAT01636,Aman Mishra,27,Male,AB-,Chandigarh,Chandigarh,Migraine,2025-09-17,2025-09-20,Urgent,Dr. S. Verma,PrimeCare Hospital,Star Health,293,Sumatriptan,Borderline,24.9,148,75,79,90,3,20002.93,No,4,Never
ADM01438,PAT00602,Aman Pandey,26,Male,A-,Mumbai,Maharashtra,Anemia,2024-02-18,2024-02-19,Elective,Dr. A. Mehta,LifeLine Multispeciality,HDFC ERGO,415,Iron Supplement,Normal,31.7,152,85,88,79,1,33915.53,No,3,Never
ADM01439,PAT01257,Krishna Singh,92,Male,B+,Jaipur,Rajasthan,Asthma,2025-05-28,2025-05-30,Urgent,Dr. K. Rao,Metro Health Institute,HDFC ERGO,183,Salbutamol,Normal,26.1,137,86,90,119,2,29109.88,No,5,Never
ADM01440,PAT01168,Ishaan Khan,54,Male,AB+,Jaipur,Rajasthan,Kidney Disease,2025-04-30,2025-05-03,Urgent,Dr. R. Kapoor,LifeLine Multispeciality,Star Health,123,Sevelamer,Abnormal,15.0,115,91,100,145,3,29302.77,No,3,Never
ADM01441,PAT00169,Kavya Gupta,67,Male,O-,Bengaluru,Karnataka,COPD,2024-09-21,2024-09-26,Emergency,Dr. N. Sharma,Harmony Medical Centre,Niva Bupa,698,Salbutamol,Normal,24.8,123,104,96,108,5,40849.97,No,3,Former
ADM01442,PAT00664,Ananya Mehta,32,Male,B-,Hyderabad,Telangana,Kidney Disease,2025-04-21,2025-04-28,Emergency,Dr. R. Kapoor,Metro Health Institute,HDFC ERGO,227,Furosemide,Normal,23.2,119,77,63,132,7,72549.03,No,3,Current
ADM01443,PAT00461,Nisha Malhotra,80,Male,O-,Pune,Maharashtra,Migraine,2024-10-31,2024-11-01,Urgent,Dr. P. Singh,Sunrise Medical Center,Care Health,857,Naproxen,Borderline,24.1,114,104,85,105,1,3500,No,4,Never
ADM01444,PAT00907,Arjun Mishra,48,Female,O+,Jaipur,Rajasthan,COPD,2026-03-22,2026-03-25,Elective,Dr. R. Kapoor,NewHope Hospital,Care Health,693,Salbutamol,Normal,36.9,121,78,99,103,3,34469.65,No,4,Current
ADM01445,PAT01692,Kavya Jain,42,Female,AB-,Mumbai,Maharashtra,Cardiac Disease,2024-09-02,2024-09-11,Elective,Dr. T. Gupta,CityCare Hospital,SBI General,433,Aspirin,Borderline,24.6,128,80,89,135,9,111748.4,No,5,Former
ADM01446,PAT00084,Kabir Kumar,52,Male,A+,Lucknow,Uttar Pradesh,Fracture,2025-11-05,2025-11-09,Elective,Dr. N. Sharma,Harmony Medical Centre,Star Health,265,Calcium,Borderline,26.5,152,80,78,143,4,59436.72,No,3,Former
ADM01447,PAT00504,Krishna Jain,51,Male,O-,Jaipur,Rajasthan,Arthritis,2025-06-02,2025-06-03,Urgent,Dr. P. Singh,CityCare Hospital,Niva Bupa,131,Ibuprofen,Abnormal,18.8,132,90,59,147,1,4487.43,No,4,Former
ADM01448,PAT01123,Nisha Saxena,51,Female,B+,Delhi,Delhi,Fracture,2025-08-17,2025-08-20,Elective,Dr. T. Gupta,Green Valley Hospital,ICICI Lombard,641,Ibuprofen,Normal,24.8,108,80,73,100,3,30174.03,No,3,Current
ADM01449,PAT00318,Krishna Kapoor,56,Male,AB+,Lucknow,Uttar Pradesh,Asthma,2025-10-27,2025-10-31,Urgent,Dr. M. Joshi,CityCare Hospital,ICICI Lombard,268,Budesonide,Abnormal,27.8,141,77,104,101,4,49187.62,No,3,Never
ADM01450,PAT01368,Rahul Mehta,66,Female,O+,Pune,Maharashtra,Hypertension,2025-01-21,2025-01-22,Elective,Dr. A. Mehta,Green Valley Hospital,Star Health,671,Amlodipine,Normal,35.3,125,97,71,68,1,18929.25,No,5,Never
ADM01451,PAT00561,Arjun Rao,65,Female,A+,Pune,Maharashtra,Arthritis,2026-01-12,2026-01-17,Emergency,Dr. V. Jain,Green Valley Hospital,HDFC ERGO,527,Diclofenac,Normal,26.0,146,64,76,150,5,52845.56,No,4,Never
ADM01452,PAT00054,Kabir Agarwal,7,Female,B+,Bengaluru,Karnataka,Migraine,2025-04-13,2025-04-16,Elective,Dr. I. Khan,NewHope Hospital,Care Health,411,Sumatriptan,Abnormal,22.5,117,83,81,132,3,22396.36,No,4,Former
ADM01453,PAT01013,Priya Kumar,75,Female,AB-,Lucknow,Uttar Pradesh,Cardiac Disease,2026-01-12,2026-01-15,Urgent,Dr. V. Jain,NewHope Hospital,Star Health,183,Atorvastatin,Normal,22.8,134,90,91,81,3,32840.49,Yes,5,Never
ADM01454,PAT00460,Rohan Kapoor,29,Male,B-,Bengaluru,Karnataka,Arthritis,2026-08-31,2026-09-01,Urgent,Dr. I. Khan,LifeLine Multispeciality,Self Pay,359,Ibuprofen,Normal,23.3,125,74,95,118,1,19974.6,No,4,Former
ADM01455,PAT01707,Rohan Agarwal,56,Male,B+,Bhopal,Madhya Pradesh,Pneumonia,2025-05-23,2025-05-29,Elective,Dr. V. Jain,LifeLine Multispeciality,SBI General,511,Amoxicillin,Normal,,132,96,72,136,6,52132.38,No,4,Never
ADM01456,PAT01424,Vivaan Mishra,40,Female,O+,Chandigarh,Chandigarh,Hypertension,2024-12-06,2024-12-07,Elective,Dr. S. Verma,Metro Health Institute,HDFC ERGO,676,Losartan,Normal,27.2,152,89,64,76,1,7015.59,No,4,Never
ADM01457,PAT00449,Aditya Yadav,26,Male,AB+,Noida,Uttar Pradesh,Cardiac Disease,2025-09-16,2025-09-23,Urgent,Dr. P. Singh,Metro Health Institute,ICICI Lombard,339,Metoprolol,Normal,31.5,134,79,89,95,7,86617.51,Yes,4,Former
ADM01458,PAT00503,Aman Agarwal,81,Female,O-,Mumbai,Maharashtra,Pneumonia,2024-08-11,2024-08-18,Urgent,Dr. N. Sharma,Harmony Medical Centre,Self Pay,189,Azithromycin,Normal,25.4,139,63,78,69,7,66392.6,No,4,Current
ADM01459,PAT01793,Meera Yadav,45,Male,A-,Pune,Maharashtra,Pneumonia,2025-01-16,2025-01-20,Emergency,Dr. K. Rao,CityCare Hospital,Care Health,133,Azithromycin,Abnormal,25.9,156,86,90,131,4,50851.64,No,4,Never
ADM01460,PAT00463,Vivaan Rao,81,Male,AB-,Mumbai,Maharashtra,Kidney Disease,2025-03-14,2025-03-19,Emergency,Dr. T. Gupta,Harmony Medical Centre,ICICI Lombard,782,Sevelamer,Normal,,110,90,67,84,5,55966.87,No,5,Former
ADM01461,PAT00902,Vivaan Kumar,92,Male,A-,Mumbai,Maharashtra,Fracture,2026-08-23,2026-08-27,Emergency,Dr. N. Sharma,CityCare Hospital,Self Pay,423,Paracetamol,Borderline,32.6,137,80,94,66,4,44396.04,No,3,Former
ADM01462,PAT01327,Tanya Malhotra,35,Male,B-,Delhi,Delhi,COPD,2025-11-12,2025-11-16,Emergency,Dr. T. Gupta,Sunrise Medical Center,Star Health,559,Tiotropium,Normal,20.5,140,75,92,91,4,22714.23,No,4,Never
ADM01463,PAT01663,Nisha Yadav,40,Male,O-,Delhi,Delhi,Anemia,2025-11-14,2025-11-15,Urgent,Dr. M. Joshi,Harmony Medical Centre,Self Pay,364,Iron Supplement,Normal,31.5,144,67,91,117,1,14621.67,No,5,Never
ADM01464,PAT00443,Kavya Mehta,60,Male,O-,Kolkata,West Bengal,Diabetes,2024-11-09,2024-11-12,Urgent,Dr. R. Kapoor,Harmony Medical Centre,Star Health,621,Insulin,Normal,22.6,138,87,73,147,3,45328.59,No,2,Current
ADM01465,PAT00298,Krishna Rao,80,Male,AB-,Delhi,Delhi,Cardiac Disease,2024-07-15,2024-07-20,Elective,Dr. R. Kapoor,PrimeCare Hospital,Self Pay,268,Metoprolol,Abnormal,15.0,147,76,67,98,5,58476.12,No,3,Current
ADM01466,PAT00026,Aman Patel,43,Male,AB-,Bhopal,Madhya Pradesh,COPD,2026-07-27,2026-08-01,Elective,Dr. M. Joshi,LifeLine Multispeciality,HDFC ERGO,894,Salbutamol,Normal,28.6,129,76,93,89,5,56854.81,No,5,Never
ADM01467,PAT00608,Arjun Yadav,87,Female,A+,Jaipur,Rajasthan,Diabetes,2024-05-28,2024-05-30,Elective,Dr. M. Joshi,Metro Health Institute,HDFC ERGO,752,Insulin,Abnormal,25.1,123,70,101,151,2,18853.85,Yes,3,Current
ADM01468,PAT00500,Rahul Patel,67,Female,O-,Bengaluru,Karnataka,Cardiac Disease,2025-05-07,2025-05-15,Elective,Dr. A. Mehta,NewHope Hospital,Niva Bupa,399,Aspirin,Normal,33.3,128,69,73,80,8,98812.27,No,4,Never
ADM01469,PAT00043,Krishna Mehta,58,Male,A-,Mumbai,Maharashtra,Fracture,2025-08-15,2025-08-18,Urgent,Dr. N. Sharma,LifeLine Multispeciality,Niva Bupa,174,Paracetamol,Normal,25.1,123,76,81,107,3,28246.68,No,5,Current
ADM01470,PAT01757,Nisha Kumar,70,Female,A+,Delhi,Delhi,Asthma,2025-07-31,2025-08-02,Emergency,Dr. P. Singh,LifeLine Multispeciality,HDFC ERGO,372,Budesonide,Normal,24.9,132,63,85,80,2,18369.42,No,3,Never
ADM01471,PAT01254,Kavya Jain,77,Male,A+,Kolkata,West Bengal,Hypertension,2025-12-09,2025-12-14,Elective,Dr. S. Verma,PrimeCare Hospital,Care Health,861,Losartan,Normal,27.1,130,96,94,114,5,27855.44,No,3,Never
ADM01472,PAT00990,Arjun Agarwal,69,Female,O-,Noida,Uttar Pradesh,Diabetes,2026-05-02,2026-05-06,Elective,Dr. V. Jain,Green Valley Hospital,SBI General,751,Insulin,Borderline,31.2,135,81,87,178,4,36291.11,Yes,4,Never
ADM01473,PAT01717,Aarav Kumar,38,Male,O-,Bhopal,Madhya Pradesh,Hypertension,2025-01-13,2025-01-16,Urgent,Dr. P. Singh,Metro Health Institute,ICICI Lombard,564,Amlodipine,Normal,21.9,120,74,75,65,3,34639.06,No,4,Never
ADM01474,PAT00899,Vivaan Pandey,8,Female,B+,Chandigarh,Chandigarh,Hypertension,2025-09-12,2025-09-13,Elective,Dr. P. Singh,Harmony Medical Centre,Self Pay,300,Losartan,Normal,25.2,126,90,63,68,1,18706.17,No,4,Former
ADM01475,PAT00849,Diya Gupta,52,Female,O-,Hyderabad,Telangana,Fracture,2026-04-10,2026-04-12,Elective,Dr. N. Sharma,Harmony Medical Centre,Self Pay,861,Ibuprofen,Normal,25.3,125,97,82,69,2,26955.47,No,5,Current
ADM01476,PAT01140,Ananya Yadav,58,Male,A+,Chandigarh,Chandigarh,Hypertension,2026-04-02,2026-04-06,Emergency,Dr. K. Rao,Green Valley Hospital,HDFC ERGO,310,Amlodipine,Abnormal,24.7,132,82,90,145,4,17139.53,No,4,Former
ADM01477,PAT01129,Sneha Jain,52,Female,O-,Hyderabad,Telangana,Anemia,2026-08-21,2026-08-23,Urgent,Dr. A. Mehta,Metro Health Institute,Star Health,121,Iron Supplement,Borderline,24.1,117,68,82,78,2,18281.5,No,4,Current
ADM01478,PAT01164,Kavya Verma,26,Female,AB-,Lucknow,Uttar Pradesh,Hypertension,2025-06-25,2025-06-26,Emergency,Dr. K. Rao,Green Valley Hospital,Niva Bupa,768,Amlodipine,Normal,28.9,145,81,83,71,1,30463.64,No,3,Never
ADM01479,PAT00394,Kabir Jain,12,Female,A+,Noida,Uttar Pradesh,Anemia,2024-07-16,2024-07-20,Elective,Dr. N. Sharma,NewHope Hospital,HDFC ERGO,495,Iron Supplement,Borderline,29.8,120,85,54,99,4,38526.71,No,4,Never
ADM01480,PAT00845,Aditya Srivastava,18,Female,O+,Delhi,Delhi,Asthma,2025-11-23,2025-11-24,Elective,Dr. I. Khan,Green Valley Hospital,SBI General,418,Montelukast,Abnormal,23.2,145,87,76,127,1,15870.94,No,3,Current
ADM01481,PAT00382,Ananya Kumar,66,Male,O-,Pune,Maharashtra,Diabetes,2024-10-01,2024-10-05,Elective,Dr. P. Singh,LifeLine Multispeciality,Star Health,689,Glimepiride,Abnormal,19.6,114,73,72,150,4,28493.57,No,2,Never
ADM01482,PAT01737,Rohan Khan,27,Female,AB+,Mumbai,Maharashtra,Asthma,2025-04-02,2025-04-05,Elective,Dr. K. Rao,Sunrise Medical Center,Care Health,222,Salbutamol,Normal,25.1,109,93,88,131,3,27565.98,No,4,Never
ADM01483,PAT01063,Sneha Srivastava,33,Female,B-,Bhopal,Madhya Pradesh,Pneumonia,2025-06-28,2025-07-03,Emergency,Dr. M. Joshi,Harmony Medical Centre,SBI General,195,Ceftriaxone,Abnormal,26.8,139,81,92,109,5,52396.63,No,3,Current
ADM01484,PAT01190,Aman Yadav,62,Male,B-,Jaipur,Rajasthan,Diabetes,2024-08-28,2024-08-31,Elective,Dr. T. Gupta,PrimeCare Hospital,SBI General,298,Glimepiride,Abnormal,27.5,165,92,69,182,3,18151.88,No,4,Current
ADM01485,PAT00819,Riya Kapoor,46,Male,A-,Chandigarh,Chandigarh,Asthma,2025-05-03,2025-05-04,Urgent,Dr. T. Gupta,Metro Health Institute,Star Health,820,Budesonide,Borderline,26.3,128,71,77,106,1,30405.3,No,4,Never
ADM01486,PAT01285,Ananya Gupta,42,Female,A+,Pune,Maharashtra,Anemia,2025-03-04,2025-03-09,Emergency,Dr. V. Jain,CityCare Hospital,Self Pay,827,Vitamin B12,Normal,18.3,139,77,91,65,5,41481.92,No,5,Never
ADM01487,PAT01179,Meera Yadav,33,Female,B-,Chandigarh,Chandigarh,Diabetes,2026-05-02,2026-05-03,Urgent,Dr. A. Mehta,Green Valley Hospital,ICICI Lombard,571,Metformin,Abnormal,30.3,143,84,74,158,1,23399.28,Yes,3,Never
ADM01488,PAT00793,Kavya Yadav,43,Female,B+,Noida,Uttar Pradesh,Arthritis,2024-10-02,2024-10-05,Urgent,Dr. I. Khan,Harmony Medical Centre,Care Health,663,Diclofenac,Normal,29.3,138,69,73,74,3,23006.3,No,4,Former
ADM01489,PAT01530,Ishaan Khan,85,Male,O-,Delhi,Delhi,Diabetes,2024-03-11,2024-03-15,Urgent,Dr. V. Jain,Metro Health Institute,HDFC ERGO,322,Insulin,Abnormal,25.3,141,71,94,172,4,28061.99,No,4,Never
ADM01490,PAT00536,Krishna Kumar,81,Male,A+,Bhopal,Madhya Pradesh,Asthma,2025-06-27,2025-06-29,Urgent,Dr. R. Kapoor,PrimeCare Hospital,HDFC ERGO,441,Montelukast,Normal,20.1,122,82,110,93,2,27323.56,No,5,Never
ADM01491,PAT01448,Tanya Rao,4,Female,B-,Pune,Maharashtra,COPD,2026-04-11,2026-04-19,Emergency,Dr. S. Verma,CityCare Hospital,Niva Bupa,648,Tiotropium,Normal,25.5,127,74,79,102,8,79985.66,No,3,Former
ADM01492,PAT01632,Priya Kapoor,39,Male,AB-,Pune,Maharashtra,Migraine,2025-02-19,2025-02-20,Elective,Dr. P. Singh,Sunrise Medical Center,ICICI Lombard,684,Naproxen,Normal,31.7,139,65,84,66,1,5275.24,No,4,Current
ADM01493,PAT00746,Kavya Jain,73,Male,O+,Jaipur,Rajasthan,Cardiac Disease,2025-07-05,2025-07-12,Urgent,Dr. M. Joshi,CityCare Hospital,HDFC ERGO,852,Atorvastatin,Normal,27.5,149,68,82,102,7,86599.09,No,3,Never
ADM01494,PAT01646,Tanya Pandey,36,Female,A-,Chandigarh,Chandigarh,Migraine,2024-03-02,2024-03-03,Urgent,Dr. R. Kapoor,Metro Health Institute,ICICI Lombard,648,Paracetamol,Normal,18.9,114,77,71,87,1,14036.86,No,4,Current
ADM01495,PAT01642,Meera Sharma,54,Male,B+,Delhi,Delhi,Hypertension,2025-05-27,2025-05-31,Emergency,Dr. T. Gupta,Sunrise Medical Center,Star Health,878,Losartan,Normal,21.8,137,78,84,72,4,45682.5,No,3,Never
ADM01496,PAT00540,Kavya Gupta,50,Male,AB+,Mumbai,Maharashtra,Anemia,2025-09-15,2025-09-17,Emergency,Dr. S. Verma,NewHope Hospital,Niva Bupa,801,Vitamin B12,Abnormal,37.8,104,89,105,117,2,14735.06,No,4,Former
ADM01497,PAT00884,Isha Gupta,57,Male,AB-,Mumbai,Maharashtra,COPD,2025-05-10,2025-05-18,Emergency,Dr. N. Sharma,LifeLine Multispeciality,Care Health,749,Salbutamol,Normal,40.6,133,80,89,102,8,85879.77,No,2,Never
ADM01498,PAT00759,Kabir Patel,36,Male,A-,Bengaluru,Karnataka,Cardiac Disease,2024-04-12,2024-04-17,Emergency,Dr. P. Singh,Green Valley Hospital,HDFC ERGO,738,Aspirin,Normal,21.9,142,64,84,91,5,57949.25,Yes,4,Current
ADM01499,PAT00747,Riya Patel,68,Female,AB+,Lucknow,Uttar Pradesh,COPD,2026-02-08,2026-02-09,Urgent,Dr. S. Verma,LifeLine Multispeciality,Niva Bupa,287,Tiotropium,Abnormal,26.5,141,82,80,131,1,13206.06,No,4,Never
ADM01500,PAT00481,Aman Sharma,50,Male,AB-,Lucknow,Uttar Pradesh,Pneumonia,2024-01-05,2024-01-11,Urgent,Dr. K. Rao,Green Valley Hospital,Star Health,310,Amoxicillin,Abnormal,28.5,137,72,70,73,6,57582.69,No,3,Never
ADM01501,PAT00656,Riya Jain,62,Male,AB-,Noida,Uttar Pradesh,Asthma,2024-08-08,2024-08-09,Urgent,Dr. I. Khan,PrimeCare Hospital,SBI General,595,Montelukast,Normal,23.6,99,84,88,85,1,21803.43,No,4,Never
ADM01502,PAT01107,Priya Singh,66,Female,A-,Lucknow,Uttar Pradesh,Anemia,2025-03-23,2025-03-26,Emergency,Dr. V. Jain,Metro Health Institute,Care Health,400,Iron Supplement,Borderline,26.3,132,86,89,100,3,25768.19,No,5,Never
ADM01503,PAT00732,Meera Joshi,27,Female,A-,Patna,Bihar,Kidney Disease,2025-07-08,2025-07-14,Elective,Dr. K. Rao,NewHope Hospital,SBI General,490,Furosemide,Normal,29.6,117,86,71,103,6,74892.61,No,5,Never
ADM01504,PAT00158,Tanya Joshi,58,Male,AB+,Hyderabad,Telangana,Gastroenteritis,2024-12-26,2024-12-27,Emergency,Dr. N. Sharma,NewHope Hospital,SBI General,895,ORS,Normal,23.7,133,83,83,133,1,22209.31,No,4,Never
ADM01505,PAT01420,Aarav Jain,48,Female,A-,Patna,Bihar,Migraine,2026-04-29,2026-05-01,Elective,Dr. M. Joshi,NewHope Hospital,Star Health,132,Paracetamol,Abnormal,23.7,142,76,72,118,2,15950.84,No,3,Never
ADM01506,PAT00276,Aarav Pandey,31,Female,O-,Bhopal,Madhya Pradesh,Arthritis,2024-07-07,2024-07-08,Emergency,Dr. K. Rao,Green Valley Hospital,SBI General,599,Diclofenac,Normal,24.3,126,76,80,110,1,16809.14,No,3,Never
ADM01507,PAT00659,Riya Chauhan,79,Female,AB+,Mumbai,Maharashtra,Diabetes,2024-04-26,2024-05-01,Emergency,Dr. N. Sharma,Harmony Medical Centre,Star Health,631,Metformin,Normal,30.7,105,94,85,192,5,50739.59,No,3,Former
ADM01508,PAT01762,Meera Sharma,38,Female,O-,Patna,Bihar,Kidney Disease,2025-11-25,2025-12-02,Emergency,Dr. V. Jain,Metro Health Institute,Care Health,173,Erythropoietin,Normal,22.8,139,75,64,78,7,73975.15,No,3,Former
ADM01509,PAT01695,Aditya Gupta,9,Female,O+,Bhopal,Madhya Pradesh,Asthma,2026-01-18,2026-01-19,Urgent,Dr. K. Rao,Harmony Medical Centre,Self Pay,424,Montelukast,Normal,,131,89,80,65,1,17931.85,No,4,Former
ADM01510,PAT01439,Aditya Agarwal,29,Female,AB-,Delhi,Delhi,Hypertension,2025-01-27,2025-01-29,Elective,Dr. V. Jain,Harmony Medical Centre,SBI General,638,Amlodipine,Abnormal,24.6,146,95,63,92,2,13107.43,No,3,Never
ADM01511,PAT00506,Nisha Kapoor,66,Female,AB-,Bhopal,Madhya Pradesh,Hypertension,2025-04-16,2025-04-20,Elective,Dr. S. Verma,LifeLine Multispeciality,SBI General,379,Amlodipine,Normal,29.4,163,110,77,92,4,34141.05,No,3,Former
ADM01512,PAT01630,Kavya Mehta,21,Female,O-,Pune,Maharashtra,Fracture,2026-03-09,2026-03-14,Urgent,Dr. I. Khan,Sunrise Medical Center,Care Health,617,Paracetamol,Normal,27.8,103,86,69,65,5,53396.06,No,4,Current
ADM01513,PAT01103,Meera Joshi,51,Female,A+,Jaipur,Rajasthan,Migraine,2026-07-02,2026-07-04,Emergency,Dr. A. Mehta,Sunrise Medical Center,Self Pay,865,Naproxen,Borderline,29.1,133,54,66,86,2,27843.14,No,3,Never
ADM01514,PAT01186,Kabir Mishra,33,Male,O-,Patna,Bihar,Migraine,2025-09-04,2025-09-08,Urgent,Dr. N. Sharma,Sunrise Medical Center,Niva Bupa,217,Naproxen,Normal,32.0,131,77,83,117,4,22689.95,No,3,Former
ADM01515,PAT00264,Ishaan Khan,61,Female,AB-,Jaipur,Rajasthan,Kidney Disease,2024-06-30,2024-07-05,Emergency,Dr. R. Kapoor,Harmony Medical Centre,ICICI Lombard,565,Furosemide,Borderline,16.9,116,80,73,95,5,66283.36,Yes,4,Never
ADM01516,PAT00198,Meera Singh,52,Female,O-,Delhi,Delhi,Cardiac Disease,2026-06-28,2026-07-05,Emergency,Dr. N. Sharma,Metro Health Institute,HDFC ERGO,768,Aspirin,Borderline,25.5,124,83,106,115,7,93191.83,Yes,3,Never
ADM01517,PAT01607,Tanya Rao,85,Male,AB+,Bhopal,Madhya Pradesh,Hypertension,2024-02-02,2024-02-05,Elective,Dr. P. Singh,Harmony Medical Centre,Star Health,577,Losartan,Abnormal,33.8,138,80,89,65,3,25208.12,No,4,Never
ADM01518,PAT01040,Rahul Yadav,33,Female,A+,Jaipur,Rajasthan,Asthma,2024-06-09,2024-06-14,Elective,Dr. P. Singh,PrimeCare Hospital,Star Health,512,Montelukast,Normal,27.5,112,90,73,84,5,25667.17,No,5,Never
ADM01519,PAT01451,Vivaan Kumar,59,Female,A+,Jaipur,Rajasthan,Asthma,2024-11-29,2024-12-01,Urgent,Dr. P. Singh,Green Valley Hospital,Care Health,131,Montelukast,Normal,25.6,138,70,82,106,2,22667.04,No,5,Current
ADM01520,PAT00975,Diya Sharma,36,Male,A-,Patna,Bihar,Cardiac Disease,2024-02-26,2024-03-05,Urgent,Dr. K. Rao,Green Valley Hospital,HDFC ERGO,152,Aspirin,Abnormal,17.7,140,65,95,150,8,96054.1,No,4,Never
ADM01521,PAT01097,Aditya Khan,65,Male,O+,Lucknow,Uttar Pradesh,Kidney Disease,2025-06-13,2025-06-20,Emergency,Dr. T. Gupta,NewHope Hospital,ICICI Lombard,195,Sevelamer,Normal,24.6,127,86,85,110,7,65514.66,No,4,Never
ADM01522,PAT00643,Kavya Mehta,30,Female,A-,Pune,Maharashtra,Migraine,2024-09-03,2024-09-04,Urgent,Dr. S. Verma,Harmony Medical Centre,Self Pay,395,Paracetamol,Abnormal,22.9,102,97,79,81,1,13745.69,No,5,Never
ADM01523,PAT00215,Sneha Saxena,57,Female,O-,Patna,Bihar,Asthma,2025-05-29,2025-06-03,Emergency,Dr. I. Khan,Sunrise Medical Center,Self Pay,885,Budesonide,Normal,,122,77,88,107,5,45700.45,No,4,Former
ADM01524,PAT01654,Arjun Mishra,57,Female,AB+,Chandigarh,Chandigarh,Hypertension,2024-12-17,2024-12-22,Urgent,Dr. N. Sharma,LifeLine Multispeciality,Self Pay,851,Telmisartan,Normal,34.8,139,87,82,73,5,27455.17,No,3,Never
ADM01525,PAT01693,Aarav Agarwal,36,Male,B-,Bengaluru,Karnataka,Anemia,2025-03-11,2025-03-12,Urgent,Dr. R. Kapoor,CityCare Hospital,Self Pay,493,Vitamin B12,Normal,24.0,109,67,65,65,1,17396.26,No,4,Former
ADM01526,PAT01238,Vivaan Kapoor,37,Male,A-,Hyderabad,Telangana,Arthritis,2025-05-14,2025-05-16,Emergency,Dr. R. Kapoor,LifeLine Multispeciality,ICICI Lombard,478,Diclofenac,Abnormal,28.5,126,95,75,65,2,21894.1,No,3,Never
ADM01527,PAT00467,Rohan Rao,70,Female,AB+,Chandigarh,Chandigarh,Hypertension,2024-02-22,2024-02-26,Urgent,Dr. N. Sharma,LifeLine Multispeciality,HDFC ERGO,745,Amlodipine,Normal,27.8,178,74,76,76,4,8516.61,No,4,Never
ADM01528,PAT01475,Priya Gupta,38,Male,O+,Delhi,Delhi,Hypertension,2025-09-16,2025-09-20,Elective,Dr. S. Verma,Sunrise Medical Center,Niva Bupa,539,Amlodipine,Normal,26.7,151,96,74,88,4,29070.8,No,,Former
ADM01529,PAT00714,Ishaan Rao,47,Male,A-,Jaipur,Rajasthan,Asthma,2024-06-22,2024-06-23,Emergency,Dr. R. Kapoor,NewHope Hospital,ICICI Lombard,796,Salbutamol,Normal,34.4,133,92,92,134,1,9999.64,Yes,4,Former
ADM01530,PAT01470,Aman Agarwal,74,Male,AB+,Kolkata,West Bengal,Hypertension,2025-04-04,2025-04-06,Emergency,Dr. A. Mehta,Metro Health Institute,Self Pay,534,Telmisartan,Borderline,23.0,130,86,66,89,2,16011.85,No,3,Never
ADM01531,PAT01438,Aman Malhotra,92,Male,A-,Delhi,Delhi,Cardiac Disease,2024-04-21,2024-04-28,Emergency,Dr. K. Rao,CityCare Hospital,Niva Bupa,462,Aspirin,Normal,27.0,138,72,64,123,7,109971.7,No,1,Never
ADM01532,PAT01321,Arjun Yadav,47,Male,B+,Patna,Bihar,COPD,2025-10-26,2025-11-01,Elective,Dr. T. Gupta,Sunrise Medical Center,Star Health,634,Salbutamol,Borderline,18.7,119,95,92,70,6,55844.12,No,4,Never
ADM01533,PAT01135,Arjun Malhotra,47,Male,B+,Lucknow,Uttar Pradesh,Anemia,2026-05-02,2026-05-06,Emergency,Dr. I. Khan,Sunrise Medical Center,Niva Bupa,226,Vitamin B12,Normal,27.9,124,75,75,85,4,32919.3,No,5,Current
ADM01534,PAT01682,Isha Srivastava,60,Female,AB+,Patna,Bihar,Kidney Disease,2026-03-08,2026-03-12,Urgent,Dr. V. Jain,Green Valley Hospital,Self Pay,333,Sevelamer,Abnormal,30.4,134,91,81,97,4,53100.88,No,4,Current
ADM01535,PAT00459,Nisha Verma,33,Male,A-,Kolkata,West Bengal,Gastroenteritis,2024-04-17,2024-04-20,Emergency,Dr. R. Kapoor,NewHope Hospital,Star Health,463,Ondansetron,Normal,,112,82,88,126,3,41124.32,Yes,4,Never
ADM01536,PAT00953,Aditya Chauhan,9,Female,O+,Pune,Maharashtra,Pneumonia,2024-11-09,2024-11-13,Elective,Dr. P. Singh,Sunrise Medical Center,SBI General,749,Amoxicillin,Normal,31.7,139,81,119,71,4,49316.2,No,4,Never
ADM01537,PAT00552,Arjun Joshi,26,Male,O-,Delhi,Delhi,COPD,2025-02-27,2025-03-01,Elective,Dr. M. Joshi,CityCare Hospital,HDFC ERGO,750,Budesonide,Borderline,26.0,113,74,91,117,2,26668.03,No,3,Former
ADM01538,PAT01177,Arjun Gupta,30,Male,A+,Jaipur,Rajasthan,Diabetes,2024-02-11,2024-02-13,Urgent,Dr. P. Singh,Metro Health Institute,Self Pay,899,Glimepiride,Normal,31.5,115,94,97,203,2,30008.75,No,4,Never
ADM01539,PAT01714,Rahul Srivastava,60,Male,O+,Delhi,Delhi,Pneumonia,2025-07-14,2025-07-21,Elective,Dr. P. Singh,NewHope Hospital,HDFC ERGO,778,Azithromycin,Normal,29.1,99,88,91,66,7,61621.67,No,4,Never
ADM01540,PAT00109,Rohan Agarwal,22,Male,A-,Jaipur,Rajasthan,Migraine,2024-03-09,2024-03-10,Urgent,Dr. R. Kapoor,LifeLine Multispeciality,Niva Bupa,275,Sumatriptan,Borderline,27.6,134,79,87,108,1,7636.66,No,3,Never
ADM01541,PAT00943,Sneha Srivastava,37,Female,O-,Mumbai,Maharashtra,Kidney Disease,2025-04-17,2025-04-20,Emergency,Dr. P. Singh,Sunrise Medical Center,Care Health,898,Erythropoietin,Borderline,23.5,126,65,74,116,3,59552.54,No,3,Never
ADM01542,PAT01268,Diya Kapoor,49,Female,O-,Mumbai,Maharashtra,Gastroenteritis,2025-08-29,2025-09-01,Urgent,Dr. K. Rao,NewHope Hospital,Niva Bupa,207,Ondansetron,Normal,30.0,105,82,100,102,3,12467.09,No,4,Former
ADM01543,PAT00897,Ishaan Singh,52,Male,AB+,Lucknow,Uttar Pradesh,Arthritis,2024-01-11,2024-01-12,Elective,Dr. N. Sharma,Metro Health Institute,ICICI Lombard,579,Ibuprofen,Abnormal,24.4,147,69,77,107,1,14491.02,No,4,Never
ADM01544,PAT01019,Nisha Sharma,40,Female,A+,Lucknow,Uttar Pradesh,Migraine,2024-02-04,2024-02-08,Elective,Dr. N. Sharma,Green Valley Hospital,Niva Bupa,108,Naproxen,Normal,22.1,104,84,71,104,4,29356.71,No,5,Current
ADM01545,PAT01211,Ananya Kumar,43,Female,O+,Noida,Uttar Pradesh,Arthritis,2024-08-22,2024-08-28,Emergency,Dr. T. Gupta,Sunrise Medical Center,HDFC ERGO,340,Naproxen,Normal,26.0,104,77,77,109,6,54456.27,No,4,Former
ADM01546,PAT00894,Sneha Yadav,92,Male,AB-,Lucknow,Uttar Pradesh,Migraine,2025-12-16,2025-12-19,Emergency,Dr. N. Sharma,Sunrise Medical Center,HDFC ERGO,599,Sumatriptan,Normal,30.3,125,69,68,89,3,35188.21,No,3,Never
ADM01547,PAT00133,Sneha Khan,41,Male,A-,Kolkata,West Bengal,Cardiac Disease,2024-09-01,2024-09-08,Emergency,Dr. S. Verma,Sunrise Medical Center,Star Health,812,Aspirin,Borderline,29.8,140,74,66,94,7,94547.22,Yes,4,Current
ADM01548,PAT00351,Nisha Mishra,61,Female,AB-,Hyderabad,Telangana,Diabetes,2025-05-07,2025-05-10,Emergency,Dr. V. Jain,Metro Health Institute,Self Pay,289,Insulin,Borderline,26.6,118,79,71,157,3,26623.48,No,3,Never
ADM01549,PAT00046,Riya Srivastava,25,Male,AB+,Bhopal,Madhya Pradesh,Gastroenteritis,2024-10-07,2024-10-08,Urgent,Dr. V. Jain,Harmony Medical Centre,Star Health,796,ORS,Abnormal,27.7,117,76,80,66,1,13321.59,No,3,Never
ADM01550,PAT01147,Aarav Saxena,70,Female,AB+,Lucknow,Uttar Pradesh,Asthma,2025-11-19,2025-11-22,Elective,Dr. R. Kapoor,Metro Health Institute,Niva Bupa,101,Budesonide,Borderline,18.8,153,104,90,76,3,25390.5,No,4,Former
ADM01551,PAT00919,Krishna Mehta,40,Male,AB+,Jaipur,Rajasthan,Migraine,2026-06-27,2026-06-28,Urgent,Dr. T. Gupta,Sunrise Medical Center,Niva Bupa,327,Sumatriptan,Normal,24.8,105,74,87,119,1,11350.99,No,5,Never
ADM01552,PAT01145,Aman Chauhan,47,Male,O+,Delhi,Delhi,Kidney Disease,2025-02-21,2025-02-28,Urgent,Dr. M. Joshi,LifeLine Multispeciality,Star Health,523,Sevelamer,Normal,26.6,128,67,72,80,7,85625.68,No,4,Never
ADM01553,PAT01332,Kavya Patel,23,Male,A+,Pune,Maharashtra,Arthritis,2026-06-28,2026-06-29,Urgent,Dr. M. Joshi,NewHope Hospital,Self Pay,471,Naproxen,Borderline,31.2,126,86,76,65,1,12204.33,No,4,Current
ADM01554,PAT00118,Kavya Rao,32,Male,A-,Chandigarh,Chandigarh,Asthma,2024-10-10,2024-10-14,Elective,Dr. I. Khan,Harmony Medical Centre,Star Health,234,Budesonide,Normal,24.6,111,85,77,65,4,39998.82,No,4,Never
ADM01555,PAT00712,Ishaan Agarwal,84,Female,A-,Lucknow,Uttar Pradesh,Diabetes,2024-12-25,2024-12-30,Emergency,Dr. R. Kapoor,CityCare Hospital,Self Pay,549,Glimepiride,Abnormal,23.3,125,75,98,164,5,50139.01,No,4,Never
ADM01556,PAT00977,Aarav Kapoor,39,Male,B-,Chandigarh,Chandigarh,Cardiac Disease,2024-06-14,2024-06-21,Emergency,Dr. A. Mehta,Harmony Medical Centre,ICICI Lombard,224,Aspirin,Normal,25.6,135,70,89,65,7,85143.42,Yes,5,Former
ADM01557,PAT01777,Rahul Yadav,31,Male,AB+,Bengaluru,Karnataka,Gastroenteritis,2026-05-23,2026-05-27,Urgent,Dr. A. Mehta,Metro Health Institute,Care Health,476,Probiotic,Borderline,30.9,88,85,92,65,4,29657.21,No,3,Never
ADM01558,PAT01447,Kavya Kumar,42,Male,O+,Bengaluru,Karnataka,Migraine,2026-07-12,2026-07-17,Emergency,Dr. M. Joshi,CityCare Hospital,SBI General,504,Sumatriptan,Normal,,114,85,69,118,5,28840.43,No,4,Never
ADM01559,PAT00303,Riya Kumar,26,Female,B-,Hyderabad,Telangana,Arthritis,2025-05-05,2025-05-08,Elective,Dr. R. Kapoor,PrimeCare Hospital,HDFC ERGO,182,Diclofenac,Normal,32.9,128,62,88,118,3,30669.38,No,4,Former
ADM01560,PAT00131,Sneha Patel,83,Female,B-,Jaipur,Rajasthan,Asthma,2025-12-10,2025-12-14,Emergency,Dr. M. Joshi,PrimeCare Hospital,Niva Bupa,471,Budesonide,Borderline,29.1,117,88,84,87,4,40368.18,No,4,Current
ADM01561,PAT01397,Aditya Kumar,13,Male,B+,Bhopal,Madhya Pradesh,Migraine,2025-07-23,2025-07-26,Emergency,Dr. T. Gupta,CityCare Hospital,Niva Bupa,844,Paracetamol,Normal,33.2,126,81,85,143,3,8822.38,No,3,Never
ADM01562,PAT00726,Nisha Kapoor,51,Female,AB+,Patna,Bihar,Diabetes,2026-02-14,2026-02-16,Urgent,Dr. R. Kapoor,Green Valley Hospital,Self Pay,728,Metformin,Normal,32.6,125,87,89,171,2,25245.55,No,5,Never
ADM01563,PAT00134,Priya Saxena,47,Female,A+,Noida,Uttar Pradesh,Asthma,2026-01-30,2026-02-03,Emergency,Dr. K. Rao,NewHope Hospital,Care Health,711,Salbutamol,Normal,23.9,147,81,84,114,4,47729.84,No,3,Former
ADM01564,PAT01473,Tanya Patel,49,Female,A+,Jaipur,Rajasthan,Hypertension,2024-12-16,2024-12-17,Urgent,Dr. R. Kapoor,PrimeCare Hospital,Star Health,154,Losartan,Normal,30.5,156,80,83,111,1,10306.43,No,4,Former
ADM01565,PAT00566,Priya Mehta,37,Female,A-,Kolkata,West Bengal,Diabetes,2025-05-12,2025-05-13,Emergency,Dr. P. Singh,NewHope Hospital,Star Health,532,Insulin,Abnormal,30.5,146,79,83,134,1,7285.89,Yes,3,Never
ADM01566,PAT01167,Aarav Mishra,49,Female,O+,Chandigarh,Chandigarh,Arthritis,2025-04-07,2025-04-09,Emergency,Dr. V. Jain,Metro Health Institute,ICICI Lombard,703,Diclofenac,Abnormal,24.7,145,92,75,115,2,27312.62,No,4,Current
ADM01567,PAT00517,Ananya Agarwal,44,Female,AB-,Noida,Uttar Pradesh,Cardiac Disease,2024-05-03,2024-05-09,Urgent,Dr. P. Singh,Sunrise Medical Center,Self Pay,405,Aspirin,Normal,30.3,103,81,57,91,6,67812.29,Yes,3,Current
ADM01568,PAT01491,Nisha Joshi,53,Female,O-,Bhopal,Madhya Pradesh,Gastroenteritis,2024-11-27,2024-11-28,Elective,Dr. K. Rao,Metro Health Institute,Niva Bupa,522,ORS,Normal,22.0,137,75,86,104,1,11627.96,Yes,5,Never
ADM01569,PAT00057,Priya Patel,62,Male,AB-,Patna,Bihar,Hypertension,2025-04-16,2025-04-19,Emergency,Dr. V. Jain,Metro Health Institute,Self Pay,132,Amlodipine,Normal,23.4,116,93,48,116,3,31240.54,No,3,Current
ADM01570,PAT01462,Arjun Rao,32,Female,O-,Kolkata,West Bengal,Arthritis,2026-08-30,2026-08-31,Urgent,Dr. I. Khan,Green Valley Hospital,Self Pay,716,Naproxen,Borderline,21.7,125,78,71,79,1,5528.45,No,4,Never
ADM01571,PAT01225,Meera Saxena,5,Male,A+,Hyderabad,Telangana,Asthma,2026-08-29,2026-08-30,Emergency,Dr. V. Jain,Harmony Medical Centre,HDFC ERGO,517,Montelukast,Normal,27.7,168,79,82,78,1,11483.78,No,3,Former
ADM01572,PAT01006,Tanya Jain,31,Female,AB-,Delhi,Delhi,Kidney Disease,2026-05-21,2026-05-25,Elective,Dr. S. Verma,Harmony Medical Centre,HDFC ERGO,725,Erythropoietin,Normal,25.5,146,70,79,74,4,50459.51,No,4,Current
ADM01573,PAT00883,Rohan Yadav,65,Female,A+,Mumbai,Maharashtra,Pneumonia,2026-04-24,2026-04-30,Emergency,Dr. R. Kapoor,NewHope Hospital,ICICI Lombard,150,Ceftriaxone,Normal,31.0,141,81,79,109,6,68187.48,No,3,Current
ADM01574,PAT01443,Meera Agarwal,26,Female,A+,Kolkata,West Bengal,Anemia,2024-03-19,2024-03-21,Emergency,Dr. T. Gupta,PrimeCare Hospital,Star Health,749,Folic Acid,Normal,17.0,103,67,83,90,2,22662.37,No,4,Former
ADM01575,PAT01566,Krishna Sharma,14,Male,B+,Bengaluru,Karnataka,Migraine,2025-03-04,2025-03-05,Urgent,Dr. K. Rao,NewHope Hospital,ICICI Lombard,807,Naproxen,Normal,25.1,132,82,78,108,1,18196.52,No,4,Never
ADM01576,PAT00274,Isha Pandey,25,Female,AB+,Delhi,Delhi,Gastroenteritis,2025-03-09,2025-03-10,Emergency,Dr. K. Rao,Harmony Medical Centre,Self Pay,731,Ondansetron,Abnormal,24.4,147,89,57,103,1,11842.78,No,2,Never
ADM01577,PAT00812,Rohan Singh,34,Female,O-,Lucknow,Uttar Pradesh,Asthma,2025-07-18,2025-07-21,Emergency,Dr. A. Mehta,Harmony Medical Centre,HDFC ERGO,115,Salbutamol,Abnormal,34.0,92,87,105,122,3,24080.92,No,2,Never
ADM01578,PAT00441,Isha Jain,47,Male,A-,Patna,Bihar,Diabetes,2024-03-05,2024-03-06,Urgent,Dr. K. Rao,LifeLine Multispeciality,ICICI Lombard,166,Metformin,Borderline,19.1,156,78,70,138,1,13115.92,No,4,Never
ADM01579,PAT01356,Rohan Gupta,59,Male,B-,Pune,Maharashtra,Anemia,2024-08-13,2024-08-15,Elective,Dr. V. Jain,Sunrise Medical Center,Self Pay,796,Iron Supplement,Borderline,20.1,127,70,72,75,2,19745.42,No,4,Never
ADM01580,PAT00926,Rohan Srivastava,61,Male,AB-,Kolkata,West Bengal,Gastroenteritis,2024-12-13,2024-12-17,Elective,Dr. V. Jain,Sunrise Medical Center,Self Pay,355,Probiotic,Normal,21.2,134,72,73,65,4,48266.5,No,,Never
ADM01581,PAT00635,Tanya Chauhan,61,Female,A-,Hyderabad,Telangana,Diabetes,2026-03-25,2026-03-28,Elective,Dr. N. Sharma,LifeLine Multispeciality,Star Health,455,Glimepiride,Abnormal,28.9,128,73,93,177,3,23595.85,Yes,3,Never
ADM01582,PAT01103,Meera Joshi,51,Female,A+,Jaipur,Rajasthan,Arthritis,2025-03-03,2025-03-05,Elective,Dr. M. Joshi,Metro Health Institute,ICICI Lombard,102,Ibuprofen,Abnormal,24.0,146,84,69,68,2,31770.25,No,5,Never
ADM01583,PAT01428,Rohan Pandey,72,Male,A+,Noida,Uttar Pradesh,Hypertension,2025-01-22,2025-01-23,Urgent,Dr. P. Singh,Sunrise Medical Center,Niva Bupa,149,Losartan,Normal,36.9,139,86,92,72,1,3500,Yes,4,Former
ADM01584,PAT01382,Kabir Jain,58,Female,AB+,Mumbai,Maharashtra,Gastroenteritis,2024-01-16,2024-01-19,Urgent,Dr. N. Sharma,CityCare Hospital,Self Pay,798,Ondansetron,Normal,22.9,129,81,96,107,3,14421.58,No,3,Never
ADM01585,PAT00624,Rahul Chauhan,74,Female,B+,Bhopal,Madhya Pradesh,Kidney Disease,2024-12-20,2024-12-28,Emergency,Dr. P. Singh,Green Valley Hospital,Care Health,892,Erythropoietin,Borderline,23.1,124,83,62,96,8,78496.09,No,5,Never
ADM01586,PAT00677,Krishna Rao,54,Female,A+,Bhopal,Madhya Pradesh,Pneumonia,2025-08-15,2025-08-21,Emergency,Dr. K. Rao,NewHope Hospital,HDFC ERGO,622,Azithromycin,Borderline,,112,77,87,67,6,55969.86,No,4,Never
ADM01587,PAT00477,Ananya Saxena,14,Male,A+,Bhopal,Madhya Pradesh,Kidney Disease,2024-01-13,2024-01-18,Urgent,Dr. M. Joshi,LifeLine Multispeciality,ICICI Lombard,530,Furosemide,Normal,24.2,113,74,67,124,5,67855.04,No,3,Never
ADM01588,PAT01168,Ishaan Khan,54,Male,AB+,Jaipur,Rajasthan,Anemia,2026-02-03,2026-02-05,Emergency,Dr. V. Jain,CityCare Hospital,Care Health,136,Folic Acid,Normal,29.4,152,67,53,116,2,24469.88,No,3,Never
ADM01589,PAT01636,Aman Mishra,27,Male,AB-,Chandigarh,Chandigarh,Arthritis,2025-11-09,2025-11-11,Elective,Dr. M. Joshi,NewHope Hospital,HDFC ERGO,272,Ibuprofen,Normal,25.0,102,91,97,71,2,28104.59,No,4,Never
ADM01590,PAT01794,Kavya Kumar,47,Female,A+,Bengaluru,Karnataka,Asthma,2026-03-24,2026-03-27,Emergency,Dr. A. Mehta,Green Valley Hospital,SBI General,601,Salbutamol,Normal,,125,93,86,109,3,8900.25,No,4,Never
ADM01591,PAT01041,Ishaan Chauhan,38,Female,A-,Pune,Maharashtra,Fracture,2025-10-26,2025-10-31,Elective,Dr. A. Mehta,NewHope Hospital,Care Health,326,Calcium,Normal,27.8,130,73,86,116,5,65069.73,No,4,Never
ADM01592,PAT00834,Riya Gupta,43,Female,O-,Pune,Maharashtra,Asthma,2025-03-06,2025-03-07,Urgent,Dr. V. Jain,Green Valley Hospital,HDFC ERGO,439,Salbutamol,Normal,36.0,122,69,99,120,1,27362.8,Yes,3,Never
ADM01593,PAT00296,Ishaan Sharma,29,Female,AB-,Bhopal,Madhya Pradesh,Fracture,2024-03-01,2024-03-06,Elective,Dr. P. Singh,Sunrise Medical Center,ICICI Lombard,244,Paracetamol,Borderline,21.3,147,86,90,71,5,47172.29,Yes,5,Former
ADM01594,PAT01570,Sneha Jain,54,Female,A+,Lucknow,Uttar Pradesh,Asthma,2024-11-03,2024-11-04,Elective,Dr. I. Khan,Metro Health Institute,Star Health,226,Montelukast,Abnormal,30.9,144,79,89,99,1,8016.22,No,5,Former
ADM01595,PAT01106,Kavya Joshi,27,Male,O-,Bengaluru,Karnataka,Diabetes,2025-04-15,2025-04-20,Emergency,Dr. T. Gupta,LifeLine Multispeciality,Niva Bupa,795,Insulin,Normal,32.6,115,79,58,128,5,43657.73,Yes,4,Current
ADM01596,PAT01396,Tanya Sharma,49,Female,A+,Delhi,Delhi,COPD,2025-10-06,2025-10-09,Emergency,Dr. M. Joshi,Sunrise Medical Center,Self Pay,122,Budesonide,Abnormal,31.4,125,80,88,136,3,28259.95,No,4,Current
ADM01597,PAT01202,Riya Singh,51,Female,B+,Mumbai,Maharashtra,Fracture,2025-08-20,2025-08-25,Elective,Dr. P. Singh,LifeLine Multispeciality,Self Pay,126,Calcium,Abnormal,23.1,135,70,74,135,5,45249.26,No,4,Former
ADM01598,PAT00645,Nisha Yadav,47,Female,AB-,Kolkata,West Bengal,Fracture,2024-06-27,2024-07-03,Elective,Dr. S. Verma,Sunrise Medical Center,Self Pay,316,Ibuprofen,Normal,26.6,130,80,63,123,6,53644.73,No,5,Never
ADM01599,PAT01767,Meera Mehta,45,Female,A+,Hyderabad,Telangana,Asthma,2024-04-16,2024-04-17,Emergency,Dr. P. Singh,CityCare Hospital,Niva Bupa,155,Montelukast,Borderline,27.3,136,68,106,113,1,12363.8,No,4,Current
ADM01600,PAT00014,Rahul Srivastava,34,Female,B-,Delhi,Delhi,Migraine,2026-05-13,2026-05-16,Urgent,Dr. P. Singh,CityCare Hospital,ICICI Lombard,427,Paracetamol,Abnormal,15.0,155,81,66,95,3,23138.23,No,4,Former
ADM01601,PAT01249,Ananya Sharma,74,Female,O-,Noida,Uttar Pradesh,Gastroenteritis,2025-05-10,2025-05-13,Urgent,Dr. T. Gupta,Green Valley Hospital,Self Pay,232,ORS,Abnormal,27.3,109,84,77,97,3,20659.18,No,4,Never
ADM01602,PAT00109,Rohan Agarwal,22,Male,A-,Jaipur,Rajasthan,Pneumonia,2025-05-10,2025-05-16,Elective,Dr. S. Verma,NewHope Hospital,Self Pay,459,Ceftriaxone,Normal,32.2,127,80,88,65,6,50904.92,No,4,Never
ADM01603,PAT01459,Krishna Saxena,44,Female,A-,Hyderabad,Telangana,Migraine,2025-08-05,2025-08-06,Urgent,Dr. P. Singh,PrimeCare Hospital,Star Health,742,Naproxen,Borderline,31.4,125,85,83,121,1,24182.9,No,4,Never
ADM01604,PAT01546,Aarav Verma,50,Female,AB+,Pune,Maharashtra,Hypertension,2024-06-13,2024-06-18,Emergency,Dr. R. Kapoor,PrimeCare Hospital,Care Health,887,Amlodipine,Normal,24.7,133,77,86,101,5,35282.2,No,2,Never
ADM01605,PAT00734,Ananya Mehta,40,Female,O+,Kolkata,West Bengal,Fracture,2025-01-24,2025-01-28,Urgent,Dr. I. Khan,PrimeCare Hospital,Care Health,745,Paracetamol,Normal,19.4,128,86,70,75,4,33355.74,No,4,Former
ADM01606,PAT01204,Kavya Mehta,53,Female,O-,Bengaluru,Karnataka,Pneumonia,2025-06-01,2025-06-06,Elective,Dr. K. Rao,Harmony Medical Centre,ICICI Lombard,778,Azithromycin,Normal,23.8,144,90,80,69,5,71959.87,No,4,Never
ADM01607,PAT00246,Arjun Srivastava,42,Female,A-,Jaipur,Rajasthan,Hypertension,2025-08-12,2025-08-13,Elective,Dr. V. Jain,NewHope Hospital,ICICI Lombard,745,Amlodipine,Normal,24.9,160,95,77,113,1,17293.71,No,4,Never
ADM01608,PAT01587,Isha Singh,53,Male,A-,Patna,Bihar,Migraine,2024-10-28,2024-10-30,Urgent,Dr. P. Singh,Metro Health Institute,ICICI Lombard,342,Paracetamol,Normal,23.7,123,70,90,131,2,11960.27,No,4,Never
ADM01609,PAT00146,Nisha Jain,20,Male,B-,Chandigarh,Chandigarh,Pneumonia,2025-09-10,2025-09-15,Urgent,Dr. M. Joshi,NewHope Hospital,Self Pay,329,Azithromycin,Normal,19.4,114,75,80,104,5,52224.3,No,4,Never
ADM01610,PAT01258,Priya Singh,65,Male,O+,Jaipur,Rajasthan,Fracture,2025-06-17,2025-06-24,Emergency,Dr. S. Verma,NewHope Hospital,ICICI Lombard,833,Paracetamol,Abnormal,29.7,146,76,48,112,7,66055.76,No,4,Former
ADM01611,PAT00131,Sneha Patel,83,Female,B-,Jaipur,Rajasthan,Fracture,2025-02-14,2025-02-20,Emergency,Dr. V. Jain,LifeLine Multispeciality,ICICI Lombard,758,Calcium,Normal,21.9,140,59,89,119,6,65666.2,No,4,Current
ADM01612,PAT01085,Nisha Sharma,45,Male,O-,Hyderabad,Telangana,Hypertension,2026-05-04,2026-05-05,Elective,Dr. P. Singh,Green Valley Hospital,Star Health,568,Losartan,Normal,31.5,127,104,77,119,1,12201.78,No,4,Never
ADM01613,PAT00848,Priya Agarwal,56,Male,O+,Bhopal,Madhya Pradesh,Hypertension,2026-03-02,2026-03-04,Urgent,Dr. T. Gupta,CityCare Hospital,Care Health,474,Amlodipine,Normal,30.1,144,95,94,77,2,28185.49,No,4,Current
ADM01614,PAT01496,Krishna Khan,62,Female,A-,Pune,Maharashtra,Diabetes,2025-12-17,2025-12-21,Urgent,Dr. R. Kapoor,Metro Health Institute,Self Pay,619,Glimepiride,Normal,23.8,137,84,92,192,4,37606.99,No,4,Never
ADM01615,PAT00331,Nisha Khan,24,Female,B-,Noida,Uttar Pradesh,Asthma,2025-06-16,2025-06-18,Elective,Dr. V. Jain,PrimeCare Hospital,HDFC ERGO,717,Salbutamol,Abnormal,31.7,127,79,95,113,2,38813.92,No,5,Never
ADM01616,PAT01501,Isha Mishra,22,Male,A+,Chandigarh,Chandigarh,Fracture,2025-04-06,2025-04-11,Emergency,Dr. I. Khan,CityCare Hospital,Self Pay,368,Paracetamol,Abnormal,31.0,134,76,78,97,5,55293.01,No,5,Never
ADM01617,PAT00399,Krishna Srivastava,92,Female,B-,Patna,Bihar,Cardiac Disease,2024-11-29,2024-12-04,Elective,Dr. N. Sharma,Green Valley Hospital,Niva Bupa,495,Atorvastatin,Normal,24.5,141,89,69,102,5,72402.23,No,5,Never
ADM01618,PAT00510,Nisha Pandey,32,Male,O-,Pune,Maharashtra,Cardiac Disease,2025-02-27,2025-03-06,Emergency,Dr. P. Singh,NewHope Hospital,Niva Bupa,660,Atorvastatin,Borderline,26.0,144,80,99,105,7,98659.76,Yes,,Never
ADM01619,PAT01232,Aarav Singh,24,Male,O-,Hyderabad,Telangana,Fracture,2025-10-06,2025-10-11,Elective,Dr. N. Sharma,Metro Health Institute,HDFC ERGO,825,Ibuprofen,Abnormal,32.0,130,75,111,65,5,53060.07,No,4,Never
ADM01620,PAT01585,Ishaan Kapoor,12,Female,O-,Pune,Maharashtra,Migraine,2025-02-04,2025-02-06,Elective,Dr. N. Sharma,Metro Health Institute,Self Pay,812,Paracetamol,Normal,29.6,149,87,68,65,2,22548.81,No,4,Never
ADM01621,PAT01555,Kavya Singh,6,Female,B+,Lucknow,Uttar Pradesh,Pneumonia,2024-06-07,2024-06-11,Elective,Dr. S. Verma,PrimeCare Hospital,ICICI Lombard,191,Azithromycin,Borderline,21.8,112,93,87,129,4,41520.06,No,3,Never
ADM01622,PAT00368,Nisha Srivastava,25,Male,AB+,Bengaluru,Karnataka,Kidney Disease,2026-02-03,2026-02-08,Elective,Dr. I. Khan,Sunrise Medical Center,Self Pay,184,Sevelamer,Normal,29.2,114,88,65,135,5,65824.96,No,5,Never
ADM01623,PAT01712,Aman Kapoor,35,Female,A-,Pune,Maharashtra,Fracture,2024-11-24,2024-12-01,Emergency,Dr. I. Khan,LifeLine Multispeciality,Star Health,580,Ibuprofen,Normal,24.3,124,81,68,73,7,78168.47,No,4,Never
ADM01624,PAT00372,Arjun Sharma,32,Female,A-,Bengaluru,Karnataka,Arthritis,2024-06-09,2024-06-10,Urgent,Dr. I. Khan,Sunrise Medical Center,Niva Bupa,266,Naproxen,Normal,23.4,100,68,64,72,1,22115.7,No,4,Never
ADM01625,PAT00061,Ananya Pandey,42,Male,AB-,Patna,Bihar,Migraine,2025-06-12,2025-06-13,Emergency,Dr. A. Mehta,NewHope Hospital,Care Health,122,Sumatriptan,Abnormal,33.0,125,86,85,71,1,16826.59,No,4,Former
ADM01626,PAT01330,Rohan Singh,74,Male,AB+,Kolkata,West Bengal,Arthritis,2024-12-30,2025-01-01,Elective,Dr. K. Rao,PrimeCare Hospital,Self Pay,815,Diclofenac,Normal,26.1,115,75,96,65,2,6121.17,No,2,Current
ADM01627,PAT01014,Aman Joshi,34,Male,O+,Delhi,Delhi,Anemia,2024-01-26,2024-01-27,Urgent,Dr. N. Sharma,LifeLine Multispeciality,Care Health,800,Folic Acid,Normal,20.3,109,85,83,98,1,10902.04,No,3,Never
ADM01628,PAT01493,Meera Yadav,28,Female,A+,Noida,Uttar Pradesh,Kidney Disease,2024-01-05,2024-01-12,Elective,Dr. M. Joshi,NewHope Hospital,Self Pay,395,Sevelamer,Normal,33.4,142,89,65,119,7,85892.44,No,4,Current
ADM01629,PAT00245,Meera Kumar,55,Female,AB+,Mumbai,Maharashtra,Kidney Disease,2025-04-14,2025-04-16,Urgent,Dr. A. Mehta,Harmony Medical Centre,HDFC ERGO,757,Erythropoietin,Normal,33.2,160,74,68,93,2,36686.86,No,5,Former
ADM01630,PAT00680,Arjun Saxena,84,Female,AB-,Hyderabad,Telangana,Diabetes,2024-03-23,2024-03-24,Elective,Dr. T. Gupta,Metro Health Institute,Self Pay,592,Insulin,Borderline,27.0,136,76,75,155,1,32086.43,No,4,Never
ADM01631,PAT00183,Sneha Pandey,56,Female,A-,Pune,Maharashtra,Arthritis,2025-01-03,2025-01-05,Elective,Dr. M. Joshi,Metro Health Institute,Care Health,418,Naproxen,Abnormal,21.6,121,88,73,119,2,20061.49,No,4,Current
ADM01632,PAT00193,Aditya Patel,48,Male,AB+,Kolkata,West Bengal,Kidney Disease,2024-02-16,2024-02-23,Emergency,Dr. V. Jain,LifeLine Multispeciality,HDFC ERGO,107,Erythropoietin,Borderline,26.7,119,87,75,144,7,80219.45,Yes,5,Former
ADM01633,PAT00827,Ananya Khan,63,Female,O-,Bhopal,Madhya Pradesh,Gastroenteritis,2024-11-14,2024-11-15,Elective,Dr. R. Kapoor,Green Valley Hospital,Niva Bupa,552,Ondansetron,Normal,28.8,128,73,79,104,1,7726.89,Yes,4,Never
ADM01634,PAT01176,Tanya Gupta,72,Female,AB-,Chandigarh,Chandigarh,Cardiac Disease,2025-07-31,2025-08-07,Emergency,Dr. R. Kapoor,Sunrise Medical Center,Niva Bupa,211,Metoprolol,Borderline,28.6,123,79,86,144,7,84170.56,No,3,Former
ADM01635,PAT01436,Aman Mehta,42,Male,O+,Pune,Maharashtra,COPD,2025-12-14,2025-12-19,Emergency,Dr. P. Singh,Harmony Medical Centre,Niva Bupa,378,Salbutamol,Normal,22.0,133,72,92,71,5,72270.11,No,3,Never
ADM01636,PAT01404,Tanya Srivastava,75,Male,B+,Lucknow,Uttar Pradesh,Diabetes,2025-10-13,2025-10-15,Urgent,Dr. M. Joshi,Harmony Medical Centre,HDFC ERGO,845,Insulin,Abnormal,32.2,124,69,62,149,2,16153.16,No,4,Never
ADM01637,PAT00794,Sneha Mehta,54,Male,A+,Hyderabad,Telangana,Gastroenteritis,2025-07-06,2025-07-08,Elective,Dr. R. Kapoor,Metro Health Institute,Self Pay,121,Ondansetron,Borderline,27.6,113,71,80,105,2,13515.04,No,3,Never
ADM01638,PAT01649,Meera Patel,31,Male,AB-,Patna,Bihar,Arthritis,2025-05-16,2025-05-18,Elective,Dr. I. Khan,Sunrise Medical Center,Care Health,526,Naproxen,Borderline,28.2,109,68,78,77,2,17569.04,No,5,Never
ADM01639,PAT00835,Isha Khan,55,Female,O-,Chandigarh,Chandigarh,Diabetes,2025-05-22,2025-05-24,Emergency,Dr. I. Khan,Metro Health Institute,HDFC ERGO,479,Glimepiride,Normal,26.7,134,95,75,151,2,17230.79,No,3,Former
ADM01640,PAT00781,Vivaan Kapoor,27,Female,B+,Chandigarh,Chandigarh,Gastroenteritis,2026-02-06,2026-02-10,Emergency,Dr. I. Khan,Metro Health Institute,Niva Bupa,522,ORS,Normal,29.7,129,76,86,112,4,35810.05,No,5,Never
ADM01641,PAT01427,Aarav Mishra,25,Male,AB+,Pune,Maharashtra,Asthma,2024-06-06,2024-06-08,Elective,Dr. S. Verma,Green Valley Hospital,HDFC ERGO,797,Budesonide,Abnormal,30.7,102,63,98,126,2,30463.62,No,4,Never
ADM01642,PAT00972,Aarav Rao,31,Male,O+,Noida,Uttar Pradesh,Hypertension,2026-06-26,2026-06-29,Emergency,Dr. K. Rao,Metro Health Institute,Star Health,839,Telmisartan,Abnormal,15.0,150,103,74,103,3,21902.53,No,4,Never
ADM01643,PAT00284,Rahul Jain,92,Female,A-,Kolkata,West Bengal,Fracture,2025-10-17,2025-10-23,Emergency,Dr. V. Jain,PrimeCare Hospital,HDFC ERGO,153,Ibuprofen,Normal,24.9,114,94,62,103,6,47769.62,No,2,Never
ADM01644,PAT01736,Riya Chauhan,61,Female,B-,Delhi,Delhi,Fracture,2026-01-09,2026-01-15,Emergency,Dr. R. Kapoor,Sunrise Medical Center,Self Pay,728,Paracetamol,Normal,25.6,124,75,79,103,6,51635.23,No,5,Current
ADM01645,PAT00704,Arjun Jain,73,Male,AB+,Delhi,Delhi,Hypertension,2025-06-27,2025-07-01,Emergency,Dr. P. Singh,PrimeCare Hospital,ICICI Lombard,467,Losartan,Normal,24.5,134,99,79,105,4,17390.33,No,4,Never
ADM01646,PAT00375,Diya Jain,80,Male,AB-,Delhi,Delhi,Diabetes,2025-07-22,2025-07-29,Emergency,Dr. M. Joshi,Green Valley Hospital,Self Pay,308,Glimepiride,Borderline,30.4,103,73,63,140,7,56687.5,Yes,5,Never
ADM01647,PAT00197,Meera Chauhan,23,Female,AB-,Chandigarh,Chandigarh,Hypertension,2026-01-22,2026-01-26,Urgent,Dr. T. Gupta,PrimeCare Hospital,SBI General,629,Telmisartan,Normal,24.9,129,97,75,117,4,13443.64,No,4,Current
ADM01648,PAT00638,Nisha Srivastava,24,Male,A+,Noida,Uttar Pradesh,Fracture,2026-02-04,2026-02-10,Urgent,Dr. A. Mehta,CityCare Hospital,ICICI Lombard,807,Paracetamol,Normal,26.9,112,78,59,72,6,57636.27,No,3,Current
ADM01649,PAT00728,Riya Joshi,42,Male,AB-,Pune,Maharashtra,Fracture,2024-02-08,2024-02-14,Emergency,Dr. N. Sharma,CityCare Hospital,Self Pay,258,Ibuprofen,Normal,17.8,100,83,77,79,6,58203.32,No,3,Former
ADM01650,PAT00364,Ananya Yadav,54,Male,O+,Hyderabad,Telangana,Cardiac Disease,2026-04-15,2026-04-23,Emergency,Dr. I. Khan,Metro Health Institute,HDFC ERGO,346,Aspirin,Normal,27.9,104,89,83,95,8,115462.38,No,4,Current
ADM01651,PAT01449,Krishna Rao,62,Female,B+,Kolkata,West Bengal,Hypertension,2026-03-03,2026-03-05,Elective,Dr. M. Joshi,Sunrise Medical Center,SBI General,339,Losartan,Normal,25.0,153,92,63,92,2,7783.88,No,4,Former
ADM01652,PAT00882,Vivaan Singh,66,Female,AB-,Bengaluru,Karnataka,Diabetes,2024-11-26,2024-12-01,Emergency,Dr. V. Jain,NewHope Hospital,Niva Bupa,472,Metformin,Borderline,26.9,174,68,81,185,5,45452.89,No,3,Never
ADM01653,PAT00517,Ananya Agarwal,44,Female,AB-,Noida,Uttar Pradesh,Cardiac Disease,2024-10-08,2024-10-16,Emergency,Dr. K. Rao,Harmony Medical Centre,Niva Bupa,842,Aspirin,Normal,25.9,125,78,85,103,8,107915.9,No,3,Current
ADM01654,PAT01024,Rohan Srivastava,56,Male,A-,Bengaluru,Karnataka,Cardiac Disease,2026-02-02,2026-02-12,Emergency,Dr. N. Sharma,LifeLine Multispeciality,HDFC ERGO,615,Aspirin,Abnormal,22.5,111,85,72,140,10,117004.0,No,3,Never
ADM01655,PAT00186,Sneha Rao,48,Male,AB+,Mumbai,Maharashtra,Diabetes,2024-06-19,2024-06-22,Emergency,Dr. K. Rao,CityCare Hospital,ICICI Lombard,597,Glimepiride,Abnormal,25.8,161,78,82,155,3,30740.86,No,3,Never
ADM01656,PAT00378,Kabir Kapoor,61,Male,B+,Bhopal,Madhya Pradesh,Hypertension,2025-12-23,2025-12-24,Urgent,Dr. K. Rao,Harmony Medical Centre,ICICI Lombard,127,Telmisartan,Normal,38.9,163,75,62,65,1,13165.84,No,4,Never
ADM01657,PAT00534,Aman Saxena,55,Male,AB-,Mumbai,Maharashtra,Anemia,2025-08-03,2025-08-05,Elective,Dr. R. Kapoor,PrimeCare Hospital,Self Pay,451,Vitamin B12,Borderline,32.9,146,72,72,113,2,32343.92,No,3,Never
ADM01658,PAT00823,Meera Pandey,23,Female,AB-,Chandigarh,Chandigarh,Fracture,2026-08-09,2026-08-14,Elective,Dr. I. Khan,LifeLine Multispeciality,ICICI Lombard,594,Calcium,Borderline,23.4,109,78,87,90,5,39251.03,No,3,Never
ADM01659,PAT00411,Krishna Rao,70,Female,A-,Bengaluru,Karnataka,Arthritis,2025-12-17,2025-12-21,Emergency,Dr. I. Khan,LifeLine Multispeciality,Niva Bupa,406,Diclofenac,Normal,25.6,135,77,85,131,4,35347.43,No,4,Never
ADM01660,PAT00465,Isha Mehta,51,Male,B+,Chandigarh,Chandigarh,Anemia,2025-04-22,2025-04-23,Urgent,Dr. N. Sharma,Metro Health Institute,Niva Bupa,777,Iron Supplement,Borderline,18.2,137,90,77,116,1,6163.32,Yes,5,Never
ADM01661,PAT00720,Priya Srivastava,58,Male,O-,Noida,Uttar Pradesh,COPD,2026-04-18,2026-04-25,Emergency,Dr. T. Gupta,Metro Health Institute,Care Health,174,Tiotropium,Normal,30.9,135,67,79,65,7,76170.88,No,4,Never
ADM01662,PAT01326,Arjun Verma,29,Male,B-,Bhopal,Madhya Pradesh,Cardiac Disease,2025-04-01,2025-04-05,Elective,Dr. S. Verma,Metro Health Institute,Self Pay,885,Atorvastatin,Normal,29.0,146,82,70,90,4,61927.72,No,4,Never
ADM01663,PAT01297,Isha Malhotra,73,Female,O+,Bhopal,Madhya Pradesh,Kidney Disease,2024-06-08,2024-06-14,Elective,Dr. P. Singh,NewHope Hospital,Star Health,253,Sevelamer,Normal,26.4,143,68,85,116,6,93997.94,Yes,5,Former
ADM01664,PAT00168,Priya Jain,52,Male,O-,Bhopal,Madhya Pradesh,Migraine,2024-05-02,2024-05-05,Emergency,Dr. N. Sharma,Metro Health Institute,Self Pay,268,Paracetamol,Borderline,26.3,113,61,62,90,3,44164.64,No,4,Former
ADM01665,PAT00696,Diya Joshi,43,Female,AB+,Mumbai,Maharashtra,Cardiac Disease,2025-03-30,2025-04-06,Emergency,Dr. A. Mehta,NewHope Hospital,Niva Bupa,853,Aspirin,Borderline,31.5,141,83,70,81,7,86502.08,No,5,Never
ADM01666,PAT00926,Rohan Srivastava,61,Male,AB-,Kolkata,West Bengal,Kidney Disease,2024-04-21,2024-04-30,Elective,Dr. A. Mehta,CityCare Hospital,HDFC ERGO,699,Furosemide,Normal,39.3,145,77,88,99,9,85984.19,No,3,Never
ADM01667,PAT01540,Isha Chauhan,9,Female,O+,Pune,Maharashtra,Fracture,2026-03-08,2026-03-12,Elective,Dr. T. Gupta,LifeLine Multispeciality,Star Health,372,Paracetamol,Normal,20.9,117,66,75,65,4,46318.6,No,4,Current
ADM01668,PAT00193,Aditya Patel,48,Male,AB+,Kolkata,West Bengal,Asthma,2025-04-14,2025-04-20,Emergency,Dr. T. Gupta,Harmony Medical Centre,Star Health,541,Budesonide,Normal,28.0,124,74,96,102,6,49405.98,No,3,Former
ADM01669,PAT01073,Sneha Verma,59,Female,A-,Mumbai,Maharashtra,Arthritis,2024-09-30,2024-10-03,Urgent,Dr. P. Singh,Harmony Medical Centre,Star Health,443,Ibuprofen,Abnormal,29.5,125,82,66,115,3,38931.9,No,5,Current
ADM01670,PAT00528,Nisha Khan,56,Male,B+,Noida,Uttar Pradesh,Diabetes,2025-12-27,2025-12-28,Emergency,Dr. S. Verma,NewHope Hospital,HDFC ERGO,426,Insulin,Normal,31.0,122,80,80,190,1,18016.63,No,4,Never
ADM01671,PAT00042,Ananya Singh,41,Female,A+,Hyderabad,Telangana,Pneumonia,2025-12-16,2025-12-23,Emergency,Dr. A. Mehta,Harmony Medical Centre,SBI General,136,Ceftriaxone,Abnormal,26.5,134,76,92,98,7,69266.43,No,3,Never
ADM01672,PAT01242,Ishaan Verma,57,Male,O+,Bhopal,Madhya Pradesh,Fracture,2025-08-30,2025-09-05,Urgent,Dr. I. Khan,Sunrise Medical Center,Self Pay,823,Calcium,Normal,31.5,129,86,93,106,6,68269.14,No,4,Never
ADM01673,PAT00125,Meera Gupta,52,Male,B+,Noida,Uttar Pradesh,Hypertension,2025-09-01,2025-09-03,Emergency,Dr. V. Jain,NewHope Hospital,Self Pay,414,Telmisartan,Normal,22.3,157,102,59,65,2,32938.38,No,5,Never
ADM01674,PAT01141,Ananya Agarwal,34,Female,O+,Bengaluru,Karnataka,Diabetes,2025-08-28,2025-09-02,Emergency,Dr. T. Gupta,Harmony Medical Centre,Self Pay,386,Glimepiride,Normal,24.6,134,86,71,152,5,45063.51,No,4,Current
ADM01675,PAT00122,Diya Pandey,68,Male,O-,Kolkata,West Bengal,Hypertension,2024-12-08,2024-12-13,Emergency,Dr. T. Gupta,NewHope Hospital,Niva Bupa,169,Amlodipine,Borderline,29.1,126,84,74,72,5,40703.83,No,3,Former
ADM01676,PAT01399,Arjun Sharma,32,Male,A+,Kolkata,West Bengal,Kidney Disease,2025-12-08,2025-12-15,Emergency,Dr. I. Khan,Metro Health Institute,Star Health,285,Sevelamer,Normal,23.6,144,84,79,120,7,75717.25,No,2,Never
ADM01677,PAT00765,Priya Pandey,42,Female,B-,Bengaluru,Karnataka,Pneumonia,2025-01-29,2025-02-05,Elective,Dr. T. Gupta,CityCare Hospital,Self Pay,676,Amoxicillin,Normal,29.4,125,78,57,119,7,80003.48,Yes,5,Never
ADM01678,PAT00196,Tanya Srivastava,37,Male,A-,Delhi,Delhi,Fracture,2024-04-23,2024-04-30,Urgent,Dr. P. Singh,Harmony Medical Centre,Star Health,642,Calcium,Normal,24.5,138,80,70,68,7,65599.78,No,3,Never
ADM01679,PAT00346,Rahul Malhotra,87,Male,A+,Patna,Bihar,Diabetes,2024-08-11,2024-08-15,Elective,Dr. A. Mehta,PrimeCare Hospital,Self Pay,150,Glimepiride,Abnormal,21.6,135,79,69,183,4,48414.74,No,4,Never
ADM01680,PAT00004,Ishaan Joshi,35,Female,AB-,Lucknow,Uttar Pradesh,Fracture,2024-08-11,2024-08-18,Emergency,Dr. R. Kapoor,LifeLine Multispeciality,SBI General,230,Calcium,Abnormal,27.5,128,82,73,65,7,69884.84,No,3,Never
ADM01681,PAT01084,Nisha Joshi,48,Female,A+,Delhi,Delhi,Pneumonia,2025-02-05,2025-02-10,Urgent,Dr. S. Verma,Green Valley Hospital,ICICI Lombard,635,Amoxicillin,Borderline,26.0,136,91,100,88,5,61637.02,No,4,Never
ADM01682,PAT00026,Aman Patel,43,Male,AB-,Bhopal,Madhya Pradesh,Fracture,2024-05-17,2024-05-22,Emergency,Dr. A. Mehta,LifeLine Multispeciality,HDFC ERGO,606,Calcium,Normal,24.1,110,84,82,95,5,57156.89,No,4,Never
ADM01683,PAT00010,Aditya Pandey,61,Female,B+,Bhopal,Madhya Pradesh,Cardiac Disease,2026-06-14,2026-06-23,Emergency,Dr. I. Khan,CityCare Hospital,HDFC ERGO,608,Atorvastatin,Normal,31.0,108,96,92,65,9,109231.81,No,3,Never
ADM01684,PAT00670,Priya Joshi,50,Male,O-,Lucknow,Uttar Pradesh,Gastroenteritis,2026-05-20,2026-05-21,Urgent,Dr. I. Khan,Metro Health Institute,Niva Bupa,631,ORS,Normal,29.4,154,74,79,76,1,21181.73,No,4,Current
ADM01685,PAT00788,Krishna Kumar,74,Male,A+,Noida,Uttar Pradesh,Hypertension,2024-02-15,2024-02-17,Urgent,Dr. R. Kapoor,Harmony Medical Centre,Star Health,802,Telmisartan,Abnormal,18.5,152,100,81,88,2,20729.0,No,4,Former
ADM01686,PAT00628,Krishna Yadav,45,Female,B+,Jaipur,Rajasthan,Hypertension,2024-12-21,2024-12-22,Urgent,Dr. P. Singh,LifeLine Multispeciality,SBI General,824,Losartan,Normal,26.2,150,82,86,82,1,5078.71,No,4,Never
ADM01687,PAT00057,Priya Patel,62,Male,AB-,Patna,Bihar,Cardiac Disease,2025-10-24,2025-11-01,Urgent,Dr. T. Gupta,CityCare Hospital,SBI General,285,Metoprolol,Abnormal,31.3,150,78,82,89,8,106499.35,No,4,Current
ADM01688,PAT01639,Krishna Malhotra,28,Male,B-,Chandigarh,Chandigarh,Anemia,2026-03-25,2026-03-26,Emergency,Dr. P. Singh,Green Valley Hospital,Care Health,561,Folic Acid,Normal,29.6,100,70,74,67,1,6906.13,No,4,Former
ADM01689,PAT01164,Kavya Verma,26,Female,AB-,Lucknow,Uttar Pradesh,Arthritis,2025-09-13,2025-09-18,Emergency,Dr. M. Joshi,Green Valley Hospital,ICICI Lombard,760,Naproxen,Normal,24.5,133,90,67,89,5,43165.65,No,3,Never
ADM01690,PAT01154,Ishaan Joshi,49,Male,O-,Patna,Bihar,Hypertension,2026-05-15,2026-05-18,Urgent,Dr. A. Mehta,CityCare Hospital,Star Health,708,Amlodipine,Normal,27.4,132,103,68,102,3,21652.78,No,4,Former
ADM01691,PAT00768,Krishna Chauhan,56,Male,B+,Bengaluru,Karnataka,Anemia,2026-08-17,2026-08-19,Urgent,Dr. A. Mehta,Harmony Medical Centre,Star Health,121,Folic Acid,Abnormal,23.2,132,88,82,95,2,43044.02,No,5,Never
ADM01692,PAT01760,Priya Gupta,73,Female,O-,Patna,Bihar,COPD,2024-11-20,2024-11-22,Urgent,Dr. A. Mehta,LifeLine Multispeciality,SBI General,742,Salbutamol,Normal,25.6,121,79,79,134,2,32095.12,No,3,Former
ADM01693,PAT00143,Aman Joshi,87,Male,AB+,Chandigarh,Chandigarh,Hypertension,2025-08-11,2025-08-13,Emergency,Dr. T. Gupta,CityCare Hospital,Star Health,829,Losartan,Normal,24.9,155,86,77,165,2,32904.49,No,4,Never
ADM01694,PAT00354,Isha Khan,18,Male,AB-,Bhopal,Madhya Pradesh,Fracture,2024-07-06,2024-07-09,Elective,Dr. V. Jain,NewHope Hospital,Niva Bupa,124,Paracetamol,Normal,19.1,126,83,74,84,3,23373.87,No,4,Never
ADM01695,PAT00387,Riya Yadav,29,Male,B+,Hyderabad,Telangana,Arthritis,2025-12-28,2025-12-31,Emergency,Dr. R. Kapoor,Green Valley Hospital,HDFC ERGO,609,Naproxen,Normal,17.6,135,76,98,96,3,39602.79,No,4,Never
ADM01696,PAT01304,Ananya Jain,27,Male,A-,Chandigarh,Chandigarh,Gastroenteritis,2025-10-28,2025-10-29,Emergency,Dr. A. Mehta,CityCare Hospital,ICICI Lombard,539,Ondansetron,Normal,26.3,115,97,97,104,1,10245.39,No,5,Never
ADM01697,PAT01272,Sneha Singh,72,Female,B-,Bengaluru,Karnataka,Pneumonia,2024-01-01,2024-01-08,Emergency,Dr. P. Singh,Harmony Medical Centre,Star Health,286,Amoxicillin,Abnormal,26.7,141,78,92,65,7,59220.07,No,3,Current
ADM01698,PAT01021,Isha Srivastava,69,Female,B-,Noida,Uttar Pradesh,Migraine,2024-12-30,2025-01-01,Emergency,Dr. S. Verma,Green Valley Hospital,ICICI Lombard,659,Naproxen,Normal,23.8,120,82,69,80,2,16099.75,No,3,Never
ADM01699,PAT00373,Sneha Kapoor,29,Male,B+,Patna,Bihar,Diabetes,2024-06-14,2024-06-16,Urgent,Dr. T. Gupta,LifeLine Multispeciality,Star Health,844,Metformin,Normal,20.8,125,69,88,176,2,22649.03,No,5,Never
ADM01700,PAT01097,Aditya Khan,65,Male,O+,Lucknow,Uttar Pradesh,Hypertension,2024-06-07,2024-06-08,Elective,Dr. M. Joshi,NewHope Hospital,Niva Bupa,437,Losartan,Normal,31.9,154,71,66,65,1,9503.36,No,3,Never
ADM01701,PAT00448,Kavya Gupta,43,Female,AB-,Pune,Maharashtra,Hypertension,2024-10-31,2024-11-05,Emergency,Dr. T. Gupta,PrimeCare Hospital,HDFC ERGO,329,Telmisartan,Normal,23.9,154,95,87,80,5,37691.74,No,4,Current
ADM01702,PAT00708,Aarav Gupta,58,Female,B-,Bengaluru,Karnataka,Cardiac Disease,2025-02-01,2025-02-08,Urgent,Dr. K. Rao,PrimeCare Hospital,ICICI Lombard,509,Metoprolol,Normal,29.8,128,93,77,115,7,84306.84,No,5,Never
ADM01703,PAT00199,Priya Singh,54,Female,AB+,Pune,Maharashtra,Migraine,2024-06-22,2024-06-23,Urgent,Dr. A. Mehta,Sunrise Medical Center,Self Pay,847,Paracetamol,Borderline,27.1,115,75,66,141,1,5141.63,No,4,Never
ADM01704,PAT01787,Aarav Jain,29,Male,O-,Bengaluru,Karnataka,Kidney Disease,2025-12-08,2025-12-14,Urgent,Dr. V. Jain,Green Valley Hospital,HDFC ERGO,765,Erythropoietin,Abnormal,23.8,115,82,78,127,6,73638.25,No,4,Current
ADM01705,PAT01400,Priya Joshi,42,Female,B+,Noida,Uttar Pradesh,Pneumonia,2026-04-22,2026-04-26,Emergency,Dr. V. Jain,CityCare Hospital,HDFC ERGO,535,Ceftriaxone,Normal,22.3,105,83,76,91,4,48015.03,No,3,Never
ADM01706,PAT00317,Kabir Verma,20,Male,O+,Lucknow,Uttar Pradesh,Migraine,2026-06-30,2026-07-01,Elective,Dr. M. Joshi,Sunrise Medical Center,Star Health,557,Paracetamol,Normal,20.6,107,75,66,91,1,20204.77,No,5,Never
ADM01707,PAT01229,Riya Jain,49,Male,A-,Mumbai,Maharashtra,Kidney Disease,2026-03-11,2026-03-18,Emergency,Dr. M. Joshi,Green Valley Hospital,Star Health,121,Sevelamer,Abnormal,25.1,133,77,82,88,7,79156.87,No,3,Former
ADM01708,PAT00767,Rohan Srivastava,49,Male,AB+,Kolkata,West Bengal,Anemia,2026-07-16,2026-07-20,Elective,Dr. I. Khan,Harmony Medical Centre,Niva Bupa,503,Iron Supplement,Normal,29.0,138,86,89,69,4,25500.05,No,4,Former
ADM01709,PAT01176,Tanya Gupta,72,Female,AB-,Chandigarh,Chandigarh,COPD,2024-05-21,2024-05-27,Emergency,Dr. T. Gupta,NewHope Hospital,Star Health,375,Budesonide,Borderline,30.5,149,77,95,117,6,52707.96,No,2,Former
ADM01710,PAT00363,Tanya Srivastava,28,Female,AB+,Patna,Bihar,Anemia,2025-04-16,2025-04-17,Urgent,Dr. R. Kapoor,Green Valley Hospital,SBI General,345,Folic Acid,Abnormal,23.2,105,76,81,117,1,21030.98,Yes,5,Never
ADM01711,PAT00903,Vivaan Mehta,35,Female,AB+,Lucknow,Uttar Pradesh,Arthritis,2024-10-19,2024-10-20,Emergency,Dr. M. Joshi,Sunrise Medical Center,SBI General,102,Diclofenac,Abnormal,27.1,128,56,72,115,1,33243.01,No,4,Never
ADM01712,PAT01447,Kavya Kumar,42,Male,O+,Bengaluru,Karnataka,Hypertension,2025-04-28,2025-04-29,Urgent,Dr. S. Verma,Metro Health Institute,ICICI Lombard,109,Amlodipine,Normal,15.5,124,79,81,105,1,26027.0,No,3,Never
ADM01713,PAT01733,Kavya Mishra,51,Female,B-,Pune,Maharashtra,Arthritis,2025-12-12,2025-12-17,Emergency,Dr. I. Khan,PrimeCare Hospital,Self Pay,882,Diclofenac,Normal,22.1,153,76,82,103,5,37537.18,No,4,Never
ADM01714,PAT01582,Aman Mishra,59,Female,B-,Hyderabad,Telangana,Kidney Disease,2024-04-07,2024-04-12,Emergency,Dr. T. Gupta,Green Valley Hospital,SBI General,583,Sevelamer,Borderline,20.8,117,88,76,75,5,60240.22,No,4,Former
ADM01715,PAT00364,Ananya Yadav,54,Male,O+,Hyderabad,Telangana,Gastroenteritis,2026-04-02,2026-04-05,Urgent,Dr. T. Gupta,Green Valley Hospital,SBI General,523,Ondansetron,Normal,25.5,118,79,64,65,3,32337.48,No,4,Current
ADM01716,PAT01040,Rahul Yadav,33,Female,A+,Jaipur,Rajasthan,Pneumonia,2025-10-10,2025-10-18,Urgent,Dr. M. Joshi,LifeLine Multispeciality,Self Pay,758,Ceftriaxone,Normal,27.2,129,72,95,74,8,86655.91,Yes,5,Never
ADM01717,PAT00305,Rohan Chauhan,69,Male,B+,Kolkata,West Bengal,Asthma,2025-11-10,2025-11-11,Urgent,Dr. V. Jain,Green Valley Hospital,Care Health,711,Salbutamol,Abnormal,26.8,146,84,89,124,1,18331.4,No,4,Never
ADM01718,PAT01668,Arjun Mishra,21,Female,A-,Mumbai,Maharashtra,Asthma,2026-03-10,2026-03-11,Elective,Dr. A. Mehta,Green Valley Hospital,Star Health,845,Salbutamol,Abnormal,18.9,144,78,97,87,1,6914.5,Yes,4,Current
ADM01719,PAT01678,Riya Patel,30,Male,B-,Delhi,Delhi,Hypertension,2024-11-30,2024-12-01,Elective,Dr. K. Rao,NewHope Hospital,HDFC ERGO,291,Amlodipine,Abnormal,19.3,156,82,93,115,1,19944.84,No,,Never
ADM01720,PAT00912,Aman Pandey,40,Female,B+,Jaipur,Rajasthan,COPD,2024-05-02,2024-05-07,Elective,Dr. I. Khan,CityCare Hospital,Care Health,169,Tiotropium,Normal,23.5,109,74,84,65,5,57047.67,No,4,Former
ADM01721,PAT00063,Rohan Joshi,33,Female,O+,Delhi,Delhi,Cardiac Disease,2025-05-16,2025-05-22,Emergency,Dr. A. Mehta,Sunrise Medical Center,ICICI Lombard,633,Aspirin,Normal,22.7,124,75,95,73,6,84820.28,No,4,Former
ADM01722,PAT01275,Aman Sharma,46,Female,B+,Bengaluru,Karnataka,Diabetes,2024-12-14,2024-12-19,Elective,Dr. M. Joshi,Green Valley Hospital,Star Health,104,Glimepiride,Borderline,22.0,132,94,88,170,5,48253.26,No,5,Former
ADM01723,PAT00080,Sneha Chauhan,48,Male,A+,Bengaluru,Karnataka,Cardiac Disease,2024-04-29,2024-05-05,Emergency,Dr. V. Jain,CityCare Hospital,Self Pay,408,Metoprolol,Abnormal,28.8,141,55,80,76,6,83912.17,No,5,Never
ADM01724,PAT01101,Rohan Mehta,35,Male,B+,Noida,Uttar Pradesh,Kidney Disease,2025-02-25,2025-03-02,Emergency,Dr. M. Joshi,LifeLine Multispeciality,Star Health,756,Sevelamer,Borderline,35.2,120,87,94,95,5,53781.61,Yes,3,Former
ADM01725,PAT01626,Rahul Agarwal,67,Male,A+,Lucknow,Uttar Pradesh,Diabetes,2024-04-10,2024-04-13,Emergency,Dr. V. Jain,PrimeCare Hospital,Care Health,488,Glimepiride,Normal,24.9,117,70,70,126,3,23563.34,No,4,Former
ADM01726,PAT00247,Diya Singh,81,Female,AB+,Pune,Maharashtra,Fracture,2025-12-12,2025-12-19,Emergency,Dr. K. Rao,NewHope Hospital,Niva Bupa,305,Ibuprofen,Normal,25.6,131,81,91,97,7,59481.97,No,3,Current
ADM01727,PAT01654,Arjun Mishra,57,Female,AB+,Chandigarh,Chandigarh,COPD,2025-07-11,2025-07-17,Elective,Dr. P. Singh,CityCare Hospital,Niva Bupa,633,Salbutamol,Normal,27.3,132,89,86,84,6,55888.33,No,5,Never
ADM01728,PAT00639,Priya Joshi,28,Female,B-,Lucknow,Uttar Pradesh,Gastroenteritis,2024-07-12,2024-07-15,Emergency,Dr. M. Joshi,CityCare Hospital,Star Health,383,Probiotic,Normal,26.8,108,72,84,110,3,18326.5,No,5,Current
ADM01729,PAT00597,Kavya Singh,53,Female,B+,Bhopal,Madhya Pradesh,Arthritis,2025-11-03,2025-11-08,Emergency,Dr. P. Singh,Harmony Medical Centre,Star Health,470,Diclofenac,Borderline,31.5,135,78,80,115,5,42541.95,No,4,Never
ADM01730,PAT00221,Ananya Srivastava,49,Female,B+,Noida,Uttar Pradesh,Diabetes,2024-04-13,2024-04-19,Emergency,Dr. N. Sharma,LifeLine Multispeciality,Star Health,542,Metformin,Abnormal,24.7,123,66,76,137,6,50800.53,No,4,Never
ADM01731,PAT00715,Vivaan Verma,92,Female,AB-,Patna,Bihar,Hypertension,2024-11-11,2024-11-12,Elective,Dr. T. Gupta,LifeLine Multispeciality,Niva Bupa,820,Telmisartan,Abnormal,25.5,149,104,63,74,1,19219.64,No,4,Former
ADM01732,PAT01399,Arjun Sharma,32,Male,A+,Kolkata,West Bengal,Hypertension,2024-03-06,2024-03-10,Emergency,Dr. P. Singh,Green Valley Hospital,ICICI Lombard,415,Amlodipine,Borderline,28.5,147,89,65,113,4,13668.08,No,5,Never
ADM01733,PAT00370,Vivaan Mehta,14,Female,A-,Kolkata,West Bengal,Pneumonia,2025-02-06,2025-02-13,Emergency,Dr. A. Mehta,PrimeCare Hospital,SBI General,477,Azithromycin,Borderline,24.0,101,79,84,130,7,94287.74,No,4,Never
ADM01734,PAT01209,Isha Chauhan,43,Female,A+,Bengaluru,Karnataka,Fracture,2026-07-31,2026-08-04,Elective,Dr. S. Verma,Sunrise Medical Center,Self Pay,482,Ibuprofen,Normal,22.2,122,79,67,91,4,36717.61,Yes,5,Never
ADM01735,PAT01062,Aarav Khan,37,Female,A+,Chandigarh,Chandigarh,Diabetes,2026-07-24,2026-07-26,Elective,Dr. N. Sharma,Harmony Medical Centre,HDFC ERGO,742,Insulin,Borderline,31.4,138,72,89,126,2,18257.52,No,5,Former
ADM01736,PAT00343,Nisha Verma,62,Male,A+,Kolkata,West Bengal,Hypertension,2024-07-22,2024-07-26,Emergency,Dr. M. Joshi,Metro Health Institute,ICICI Lombard,894,Amlodipine,Normal,28.6,145,100,92,82,4,29513.49,No,4,Former
ADM01737,PAT00205,Tanya Verma,22,Female,AB-,Patna,Bihar,Gastroenteritis,2024-09-26,2024-09-30,Emergency,Dr. A. Mehta,Green Valley Hospital,Star Health,242,Ondansetron,Abnormal,29.0,117,88,78,65,4,30070.78,No,4,Never
ADM01738,PAT01020,Tanya Jain,37,Male,A-,Pune,Maharashtra,Diabetes,2024-01-16,2024-01-21,Emergency,Dr. K. Rao,Metro Health Institute,SBI General,590,Insulin,Borderline,29.4,124,87,76,177,5,46510.06,No,5,Current
ADM01739,PAT00396,Tanya Srivastava,40,Female,B-,Delhi,Delhi,Hypertension,2024-05-09,2024-05-10,Elective,Dr. T. Gupta,LifeLine Multispeciality,Star Health,317,Losartan,Abnormal,29.1,132,86,89,87,1,3500,No,3,Former
ADM01740,PAT01236,Aman Gupta,27,Male,O+,Delhi,Delhi,Hypertension,2025-12-08,2025-12-09,Elective,Dr. I. Khan,LifeLine Multispeciality,Niva Bupa,149,Telmisartan,Normal,27.3,133,83,72,65,1,19123.27,No,5,Never
ADM01741,PAT00318,Krishna Kapoor,56,Male,AB+,Lucknow,Uttar Pradesh,Arthritis,2024-05-11,2024-05-14,Urgent,Dr. P. Singh,Metro Health Institute,HDFC ERGO,666,Ibuprofen,Normal,26.3,146,69,58,102,3,35815.41,No,4,Never
ADM01742,PAT01256,Aarav Singh,57,Male,O-,Hyderabad,Telangana,Migraine,2024-04-24,2024-04-25,Emergency,Dr. R. Kapoor,Sunrise Medical Center,Care Health,640,Paracetamol,Normal,32.8,164,91,76,65,1,10251.28,No,3,Never
ADM01743,PAT00691,Kabir Mishra,24,Male,AB+,Mumbai,Maharashtra,Cardiac Disease,2026-03-21,2026-03-28,Elective,Dr. T. Gupta,LifeLine Multispeciality,Star Health,513,Aspirin,Normal,28.6,111,77,78,106,7,90088.74,No,,Never
ADM01744,PAT00932,Krishna Kumar,37,Male,A+,Hyderabad,Telangana,COPD,2024-12-13,2024-12-18,Elective,Dr. A. Mehta,PrimeCare Hospital,Care Health,571,Budesonide,Normal,20.3,148,78,84,65,5,38973.21,No,4,Never
ADM01745,PAT01349,Sneha Patel,43,Female,B-,Bhopal,Madhya Pradesh,Diabetes,2026-04-18,2026-04-23,Emergency,Dr. I. Khan,Green Valley Hospital,ICICI Lombard,539,Metformin,Borderline,22.6,119,74,94,182,5,53446.43,No,2,Current
ADM01746,PAT01123,Nisha Saxena,51,Female,B+,Delhi,Delhi,Migraine,2026-02-12,2026-02-13,Emergency,Dr. S. Verma,Harmony Medical Centre,ICICI Lombard,631,Paracetamol,Borderline,35.7,121,81,66,94,1,3500,No,3,Current
ADM01747,PAT01704,Vivaan Pandey,46,Female,O-,Noida,Uttar Pradesh,Migraine,2024-05-08,2024-05-09,Emergency,Dr. P. Singh,PrimeCare Hospital,HDFC ERGO,886,Paracetamol,Normal,26.6,147,79,67,71,1,23528.23,No,2,Never
ADM01748,PAT00797,Priya Singh,40,Male,O-,Bhopal,Madhya Pradesh,Arthritis,2025-03-24,2025-03-25,Emergency,Dr. A. Mehta,CityCare Hospital,Star Health,301,Ibuprofen,Abnormal,22.0,142,81,78,89,1,25613.95,No,3,Former
ADM01749,PAT01606,Kabir Kapoor,47,Female,AB+,Patna,Bihar,Migraine,2025-04-27,2025-04-30,Emergency,Dr. N. Sharma,PrimeCare Hospital,Self Pay,208,Naproxen,Normal,29.6,136,91,65,84,3,14438.14,No,4,Never
ADM01750,PAT00918,Nisha Mishra,24,Male,A-,Hyderabad,Telangana,Migraine,2024-12-29,2024-12-30,Urgent,Dr. N. Sharma,CityCare Hospital,HDFC ERGO,104,Naproxen,Normal,26.9,118,73,90,138,1,13009.87,No,5,Never
ADM01751,PAT00239,Vivaan Mehta,57,Female,O+,Hyderabad,Telangana,Migraine,2025-02-19,2025-02-21,Elective,Dr. M. Joshi,Metro Health Institute,ICICI Lombard,157,Paracetamol,Normal,26.5,116,92,99,84,2,25094.76,Yes,4,Never
ADM01752,PAT01370,Ishaan Agarwal,47,Male,O-,Bengaluru,Karnataka,Pneumonia,2024-04-30,2024-05-05,Elective,Dr. R. Kapoor,PrimeCare Hospital,Self Pay,633,Amoxicillin,Borderline,21.6,119,53,88,112,5,52581.51,Yes,4,Never
ADM01753,PAT01136,Kabir Chauhan,24,Female,O-,Jaipur,Rajasthan,Pneumonia,2024-08-10,2024-08-14,Emergency,Dr. S. Verma,CityCare Hospital,Self Pay,522,Azithromycin,Normal,29.5,125,84,85,65,4,47857.56,No,2,Never
ADM01754,PAT00135,Nisha Agarwal,81,Female,AB-,Noida,Uttar Pradesh,Diabetes,2026-05-06,2026-05-08,Emergency,Dr. S. Verma,Green Valley Hospital,HDFC ERGO,283,Metformin,Normal,32.7,136,73,68,151,2,28966.81,No,2,Former
ADM01755,PAT00693,Meera Malhotra,57,Female,AB+,Hyderabad,Telangana,Hypertension,2024-02-17,2024-02-20,Urgent,Dr. I. Khan,Green Valley Hospital,SBI General,599,Losartan,Borderline,23.9,147,87,71,102,3,32815.58,No,5,Never
ADM01756,PAT00505,Aditya Kumar,44,Female,O-,Patna,Bihar,Asthma,2025-02-11,2025-02-15,Urgent,Dr. R. Kapoor,Green Valley Hospital,Star Health,459,Salbutamol,Abnormal,26.9,104,91,75,70,4,12944.5,No,4,Never
ADM01757,PAT00749,Tanya Kapoor,27,Female,B-,Kolkata,West Bengal,Anemia,2024-06-03,2024-06-07,Elective,Dr. N. Sharma,LifeLine Multispeciality,HDFC ERGO,798,Vitamin B12,Borderline,23.9,102,97,85,119,4,28750.81,No,5,Never
ADM01758,PAT00290,Rohan Jain,66,Female,AB-,Hyderabad,Telangana,Pneumonia,2024-02-05,2024-02-11,Emergency,Dr. M. Joshi,CityCare Hospital,Star Health,405,Ceftriaxone,Normal,28.0,137,77,99,121,6,53160.36,No,4,Never
ADM01759,PAT00491,Vivaan Srivastava,43,Female,A-,Chandigarh,Chandigarh,Cardiac Disease,2025-01-29,2025-02-03,Emergency,Dr. R. Kapoor,CityCare Hospital,SBI General,372,Aspirin,Borderline,20.9,142,82,75,103,5,83211.06,No,3,Never
ADM01760,PAT01675,Tanya Pandey,14,Male,AB-,Noida,Uttar Pradesh,Migraine,2024-06-19,2024-06-20,Elective,Dr. T. Gupta,LifeLine Multispeciality,SBI General,507,Sumatriptan,Normal,22.6,128,78,87,99,1,17229.56,No,3,Never
ADM01761,PAT01006,Tanya Jain,31,Female,AB-,Delhi,Delhi,Migraine,2026-07-07,2026-07-11,Urgent,Dr. R. Kapoor,Sunrise Medical Center,Self Pay,621,Naproxen,Abnormal,19.9,142,86,86,86,4,24644.0,No,4,Current
ADM01762,PAT00386,Diya Srivastava,34,Male,O+,Delhi,Delhi,Diabetes,2025-09-09,2025-09-12,Emergency,Dr. V. Jain,LifeLine Multispeciality,Star Health,554,Insulin,Normal,20.5,142,101,91,183,3,45760.59,No,3,Never
ADM01763,PAT01627,Diya Gupta,41,Female,A-,Jaipur,Rajasthan,Kidney Disease,2025-02-03,2025-02-09,Elective,Dr. T. Gupta,CityCare Hospital,Niva Bupa,674,Furosemide,Borderline,28.2,123,75,67,65,6,85015.59,No,3,Never
ADM01764,PAT00828,Arjun Mehta,37,Male,O-,Hyderabad,Telangana,Pneumonia,2024-10-16,2024-10-22,Elective,Dr. T. Gupta,CityCare Hospital,Niva Bupa,123,Amoxicillin,Normal,26.7,130,74,75,96,6,56129.06,No,3,Never
ADM01765,PAT00086,Tanya Gupta,67,Male,B+,Chandigarh,Chandigarh,Arthritis,2024-09-01,2024-09-03,Urgent,Dr. A. Mehta,Green Valley Hospital,Self Pay,564,Ibuprofen,Normal,,135,70,67,122,2,17288.66,No,3,Current
ADM01766,PAT00734,Ananya Mehta,40,Female,O+,Kolkata,West Bengal,Migraine,2024-04-24,2024-04-26,Emergency,Dr. I. Khan,PrimeCare Hospital,HDFC ERGO,611,Naproxen,Normal,30.9,118,81,81,82,2,21665.55,No,4,Former
ADM01767,PAT00121,Aarav Malhotra,71,Female,O-,Kolkata,West Bengal,Kidney Disease,2024-09-09,2024-09-15,Emergency,Dr. I. Khan,PrimeCare Hospital,Care Health,208,Sevelamer,Abnormal,18.1,150,74,87,77,6,74336.8,No,4,Never
ADM01768,PAT00984,Aditya Rao,37,Female,AB-,Jaipur,Rajasthan,Anemia,2024-03-18,2024-03-20,Urgent,Dr. S. Verma,LifeLine Multispeciality,ICICI Lombard,231,Iron Supplement,Normal,24.9,134,64,91,103,2,19549.69,No,3,Never
ADM01769,PAT01661,Priya Khan,51,Female,B-,Noida,Uttar Pradesh,Kidney Disease,2024-09-22,2024-09-29,Emergency,Dr. R. Kapoor,Harmony Medical Centre,Care Health,693,Furosemide,Borderline,29.8,134,66,74,71,7,81534.99,No,4,Former
ADM01770,PAT01728,Aarav Jain,39,Female,AB+,Delhi,Delhi,Asthma,2026-07-18,2026-07-19,Urgent,Dr. I. Khan,PrimeCare Hospital,Self Pay,331,Salbutamol,Normal,27.3,144,86,76,129,1,16149.84,No,4,Never
ADM01771,PAT01351,Diya Yadav,38,Female,O+,Lucknow,Uttar Pradesh,Fracture,2026-04-12,2026-04-15,Urgent,Dr. V. Jain,Sunrise Medical Center,HDFC ERGO,238,Ibuprofen,Normal,15.0,152,74,75,110,3,25333.2,No,4,Never
ADM01772,PAT01450,Vivaan Pandey,60,Female,O+,Chandigarh,Chandigarh,Hypertension,2026-01-24,2026-01-25,Emergency,Dr. K. Rao,Sunrise Medical Center,Self Pay,570,Telmisartan,Abnormal,23.1,156,93,57,130,1,24790.64,No,3,Never
ADM01773,PAT01546,Aarav Verma,50,Female,AB+,Pune,Maharashtra,Cardiac Disease,2025-01-04,2025-01-09,Urgent,Dr. S. Verma,PrimeCare Hospital,Care Health,397,Aspirin,Normal,30.8,128,76,88,91,5,71278.88,No,3,Never
ADM01774,PAT01719,Tanya Agarwal,66,Female,A+,Lucknow,Uttar Pradesh,Pneumonia,2024-10-02,2024-10-09,Emergency,Dr. N. Sharma,Metro Health Institute,Star Health,291,Ceftriaxone,Normal,32.4,140,78,95,113,7,66316.09,No,4,Former
ADM01775,PAT01211,Ananya Kumar,43,Female,O+,Noida,Uttar Pradesh,Migraine,2025-10-23,2025-10-27,Emergency,Dr. M. Joshi,PrimeCare Hospital,Star Health,778,Sumatriptan,Normal,30.4,113,74,82,96,4,28030.16,No,2,Former
ADM01776,PAT00203,Aditya Kapoor,79,Female,B+,Pune,Maharashtra,Cardiac Disease,2024-08-30,2024-09-06,Emergency,Dr. P. Singh,LifeLine Multispeciality,Self Pay,168,Metoprolol,Abnormal,21.7,120,79,80,107,7,86787.41,Yes,4,Never
ADM01777,PAT01737,Rohan Khan,27,Female,AB+,Mumbai,Maharashtra,Kidney Disease,2025-09-11,2025-09-15,Elective,Dr. P. Singh,Green Valley Hospital,Self Pay,749,Sevelamer,Abnormal,20.0,189,97,80,141,4,49726.55,No,3,Never
ADM01778,PAT01065,Aditya Sharma,68,Female,B-,Bengaluru,Karnataka,COPD,2024-11-05,2024-11-12,Emergency,Dr. V. Jain,CityCare Hospital,HDFC ERGO,625,Salbutamol,Normal,31.0,94,73,83,85,7,63714.64,No,4,Never
ADM01779,PAT00187,Aman Kumar,53,Female,B+,Jaipur,Rajasthan,Arthritis,2025-11-21,2025-11-22,Urgent,Dr. S. Verma,PrimeCare Hospital,HDFC ERGO,529,Diclofenac,Normal,23.7,125,76,63,84,1,24853.16,No,4,Former
ADM01780,PAT01359,Priya Patel,32,Male,B+,Bengaluru,Karnataka,Diabetes,2026-07-31,2026-08-02,Emergency,Dr. A. Mehta,NewHope Hospital,SBI General,811,Metformin,Borderline,26.8,129,70,70,124,2,27557.31,No,4,Never
ADM01781,PAT01342,Kavya Khan,25,Male,A-,Mumbai,Maharashtra,Migraine,2025-05-25,2025-05-26,Emergency,Dr. A. Mehta,Harmony Medical Centre,Care Health,562,Sumatriptan,Normal,20.8,105,87,95,65,1,16071.95,No,3,Former
ADM01782,PAT00657,Isha Chauhan,54,Female,A+,Hyderabad,Telangana,Fracture,2024-05-24,2024-05-29,Urgent,Dr. V. Jain,Harmony Medical Centre,Care Health,604,Calcium,Abnormal,22.9,120,78,83,129,5,62448.79,No,4,Never
ADM01783,PAT01080,Isha Pandey,48,Female,O-,Bhopal,Madhya Pradesh,Hypertension,2026-06-23,2026-06-27,Elective,Dr. P. Singh,LifeLine Multispeciality,Star Health,718,Losartan,Normal,31.5,137,83,86,79,4,24200.88,No,5,Never
ADM01784,PAT01154,Ishaan Joshi,49,Male,O-,Patna,Bihar,Asthma,2025-05-03,2025-05-04,Elective,Dr. A. Mehta,Green Valley Hospital,Niva Bupa,762,Budesonide,Normal,29.4,111,85,94,105,1,15076.0,Yes,5,Former
ADM01785,PAT01178,Rohan Chauhan,51,Male,B+,Chandigarh,Chandigarh,Asthma,2025-06-19,2025-06-21,Urgent,Dr. K. Rao,Sunrise Medical Center,Self Pay,575,Budesonide,Normal,27.9,132,92,98,96,2,25531.54,No,5,Former
ADM01786,PAT01439,Aditya Agarwal,29,Female,AB-,Delhi,Delhi,Cardiac Disease,2025-01-05,2025-01-10,Emergency,Dr. M. Joshi,Sunrise Medical Center,Star Health,219,Atorvastatin,Borderline,25.5,132,68,88,127,5,63569.51,No,3,Never
ADM01787,PAT01090,Arjun Rao,43,Female,AB-,Hyderabad,Telangana,Arthritis,2025-10-14,2025-10-15,Elective,Dr. S. Verma,Harmony Medical Centre,HDFC ERGO,163,Naproxen,Normal,32.3,122,84,76,120,1,28226.45,No,4,Never
ADM01788,PAT01069,Kavya Mehta,44,Female,B+,Noida,Uttar Pradesh,Fracture,2025-12-21,2025-12-26,Elective,Dr. S. Verma,Metro Health Institute,Self Pay,465,Calcium,Abnormal,29.2,123,73,70,103,5,55816.01,No,3,Never
ADM01789,PAT00808,Sneha Khan,44,Male,AB-,Jaipur,Rajasthan,Migraine,2026-06-14,2026-06-17,Elective,Dr. M. Joshi,NewHope Hospital,Self Pay,121,Sumatriptan,Normal,26.8,131,75,89,81,3,34641.49,Yes,4,Never
ADM01790,PAT01551,Krishna Kumar,39,Female,AB+,Chandigarh,Chandigarh,Arthritis,2025-04-17,2025-04-18,Emergency,Dr. I. Khan,CityCare Hospital,ICICI Lombard,772,Diclofenac,Borderline,30.3,130,73,96,88,1,10237.86,No,3,Never
ADM01791,PAT01119,Diya Saxena,65,Male,A-,Jaipur,Rajasthan,Kidney Disease,2024-04-10,2024-04-14,Elective,Dr. A. Mehta,Metro Health Institute,Niva Bupa,243,Furosemide,Borderline,23.2,103,81,86,93,4,50711.85,No,4,Never
ADM01792,PAT01318,Arjun Chauhan,54,Female,B+,Mumbai,Maharashtra,Fracture,2024-11-21,2024-11-28,Emergency,Dr. N. Sharma,CityCare Hospital,SBI General,480,Calcium,Normal,29.6,127,79,69,86,7,79392.57,No,4,Never
ADM01793,PAT00412,Arjun Gupta,1,Male,AB-,Bhopal,Madhya Pradesh,Asthma,2024-07-11,2024-07-13,Urgent,Dr. P. Singh,Green Valley Hospital,SBI General,750,Montelukast,Borderline,24.8,100,66,76,128,2,19666.35,No,5,Never
ADM01794,PAT00579,Ishaan Jain,53,Male,AB+,Mumbai,Maharashtra,Gastroenteritis,2026-06-24,2026-06-26,Elective,Dr. A. Mehta,Harmony Medical Centre,Care Health,361,Probiotic,Normal,21.1,156,88,80,117,2,20321.45,No,4,Never
ADM01795,PAT00657,Isha Chauhan,54,Female,A+,Hyderabad,Telangana,COPD,2025-08-18,2025-08-24,Emergency,Dr. P. Singh,CityCare Hospital,Self Pay,821,Salbutamol,Borderline,26.9,127,73,111,96,6,71216.89,No,4,Never
ADM01796,PAT00278,Sneha Gupta,22,Male,B-,Lucknow,Uttar Pradesh,Asthma,2024-06-04,2024-06-06,Elective,Dr. M. Joshi,Sunrise Medical Center,Care Health,778,Salbutamol,Normal,24.0,130,75,91,65,2,31962.49,No,3,Never
ADM01797,PAT00918,Nisha Mishra,24,Male,A-,Hyderabad,Telangana,Arthritis,2024-03-03,2024-03-07,Elective,Dr. M. Joshi,PrimeCare Hospital,HDFC ERGO,467,Diclofenac,Abnormal,33.5,141,74,106,65,4,26585.32,No,2,Never
ADM01798,PAT01564,Vivaan Gupta,41,Female,AB+,Bengaluru,Karnataka,Migraine,2024-03-06,2024-03-10,Emergency,Dr. A. Mehta,Metro Health Institute,HDFC ERGO,820,Naproxen,Normal,22.2,121,72,88,83,4,33367.43,No,4,Never
ADM01799,PAT00406,Arjun Yadav,44,Female,O-,Lucknow,Uttar Pradesh,Fracture,2024-08-18,2024-08-25,Emergency,Dr. T. Gupta,Green Valley Hospital,Care Health,342,Ibuprofen,Normal,28.6,119,75,81,98,7,57679.61,No,3,Never
ADM01800,PAT00600,Ananya Sharma,38,Female,O+,Bengaluru,Karnataka,Anemia,2026-06-17,2026-06-19,Elective,Dr. A. Mehta,Metro Health Institute,Care Health,691,Folic Acid,Abnormal,24.9,136,71,82,150,2,24253.66,No,5,Former
ADM01801,PAT01283,Nisha Rao,30,Male,AB-,Mumbai,Maharashtra,Cardiac Disease,2025-08-11,2025-08-17,Urgent,Dr. K. Rao,LifeLine Multispeciality,HDFC ERGO,416,Metoprolol,Abnormal,22.6,109,76,75,65,6,77754.27,No,4,Never
ADM01802,PAT00874,Isha Patel,18,Female,AB-,Lucknow,Uttar Pradesh,Fracture,2024-05-24,2024-05-29,Urgent,Dr. M. Joshi,PrimeCare Hospital,Care Health,156,Paracetamol,Normal,25.9,108,91,84,70,5,51106.38,No,4,Current
ADM01803,PAT00828,Arjun Mehta,37,Male,O-,Hyderabad,Telangana,Arthritis,2026-02-05,2026-02-09,Elective,Dr. V. Jain,Sunrise Medical Center,Star Health,254,Naproxen,Normal,22.1,137,79,103,125,4,35257.69,No,4,Never
ADM01804,PAT00892,Rohan Joshi,50,Male,AB-,Noida,Uttar Pradesh,Kidney Disease,2024-12-15,2024-12-22,Emergency,Dr. P. Singh,Green Valley Hospital,SBI General,286,Furosemide,Borderline,21.2,157,79,86,114,7,66939.06,No,4,Former
ADM01805,PAT00773,Diya Yadav,71,Female,O+,Hyderabad,Telangana,Asthma,2025-03-15,2025-03-16,Urgent,Dr. N. Sharma,PrimeCare Hospital,Self Pay,459,Budesonide,Normal,28.0,124,77,90,114,1,24912.65,No,5,Never
ADM01806,PAT00169,Kavya Gupta,67,Male,O-,Bengaluru,Karnataka,Hypertension,2024-06-24,2024-06-25,Urgent,Dr. P. Singh,NewHope Hospital,SBI General,828,Amlodipine,Normal,21.5,149,88,89,79,1,17361.42,No,4,Former
ADM01807,PAT01005,Rohan Khan,15,Female,O-,Noida,Uttar Pradesh,Pneumonia,2024-10-26,2024-10-31,Urgent,Dr. T. Gupta,PrimeCare Hospital,Self Pay,154,Amoxicillin,Normal,,114,83,74,98,5,44524.54,No,5,Never
ADM01808,PAT00049,Meera Malhotra,37,Male,O+,Bhopal,Madhya Pradesh,Kidney Disease,2026-03-03,2026-03-05,Urgent,Dr. N. Sharma,Harmony Medical Centre,HDFC ERGO,726,Erythropoietin,Abnormal,20.7,130,77,66,122,2,27263.17,No,,Never
ADM01809,PAT01007,Riya Kumar,10,Male,AB+,Noida,Uttar Pradesh,Kidney Disease,2026-01-16,2026-01-19,Emergency,Dr. S. Verma,Sunrise Medical Center,ICICI Lombard,882,Erythropoietin,Borderline,23.5,120,88,86,66,3,34822.05,No,3,Never
ADM01810,PAT00214,Riya Mishra,41,Female,AB+,Jaipur,Rajasthan,Arthritis,2026-03-28,2026-03-30,Emergency,Dr. S. Verma,Harmony Medical Centre,Self Pay,238,Diclofenac,Normal,23.8,122,75,75,107,2,23650.44,No,2,Current
ADM01811,PAT00659,Riya Chauhan,79,Female,AB+,Mumbai,Maharashtra,Asthma,2026-01-06,2026-01-12,Emergency,Dr. V. Jain,Green Valley Hospital,SBI General,660,Budesonide,Normal,31.1,119,79,95,70,6,46377.88,No,4,Former
ADM01812,PAT01150,Aditya Patel,46,Male,A-,Mumbai,Maharashtra,Pneumonia,2026-06-05,2026-06-10,Elective,Dr. I. Khan,PrimeCare Hospital,Star Health,664,Ceftriaxone,Normal,31.2,118,70,75,74,5,41542.05,No,3,Former
ADM01813,PAT00992,Aman Pandey,52,Female,A-,Delhi,Delhi,Kidney Disease,2024-11-25,2024-12-04,Elective,Dr. T. Gupta,Green Valley Hospital,HDFC ERGO,127,Sevelamer,Normal,32.6,124,78,65,89,9,95900.49,Yes,5,Former
ADM01814,PAT01249,Ananya Sharma,74,Female,O-,Noida,Uttar Pradesh,Arthritis,2026-08-09,2026-08-12,Elective,Dr. A. Mehta,PrimeCare Hospital,Care Health,476,Naproxen,Borderline,22.9,150,80,78,65,3,15036.22,No,5,Never
ADM01815,PAT00797,Priya Singh,40,Male,O-,Bhopal,Madhya Pradesh,Pneumonia,2025-11-19,2025-11-27,Emergency,Dr. T. Gupta,PrimeCare Hospital,HDFC ERGO,137,Amoxicillin,Normal,25.6,126,74,95,100,8,89874.47,Yes,4,Former
ADM01816,PAT00627,Meera Yadav,48,Female,B-,Delhi,Delhi,Gastroenteritis,2024-11-28,2024-11-29,Urgent,Dr. M. Joshi,Harmony Medical Centre,Care Health,131,Probiotic,Borderline,32.1,123,87,89,76,1,5289.7,No,4,Never
ADM01817,PAT01020,Tanya Jain,37,Male,A-,Pune,Maharashtra,Cardiac Disease,2025-11-17,2025-11-23,Emergency,Dr. K. Rao,PrimeCare Hospital,Niva Bupa,264,Atorvastatin,Normal,27.5,130,88,94,124,6,75837.9,No,5,Current
ADM01818,PAT01611,Nisha Sharma,81,Male,O+,Bengaluru,Karnataka,Pneumonia,2025-02-23,2025-02-26,Emergency,Dr. V. Jain,Metro Health Institute,Niva Bupa,228,Azithromycin,Abnormal,21.4,141,73,88,88,3,27153.58,No,4,Never
ADM01819,PAT01579,Vivaan Pandey,47,Female,AB+,Noida,Uttar Pradesh,Hypertension,2024-08-18,2024-08-21,Emergency,Dr. S. Verma,LifeLine Multispeciality,Self Pay,676,Losartan,Normal,27.3,166,105,78,79,3,40666.05,No,4,Never
ADM01820,PAT00589,Kabir Yadav,73,Female,A-,Kolkata,West Bengal,Anemia,2024-07-24,2024-07-26,Elective,Dr. V. Jain,Sunrise Medical Center,Care Health,779,Vitamin B12,Abnormal,30.0,144,69,76,134,2,21211.72,No,,Former
ADM01821,PAT01579,Vivaan Pandey,47,Female,AB+,Noida,Uttar Pradesh,COPD,2024-05-02,2024-05-06,Elective,Dr. M. Joshi,Sunrise Medical Center,Star Health,616,Salbutamol,Normal,22.5,115,81,82,85,4,47500.66,Yes,5,Never
ADM01822,PAT01401,Diya Jain,66,Male,B-,Delhi,Delhi,Kidney Disease,2024-09-08,2024-09-13,Urgent,Dr. A. Mehta,LifeLine Multispeciality,HDFC ERGO,401,Sevelamer,Normal,20.5,137,68,87,65,5,67165.01,Yes,5,Current
ADM01823,PAT01432,Diya Srivastava,47,Female,A-,Bhopal,Madhya Pradesh,COPD,2024-11-21,2024-11-27,Emergency,Dr. K. Rao,CityCare Hospital,Star Health,748,Tiotropium,Abnormal,29.3,131,64,104,126,6,54832.47,Yes,3,Never
ADM01824,PAT00113,Aditya Verma,22,Male,B+,Delhi,Delhi,Migraine,2024-10-08,2024-10-10,Emergency,Dr. S. Verma,CityCare Hospital,HDFC ERGO,161,Naproxen,Borderline,20.4,121,69,82,65,2,36905.07,No,3,Former
ADM01825,PAT01081,Isha Jain,29,Female,A-,Patna,Bihar,COPD,2025-08-10,2025-08-15,Elective,Dr. K. Rao,Metro Health Institute,Care Health,806,Salbutamol,Borderline,32.1,115,71,90,151,5,48004.9,No,4,Never
ADM01826,PAT01703,Rohan Kumar,49,Male,A-,Bhopal,Madhya Pradesh,Fracture,2025-01-11,2025-01-17,Urgent,Dr. T. Gupta,Harmony Medical Centre,HDFC ERGO,752,Ibuprofen,Normal,25.8,139,84,63,108,6,55420.55,No,,Never
ADM01827,PAT00086,Tanya Gupta,67,Male,B+,Chandigarh,Chandigarh,Diabetes,2025-02-02,2025-02-06,Elective,Dr. I. Khan,PrimeCare Hospital,Star Health,236,Glimepiride,Normal,32.2,145,89,85,154,4,36122.87,No,4,Current
ADM01828,PAT00386,Diya Srivastava,34,Male,O+,Delhi,Delhi,Diabetes,2025-06-23,2025-06-25,Elective,Dr. A. Mehta,LifeLine Multispeciality,Niva Bupa,414,Metformin,Normal,38.0,136,77,74,220,2,11270.77,No,3,Never
ADM01829,PAT00183,Sneha Pandey,56,Female,A-,Pune,Maharashtra,Anemia,2026-05-06,2026-05-08,Emergency,Dr. V. Jain,Sunrise Medical Center,SBI General,857,Folic Acid,Normal,28.4,128,80,77,121,2,26621.17,No,4,Current
ADM01830,PAT00629,Arjun Rao,36,Male,O-,Pune,Maharashtra,Asthma,2025-12-21,2025-12-26,Emergency,Dr. V. Jain,LifeLine Multispeciality,Star Health,344,Montelukast,Normal,20.8,102,76,83,118,5,52969.54,Yes,4,Never
ADM01831,PAT01204,Kavya Mehta,53,Female,O-,Bengaluru,Karnataka,Diabetes,2025-03-23,2025-03-26,Emergency,Dr. K. Rao,LifeLine Multispeciality,Self Pay,268,Insulin,Normal,21.2,117,80,79,184,3,12384.58,No,4,Never
ADM01832,PAT01532,Diya Rao,29,Male,A+,Chandigarh,Chandigarh,Diabetes,2024-11-20,2024-11-29,Emergency,Dr. N. Sharma,CityCare Hospital,ICICI Lombard,171,Glimepiride,Borderline,24.8,135,80,70,165,9,76538.69,Yes,3,Never
ADM01833,PAT01170,Ananya Verma,50,Female,AB-,Jaipur,Rajasthan,Kidney Disease,2026-04-22,2026-04-24,Emergency,Dr. K. Rao,Metro Health Institute,Star Health,101,Sevelamer,Borderline,27.4,142,83,85,125,2,39372.86,No,3,Never
ADM01834,PAT01112,Aman Singh,27,Female,A+,Jaipur,Rajasthan,Arthritis,2024-07-12,2024-07-16,Elective,Dr. K. Rao,Sunrise Medical Center,SBI General,671,Naproxen,Normal,24.8,106,96,93,71,4,56221.66,No,4,Never
ADM01835,PAT00356,Riya Kapoor,39,Female,O+,Kolkata,West Bengal,Arthritis,2025-07-31,2025-08-01,Elective,Dr. V. Jain,Green Valley Hospital,HDFC ERGO,899,Naproxen,Normal,20.0,147,77,54,88,1,19200.91,No,3,Never
ADM01836,PAT01313,Arjun Mehta,42,Female,O-,Lucknow,Uttar Pradesh,Hypertension,2024-07-13,2024-07-16,Urgent,Dr. N. Sharma,CityCare Hospital,HDFC ERGO,679,Telmisartan,Borderline,35.6,144,70,75,112,3,24458.56,No,4,Never
ADM01837,PAT00643,Kavya Mehta,30,Female,A-,Pune,Maharashtra,Pneumonia,2024-05-31,2024-06-06,Emergency,Dr. P. Singh,Metro Health Institute,HDFC ERGO,333,Azithromycin,Borderline,28.8,109,68,98,65,6,58842.43,No,3,Never
ADM01838,PAT01514,Aarav Kumar,29,Male,O-,Jaipur,Rajasthan,Anemia,2026-03-26,2026-03-27,Urgent,Dr. M. Joshi,Harmony Medical Centre,Self Pay,180,Iron Supplement,Normal,19.1,131,86,56,97,1,13154.8,No,2,Former
ADM01839,PAT00099,Rahul Mishra,34,Female,A-,Mumbai,Maharashtra,Asthma,2024-04-24,2024-04-25,Emergency,Dr. R. Kapoor,PrimeCare Hospital,Star Health,654,Salbutamol,Normal,23.5,130,74,89,65,1,12304.38,Yes,5,Former
ADM01840,PAT01095,Nisha Jain,40,Male,B-,Bengaluru,Karnataka,Diabetes,2026-03-03,2026-03-05,Emergency,Dr. N. Sharma,NewHope Hospital,ICICI Lombard,161,Metformin,Borderline,25.2,121,78,60,194,2,27957.92,Yes,4,Never
ADM01841,PAT00058,Ishaan Chauhan,43,Male,AB+,Mumbai,Maharashtra,Anemia,2024-08-15,2024-08-18,Elective,Dr. M. Joshi,Green Valley Hospital,Niva Bupa,562,Vitamin B12,Borderline,27.2,134,72,80,98,3,30378.64,No,5,Never
ADM01842,PAT00097,Kabir Patel,43,Female,B-,Mumbai,Maharashtra,Diabetes,2025-07-13,2025-07-16,Elective,Dr. M. Joshi,Metro Health Institute,ICICI Lombard,216,Metformin,Abnormal,37.3,99,79,78,175,3,33909.31,No,4,Never
ADM01843,PAT00621,Vivaan Mishra,45,Male,O-,Pune,Maharashtra,Asthma,2025-06-17,2025-06-21,Urgent,Dr. N. Sharma,PrimeCare Hospital,HDFC ERGO,257,Montelukast,Normal,22.8,134,94,91,105,4,40559.27,No,5,Never
ADM01844,PAT00789,Riya Sharma,69,Female,O-,Hyderabad,Telangana,Hypertension,2026-06-30,2026-07-03,Emergency,Dr. A. Mehta,Green Valley Hospital,ICICI Lombard,331,Losartan,Normal,21.8,156,77,76,120,3,30174.04,No,3,Never
ADM01845,PAT00386,Diya Srivastava,34,Male,O+,Delhi,Delhi,COPD,2026-06-29,2026-07-02,Elective,Dr. R. Kapoor,NewHope Hospital,HDFC ERGO,551,Budesonide,Borderline,34.3,129,85,97,94,3,27842.48,No,4,Never
ADM01846,PAT00721,Priya Patel,26,Female,B+,Patna,Bihar,Hypertension,2024-12-30,2025-01-03,Emergency,Dr. M. Joshi,CityCare Hospital,ICICI Lombard,335,Losartan,Normal,25.7,147,94,76,83,4,44094.75,No,4,Current
ADM01847,PAT01102,Nisha Gupta,46,Female,B+,Kolkata,West Bengal,Diabetes,2026-08-23,2026-08-30,Urgent,Dr. T. Gupta,PrimeCare Hospital,HDFC ERGO,680,Glimepiride,Abnormal,24.7,147,83,73,206,7,50971.74,Yes,4,Former
ADM01848,PAT00108,Meera Jain,68,Female,O+,Hyderabad,Telangana,Asthma,2024-04-08,2024-04-10,Elective,Dr. A. Mehta,Harmony Medical Centre,Self Pay,128,Montelukast,Abnormal,19.3,141,77,89,80,2,23613.71,No,4,Never
ADM01849,PAT01688,Isha Mehta,66,Female,A-,Bhopal,Madhya Pradesh,Kidney Disease,2025-06-23,2025-06-29,Emergency,Dr. M. Joshi,LifeLine Multispeciality,Star Health,852,Erythropoietin,Normal,21.5,119,88,85,92,6,68970.67,No,4,Never
ADM01850,PAT01691,Tanya Rao,40,Female,B-,Bengaluru,Karnataka,Asthma,2025-10-25,2025-10-30,Urgent,Dr. M. Joshi,Harmony Medical Centre,Self Pay,593,Salbutamol,Normal,25.0,132,74,66,89,5,36485.97,No,5,Never
ADM01851,PAT01402,Arjun Rao,50,Female,B+,Patna,Bihar,Arthritis,2026-02-16,2026-02-18,Emergency,Dr. P. Singh,Metro Health Institute,Self Pay,523,Diclofenac,Normal,25.5,155,80,91,91,2,25252.43,No,2,Current
ADM01852,PAT01790,Kavya Pandey,55,Female,AB+,Jaipur,Rajasthan,Diabetes,2025-10-19,2025-10-20,Urgent,Dr. T. Gupta,Green Valley Hospital,ICICI Lombard,885,Glimepiride,Abnormal,24.9,120,81,73,172,1,26812.45,No,3,Never
ADM01853,PAT00889,Nisha Pandey,44,Male,A+,Lucknow,Uttar Pradesh,Kidney Disease,2024-02-26,2024-03-01,Emergency,Dr. M. Joshi,Metro Health Institute,SBI General,773,Erythropoietin,Normal,32.1,149,83,72,109,4,47057.74,No,3,Never
ADM01854,PAT01513,Rohan Singh,42,Female,A-,Jaipur,Rajasthan,Diabetes,2024-08-04,2024-08-06,Elective,Dr. R. Kapoor,NewHope Hospital,Star Health,295,Metformin,Abnormal,29.1,140,77,79,151,2,20022.13,No,3,Current
ADM01855,PAT01042,Nisha Gupta,40,Female,B-,Hyderabad,Telangana,Pneumonia,2025-05-11,2025-05-18,Elective,Dr. I. Khan,Metro Health Institute,ICICI Lombard,725,Azithromycin,Normal,26.7,113,78,82,100,7,54668.69,No,4,Former
ADM01856,PAT01074,Kavya Joshi,27,Male,A-,Kolkata,West Bengal,Kidney Disease,2026-08-06,2026-08-12,Emergency,Dr. K. Rao,Harmony Medical Centre,ICICI Lombard,174,Sevelamer,Borderline,26.2,145,77,95,74,6,66571.89,No,4,Never
ADM01857,PAT01740,Sneha Verma,44,Female,AB-,Patna,Bihar,Hypertension,2024-01-04,2024-01-06,Emergency,Dr. T. Gupta,Green Valley Hospital,Self Pay,729,Amlodipine,Normal,25.1,146,99,81,98,2,21692.97,No,4,Former
ADM01858,PAT00366,Arjun Chauhan,20,Female,B-,Pune,Maharashtra,Pneumonia,2024-02-06,2024-02-14,Elective,Dr. M. Joshi,Harmony Medical Centre,Care Health,589,Azithromycin,Normal,,153,89,82,95,8,74897.95,No,4,Never
ADM01859,PAT01042,Nisha Gupta,40,Female,B-,Hyderabad,Telangana,Hypertension,2024-04-22,2024-04-24,Elective,Dr. N. Sharma,PrimeCare Hospital,Niva Bupa,496,Amlodipine,Abnormal,29.6,167,97,79,73,2,26618.27,No,3,Former
ADM01860,PAT00760,Riya Singh,84,Female,B+,Chandigarh,Chandigarh,Pneumonia,2024-03-05,2024-03-12,Emergency,Dr. N. Sharma,Sunrise Medical Center,Self Pay,780,Azithromycin,Normal,22.6,136,76,75,139,7,73190.43,Yes,3,Never
ADM01861,PAT01395,Vivaan Srivastava,49,Male,B-,Patna,Bihar,Arthritis,2024-09-26,2024-09-28,Elective,Dr. P. Singh,Green Valley Hospital,Self Pay,284,Ibuprofen,Normal,24.7,116,59,56,65,2,40536.77,No,4,Former
ADM01862,PAT01432,Diya Srivastava,47,Female,A-,Bhopal,Madhya Pradesh,Diabetes,2025-10-06,2025-10-08,Elective,Dr. P. Singh,Sunrise Medical Center,SBI General,526,Insulin,Normal,32.2,120,80,75,153,2,25598.19,No,4,Never
ADM01863,PAT00092,Kabir Singh,27,Female,AB+,Pune,Maharashtra,Cardiac Disease,2026-03-15,2026-03-22,Elective,Dr. T. Gupta,Green Valley Hospital,Star Health,693,Atorvastatin,Normal,22.4,117,79,65,96,7,108422.16,Yes,4,Current
ADM01864,PAT00440,Kabir Malhotra,46,Female,AB-,Lucknow,Uttar Pradesh,Cardiac Disease,2025-04-04,2025-04-10,Urgent,Dr. A. Mehta,LifeLine Multispeciality,SBI General,605,Aspirin,Borderline,20.9,124,79,88,133,6,69799.2,No,3,Former
ADM01865,PAT00203,Aditya Kapoor,79,Female,B+,Pune,Maharashtra,COPD,2025-09-01,2025-09-05,Emergency,Dr. M. Joshi,Sunrise Medical Center,ICICI Lombard,361,Tiotropium,Normal,28.9,136,73,77,97,4,42300.35,No,4,Never
ADM01866,PAT00937,Aman Saxena,47,Female,B+,Pune,Maharashtra,Kidney Disease,2025-08-18,2025-08-24,Urgent,Dr. V. Jain,LifeLine Multispeciality,Star Health,413,Sevelamer,Normal,34.4,100,77,78,84,6,70593.53,No,4,Never
ADM01867,PAT00381,Rahul Singh,24,Female,A-,Jaipur,Rajasthan,Fracture,2025-03-14,2025-03-18,Emergency,Dr. I. Khan,LifeLine Multispeciality,ICICI Lombard,307,Ibuprofen,Borderline,21.9,125,83,80,94,4,54222.85,No,4,Former
ADM01868,PAT00454,Sneha Agarwal,51,Male,A-,Chandigarh,Chandigarh,Gastroenteritis,2024-08-08,2024-08-12,Emergency,Dr. T. Gupta,PrimeCare Hospital,SBI General,787,Ondansetron,Abnormal,28.4,131,72,78,120,4,15587.16,No,4,Never
ADM01869,PAT01460,Riya Yadav,77,Male,O+,Bengaluru,Karnataka,Diabetes,2024-06-01,2024-06-02,Elective,Dr. K. Rao,NewHope Hospital,Niva Bupa,109,Metformin,Abnormal,16.7,156,77,77,167,1,21359.42,No,5,Never
ADM01870,PAT00656,Riya Jain,62,Male,AB-,Noida,Uttar Pradesh,Anemia,2024-04-27,2024-04-30,Elective,Dr. T. Gupta,PrimeCare Hospital,Star Health,895,Iron Supplement,Normal,23.8,129,75,73,107,3,32646.99,No,4,Never
ADM01871,PAT00150,Rahul Rao,64,Female,AB+,Delhi,Delhi,Asthma,2025-04-04,2025-04-07,Elective,Dr. R. Kapoor,CityCare Hospital,Star Health,693,Budesonide,Borderline,22.8,118,87,85,65,3,28778.56,Yes,4,Former
ADM01872,PAT01463,Ananya Gupta,32,Female,B+,Kolkata,West Bengal,Migraine,2024-02-06,2024-02-09,Emergency,Dr. N. Sharma,Harmony Medical Centre,Self Pay,269,Naproxen,Normal,,128,81,70,115,3,22219.34,No,4,Never
ADM01873,PAT00417,Aman Sharma,22,Male,AB+,Chandigarh,Chandigarh,Fracture,2024-08-19,2024-08-23,Urgent,Dr. S. Verma,Metro Health Institute,ICICI Lombard,399,Paracetamol,Borderline,23.8,123,83,87,106,4,48259.85,No,3,Never
ADM01874,PAT01015,Aman Yadav,22,Male,AB+,Mumbai,Maharashtra,Cardiac Disease,2025-01-20,2025-01-26,Emergency,Dr. N. Sharma,PrimeCare Hospital,Self Pay,153,Atorvastatin,Borderline,18.6,122,61,76,113,6,75507.3,No,2,Former
ADM01875,PAT00424,Priya Kumar,55,Female,B+,Noida,Uttar Pradesh,Gastroenteritis,2025-04-30,2025-05-03,Emergency,Dr. I. Khan,Metro Health Institute,HDFC ERGO,395,Ondansetron,Abnormal,31.7,114,74,67,134,3,34423.43,No,3,Never
ADM01876,PAT01170,Ananya Verma,50,Female,AB-,Jaipur,Rajasthan,Arthritis,2024-01-28,2024-01-29,Elective,Dr. S. Verma,PrimeCare Hospital,HDFC ERGO,857,Naproxen,Borderline,15.1,129,81,89,120,1,12037.54,No,4,Never
ADM01877,PAT01312,Sneha Gupta,32,Male,B+,Pune,Maharashtra,Hypertension,2025-03-26,2025-03-27,Elective,Dr. A. Mehta,CityCare Hospital,SBI General,744,Amlodipine,Normal,20.3,139,93,77,65,1,18517.25,No,4,Never
ADM01878,PAT01256,Aarav Singh,57,Male,O-,Hyderabad,Telangana,Anemia,2024-12-25,2024-12-30,Emergency,Dr. N. Sharma,LifeLine Multispeciality,ICICI Lombard,837,Folic Acid,Normal,23.6,134,75,70,79,5,42959.37,No,5,Never
ADM01879,PAT00032,Kabir Kumar,62,Female,B-,Noida,Uttar Pradesh,Kidney Disease,2024-04-07,2024-04-13,Emergency,Dr. R. Kapoor,PrimeCare Hospital,ICICI Lombard,417,Erythropoietin,Borderline,23.5,122,81,78,114,6,60777.56,No,3,Never
ADM01880,PAT00093,Isha Khan,47,Male,A+,Patna,Bihar,Pneumonia,2026-06-26,2026-06-30,Urgent,Dr. K. Rao,LifeLine Multispeciality,Niva Bupa,890,Azithromycin,Abnormal,25.3,136,77,107,82,4,48189.24,No,5,Never
ADM01881,PAT00782,Priya Gupta,51,Female,B+,Noida,Uttar Pradesh,Arthritis,2026-01-08,2026-01-11,Urgent,Dr. T. Gupta,NewHope Hospital,Niva Bupa,257,Naproxen,Normal,24.1,117,83,74,83,3,31145.51,No,4,Former
ADM01882,PAT00422,Vivaan Patel,1,Male,AB+,Lucknow,Uttar Pradesh,Gastroenteritis,2024-04-15,2024-04-16,Urgent,Dr. N. Sharma,PrimeCare Hospital,Self Pay,856,Ondansetron,Normal,30.1,117,81,73,73,1,34536.36,No,3,Former
ADM01883,PAT01412,Sneha Mishra,63,Female,A-,Kolkata,West Bengal,Arthritis,2024-10-08,2024-10-10,Urgent,Dr. T. Gupta,Metro Health Institute,Star Health,143,Diclofenac,Borderline,30.4,133,74,97,128,2,29532.66,No,4,Never
ADM01884,PAT00239,Vivaan Mehta,57,Female,O+,Hyderabad,Telangana,COPD,2026-03-14,2026-03-19,Elective,Dr. T. Gupta,Sunrise Medical Center,HDFC ERGO,164,Salbutamol,Normal,26.0,139,79,87,120,5,60237.25,No,4,Never
ADM01885,PAT00595,Aditya Gupta,56,Female,B+,Kolkata,West Bengal,COPD,2026-03-29,2026-03-30,Elective,Dr. K. Rao,NewHope Hospital,SBI General,581,Salbutamol,Abnormal,18.0,146,86,69,95,1,25490.74,Yes,4,Current
ADM01886,PAT00010,Aditya Pandey,61,Female,B+,Bhopal,Madhya Pradesh,Hypertension,2026-07-09,2026-07-10,Elective,Dr. P. Singh,Harmony Medical Centre,HDFC ERGO,441,Losartan,Normal,30.0,152,82,84,107,1,9946.72,No,4,Never
ADM01887,PAT00493,Nisha Chauhan,55,Female,B-,Kolkata,West Bengal,COPD,2025-12-05,2025-12-08,Emergency,Dr. I. Khan,PrimeCare Hospital,Star Health,470,Budesonide,Abnormal,25.6,139,72,105,114,3,37602.88,No,4,Never
ADM01888,PAT01351,Diya Yadav,38,Female,O+,Lucknow,Uttar Pradesh,Asthma,2026-08-29,2026-09-02,Urgent,Dr. N. Sharma,LifeLine Multispeciality,Star Health,871,Budesonide,Normal,27.4,116,84,90,84,4,16303.73,No,5,Never
ADM01889,PAT01667,Nisha Rao,73,Male,O+,Mumbai,Maharashtra,Diabetes,2024-10-17,2024-10-19,Urgent,Dr. P. Singh,Sunrise Medical Center,Care Health,828,Glimepiride,Normal,27.0,108,72,79,168,2,36008.51,No,4,Never
ADM01890,PAT01703,Rohan Kumar,49,Male,A-,Bhopal,Madhya Pradesh,Fracture,2024-05-28,2024-05-30,Urgent,Dr. R. Kapoor,Sunrise Medical Center,Niva Bupa,471,Calcium,Borderline,26.7,109,79,81,143,2,34976.2,No,5,Never
ADM01891,PAT00678,Priya Malhotra,37,Female,AB-,Delhi,Delhi,Cardiac Disease,2024-04-15,2024-04-17,Elective,Dr. P. Singh,Metro Health Institute,Niva Bupa,514,Atorvastatin,Normal,24.9,113,84,88,65,2,35100.49,Yes,4,Former
ADM01892,PAT00363,Tanya Srivastava,28,Female,AB+,Patna,Bihar,Arthritis,2024-03-23,2024-03-24,Elective,Dr. M. Joshi,Harmony Medical Centre,Self Pay,453,Diclofenac,Normal,26.2,131,81,63,69,1,24988.78,No,3,Never
ADM01893,PAT00799,Priya Rao,70,Female,O-,Hyderabad,Telangana,Cardiac Disease,2025-03-09,2025-03-15,Elective,Dr. R. Kapoor,PrimeCare Hospital,HDFC ERGO,810,Aspirin,Normal,24.4,148,65,70,134,6,63471.16,No,5,Former
ADM01894,PAT01693,Aarav Agarwal,36,Male,B-,Bengaluru,Karnataka,Cardiac Disease,2024-04-05,2024-04-15,Emergency,Dr. V. Jain,NewHope Hospital,ICICI Lombard,409,Metoprolol,Borderline,15.8,129,84,78,92,10,125479.31,No,4,Former
ADM01895,PAT00468,Vivaan Mishra,39,Male,B-,Noida,Uttar Pradesh,COPD,2025-12-17,2025-12-21,Emergency,Dr. K. Rao,NewHope Hospital,Self Pay,387,Tiotropium,Normal,32.4,120,78,98,65,4,33001.33,No,4,Never
ADM01896,PAT00762,Ishaan Sharma,35,Female,AB-,Bhopal,Madhya Pradesh,Arthritis,2026-02-26,2026-03-02,Emergency,Dr. V. Jain,NewHope Hospital,SBI General,401,Diclofenac,Normal,26.5,119,92,68,119,4,30855.55,No,3,Former
ADM01897,PAT01716,Diya Joshi,33,Female,B-,Hyderabad,Telangana,Kidney Disease,2024-11-11,2024-11-18,Emergency,Dr. N. Sharma,NewHope Hospital,ICICI Lombard,492,Erythropoietin,Borderline,28.0,128,96,90,65,7,80666.39,Yes,3,Never
ADM01898,PAT00824,Riya Singh,65,Male,O-,Bhopal,Madhya Pradesh,Pneumonia,2025-12-31,2026-01-06,Emergency,Dr. R. Kapoor,CityCare Hospital,Self Pay,801,Ceftriaxone,Normal,16.5,137,68,101,65,6,64301.36,No,5,Never
ADM01899,PAT00092,Kabir Singh,27,Female,AB+,Pune,Maharashtra,Migraine,2025-04-25,2025-04-29,Emergency,Dr. V. Jain,Metro Health Institute,Niva Bupa,801,Sumatriptan,Abnormal,21.4,127,69,81,97,4,43185.16,Yes,4,Current
ADM01900,PAT00320,Aman Agarwal,31,Male,A+,Bengaluru,Karnataka,Kidney Disease,2026-01-17,2026-01-26,Emergency,Dr. M. Joshi,NewHope Hospital,SBI General,758,Sevelamer,Borderline,21.8,134,76,71,75,9,84408.65,Yes,5,Never
ADM01901,PAT00291,Kabir Malhotra,53,Male,A+,Chandigarh,Chandigarh,Kidney Disease,2025-06-08,2025-06-14,Urgent,Dr. I. Khan,LifeLine Multispeciality,ICICI Lombard,763,Sevelamer,Normal,25.5,106,79,60,100,6,60847.52,Yes,5,Current
ADM01902,PAT01227,Kavya Saxena,36,Male,O+,Chandigarh,Chandigarh,Hypertension,2025-08-26,2025-08-27,Elective,Dr. N. Sharma,NewHope Hospital,Care Health,508,Losartan,Abnormal,15.3,151,77,68,88,1,32555.13,No,4,Current
ADM01903,PAT00505,Aditya Kumar,44,Female,O-,Patna,Bihar,Gastroenteritis,2025-07-09,2025-07-15,Elective,Dr. N. Sharma,LifeLine Multispeciality,Star Health,380,ORS,Normal,23.4,116,76,85,99,6,60109.96,No,3,Never
ADM01904,PAT01274,Aditya Gupta,34,Female,AB-,Bhopal,Madhya Pradesh,Hypertension,2025-02-20,2025-02-21,Elective,Dr. R. Kapoor,CityCare Hospital,Niva Bupa,748,Telmisartan,Normal,27.3,148,84,84,125,1,6574.53,No,3,Former
ADM01905,PAT01370,Ishaan Agarwal,47,Male,O-,Bengaluru,Karnataka,Fracture,2026-01-05,2026-01-10,Emergency,Dr. P. Singh,PrimeCare Hospital,HDFC ERGO,429,Calcium,Borderline,25.0,129,73,91,89,5,45601.89,No,4,Never
ADM01906,PAT00529,Sneha Yadav,62,Male,O-,Delhi,Delhi,Kidney Disease,2026-01-08,2026-01-13,Elective,Dr. K. Rao,Green Valley Hospital,Self Pay,168,Furosemide,Normal,34.7,123,84,71,73,5,66062.91,No,5,Former
ADM01907,PAT00866,Sneha Patel,41,Male,O-,Mumbai,Maharashtra,Hypertension,2026-02-23,2026-02-24,Emergency,Dr. M. Joshi,Green Valley Hospital,HDFC ERGO,310,Losartan,Normal,34.9,131,112,84,100,1,25599.04,No,4,Former
ADM01908,PAT01394,Aarav Pandey,50,Male,A-,Bhopal,Madhya Pradesh,Anemia,2024-03-05,2024-03-07,Emergency,Dr. S. Verma,Metro Health Institute,Self Pay,758,Vitamin B12,Borderline,32.0,139,87,95,69,2,7066.19,No,5,Never
ADM01909,PAT01169,Sneha Khan,66,Male,AB+,Lucknow,Uttar Pradesh,Hypertension,2024-04-16,2024-04-17,Emergency,Dr. T. Gupta,Green Valley Hospital,Star Health,248,Losartan,Normal,26.0,144,105,86,108,1,23648.07,Yes,4,Never
ADM01910,PAT01455,Nisha Rao,56,Female,B+,Bengaluru,Karnataka,Anemia,2026-06-06,2026-06-09,Emergency,Dr. M. Joshi,CityCare Hospital,Self Pay,425,Vitamin B12,Normal,22.2,124,82,91,76,3,34332.51,No,4,Current
ADM01911,PAT01769,Kavya Sharma,35,Male,O-,Pune,Maharashtra,Gastroenteritis,2025-03-19,2025-03-21,Elective,Dr. I. Khan,Green Valley Hospital,Self Pay,772,Probiotic,Normal,21.0,143,62,80,126,2,16149.13,No,3,Never
ADM01912,PAT01283,Nisha Rao,30,Male,AB-,Mumbai,Maharashtra,Diabetes,2026-01-08,2026-01-11,Urgent,Dr. N. Sharma,NewHope Hospital,Niva Bupa,398,Metformin,Abnormal,27.1,151,60,77,167,3,36016.27,No,5,Never
ADM01913,PAT00635,Tanya Chauhan,61,Female,A-,Hyderabad,Telangana,Hypertension,2024-08-12,2024-08-13,Elective,Dr. V. Jain,Harmony Medical Centre,Niva Bupa,851,Losartan,Abnormal,22.5,144,88,106,93,1,3500,No,5,Never
ADM01914,PAT00420,Isha Chauhan,47,Female,O+,Delhi,Delhi,Fracture,2025-05-13,2025-05-16,Elective,Dr. M. Joshi,PrimeCare Hospital,ICICI Lombard,856,Calcium,Abnormal,19.9,130,85,81,128,3,39072.5,No,5,Never
ADM01915,PAT01800,Ishaan Saxena,61,Female,A-,Jaipur,Rajasthan,Arthritis,2024-10-20,2024-10-21,Elective,Dr. N. Sharma,Metro Health Institute,ICICI Lombard,572,Diclofenac,Borderline,32.2,152,68,81,128,1,14008.66,Yes,5,Former
ADM01916,PAT01339,Rahul Verma,41,Male,AB-,Chandigarh,Chandigarh,Hypertension,2024-05-21,2024-05-25,Emergency,Dr. R. Kapoor,LifeLine Multispeciality,SBI General,255,Telmisartan,Borderline,29.7,145,76,64,126,4,16947.61,No,3,Former
ADM01917,PAT01509,Rahul Khan,82,Male,O+,Noida,Uttar Pradesh,COPD,2024-05-28,2024-06-01,Urgent,Dr. V. Jain,Harmony Medical Centre,HDFC ERGO,745,Salbutamol,Normal,22.5,129,80,92,96,4,40894.74,Yes,3,Never
ADM01918,PAT00559,Vivaan Kapoor,39,Female,B-,Mumbai,Maharashtra,Anemia,2025-09-04,2025-09-05,Urgent,Dr. V. Jain,NewHope Hospital,Self Pay,668,Vitamin B12,Normal,23.0,116,80,91,68,1,5190.84,No,3,Never
ADM01919,PAT00839,Priya Patel,72,Female,B+,Chandigarh,Chandigarh,Diabetes,2025-02-12,2025-02-13,Elective,Dr. N. Sharma,Green Valley Hospital,ICICI Lombard,603,Glimepiride,Borderline,26.2,139,88,85,163,1,23069.18,No,3,Current
ADM01920,PAT01414,Diya Srivastava,82,Male,AB+,Pune,Maharashtra,Cardiac Disease,2025-09-22,2025-09-28,Elective,Dr. P. Singh,Green Valley Hospital,Self Pay,281,Metoprolol,Abnormal,31.5,107,80,74,107,6,75637.03,No,4,Never
ADM01921,PAT00021,Priya Pandey,57,Male,B-,Patna,Bihar,Fracture,2024-02-28,2024-03-01,Elective,Dr. V. Jain,Harmony Medical Centre,Self Pay,787,Ibuprofen,Normal,24.5,136,79,71,76,2,6461.79,No,4,Never
ADM01922,PAT00852,Aarav Rao,73,Female,O-,Kolkata,West Bengal,Diabetes,2024-03-18,2024-03-20,Urgent,Dr. M. Joshi,LifeLine Multispeciality,Star Health,535,Metformin,Borderline,26.9,119,74,70,159,2,4030.08,No,5,Never
ADM01923,PAT01687,Nisha Jain,50,Male,B-,Mumbai,Maharashtra,Migraine,2024-04-30,2024-05-03,Emergency,Dr. T. Gupta,Harmony Medical Centre,Star Health,245,Paracetamol,Borderline,26.9,151,101,73,71,3,21281.68,No,4,Never
ADM01924,PAT00848,Priya Agarwal,56,Male,O+,Bhopal,Madhya Pradesh,Migraine,2024-08-31,2024-09-06,Emergency,Dr. M. Joshi,Metro Health Institute,Niva Bupa,794,Paracetamol,Borderline,21.6,134,89,86,71,6,31328.36,No,5,Current
ADM01925,PAT00773,Diya Yadav,71,Female,O+,Hyderabad,Telangana,Diabetes,2025-10-25,2025-10-29,Emergency,Dr. S. Verma,PrimeCare Hospital,Care Health,435,Metformin,Normal,23.1,133,64,93,173,4,29767.84,No,3,Never
ADM01926,PAT00570,Sneha Kapoor,38,Female,B+,Hyderabad,Telangana,Migraine,2024-11-13,2024-11-14,Urgent,Dr. T. Gupta,Sunrise Medical Center,SBI General,600,Naproxen,Normal,25.7,130,94,69,99,1,25624.09,No,2,Current
ADM01927,PAT01726,Vivaan Singh,21,Female,B-,Bengaluru,Karnataka,Fracture,2025-10-13,2025-10-16,Urgent,Dr. N. Sharma,NewHope Hospital,Star Health,572,Calcium,Abnormal,26.7,137,91,69,146,3,32911.69,No,4,Former
ADM01928,PAT00389,Riya Kapoor,34,Male,O-,Bengaluru,Karnataka,COPD,2026-05-17,2026-05-20,Emergency,Dr. K. Rao,Green Valley Hospital,Self Pay,487,Budesonide,Abnormal,26.5,156,60,63,107,3,25617.87,No,4,Never
ADM01929,PAT01673,Isha Agarwal,17,Female,A+,Bengaluru,Karnataka,Cardiac Disease,2026-08-10,2026-08-14,Emergency,Dr. K. Rao,PrimeCare Hospital,Niva Bupa,455,Metoprolol,Normal,29.7,146,86,87,79,4,56598.1,No,3,Never
ADM01930,PAT01596,Vivaan Gupta,39,Female,A+,Bhopal,Madhya Pradesh,Pneumonia,2026-07-04,2026-07-07,Elective,Dr. S. Verma,Sunrise Medical Center,HDFC ERGO,893,Ceftriaxone,Normal,18.0,134,74,78,118,3,37661.27,No,4,Never
ADM01931,PAT01000,Sneha Sharma,31,Female,AB-,Pune,Maharashtra,Fracture,2024-03-28,2024-04-03,Emergency,Dr. T. Gupta,PrimeCare Hospital,SBI General,114,Calcium,Normal,,118,76,91,107,6,52891.78,Yes,5,Never
ADM01932,PAT00520,Rahul Joshi,26,Female,O+,Mumbai,Maharashtra,Pneumonia,2024-04-24,2024-04-29,Urgent,Dr. I. Khan,Green Valley Hospital,Self Pay,249,Azithromycin,Abnormal,24.4,143,93,81,134,5,48466.58,No,4,Never
ADM01933,PAT01230,Kavya Malhotra,85,Male,A-,Hyderabad,Telangana,Diabetes,2025-03-27,2025-04-02,Emergency,Dr. K. Rao,Metro Health Institute,Star Health,468,Metformin,Normal,22.0,110,72,86,152,6,30867.2,No,4,Current
ADM01934,PAT00022,Priya Sharma,35,Male,AB-,Kolkata,West Bengal,Arthritis,2024-02-23,2024-02-24,Urgent,Dr. V. Jain,Sunrise Medical Center,Niva Bupa,379,Diclofenac,Borderline,24.7,131,82,75,91,1,12118.17,No,3,Never
ADM01935,PAT01284,Ananya Khan,63,Female,B-,Pune,Maharashtra,COPD,2024-09-04,2024-09-05,Urgent,Dr. M. Joshi,LifeLine Multispeciality,Niva Bupa,138,Salbutamol,Borderline,22.8,90,91,71,106,1,22198.97,Yes,5,Current
ADM01936,PAT01419,Aman Rao,36,Male,O+,Kolkata,West Bengal,Cardiac Disease,2024-08-18,2024-08-27,Urgent,Dr. N. Sharma,Green Valley Hospital,Self Pay,154,Atorvastatin,Normal,27.2,123,63,76,99,9,106779.1,No,3,Former
ADM01937,PAT00810,Ananya Verma,51,Male,AB+,Mumbai,Maharashtra,Cardiac Disease,2026-05-30,2026-06-03,Urgent,Dr. V. Jain,Green Valley Hospital,Self Pay,588,Metoprolol,Normal,31.9,143,66,88,102,4,65178.36,No,4,Never
ADM01938,PAT00086,Tanya Gupta,67,Male,B+,Chandigarh,Chandigarh,Cardiac Disease,2024-04-08,2024-04-16,Emergency,Dr. T. Gupta,CityCare Hospital,Care Health,128,Aspirin,Borderline,24.0,127,89,93,65,8,105655.06,Yes,4,Current
ADM01939,PAT01426,Kavya Kumar,27,Female,AB+,Patna,Bihar,Kidney Disease,2026-03-11,2026-03-16,Urgent,Dr. T. Gupta,Metro Health Institute,HDFC ERGO,561,Furosemide,Normal,27.6,128,61,84,131,5,59886.4,No,4,Never
ADM01940,PAT01572,Priya Kapoor,57,Male,B-,Pune,Maharashtra,Anemia,2024-04-21,2024-04-24,Elective,Dr. A. Mehta,Green Valley Hospital,HDFC ERGO,323,Iron Supplement,Abnormal,15.0,128,78,89,81,3,32298.69,No,4,Never
ADM01941,PAT00920,Nisha Jain,28,Male,B+,Lucknow,Uttar Pradesh,COPD,2025-06-11,2025-06-13,Elective,Dr. A. Mehta,CityCare Hospital,Star Health,469,Budesonide,Borderline,28.1,131,71,66,127,2,18397.16,No,4,Former
ADM01942,PAT00264,Ishaan Khan,61,Female,AB-,Jaipur,Rajasthan,Arthritis,2026-06-20,2026-06-23,Emergency,Dr. K. Rao,NewHope Hospital,Niva Bupa,674,Naproxen,Borderline,22.8,140,86,61,134,3,43554.48,No,3,Never
ADM01943,PAT01358,Kavya Rao,66,Female,O-,Noida,Uttar Pradesh,Hypertension,2025-09-27,2025-10-01,Urgent,Dr. R. Kapoor,LifeLine Multispeciality,HDFC ERGO,517,Amlodipine,Abnormal,24.3,142,110,95,77,4,50726.88,No,2,Former
ADM01944,PAT01413,Riya Rao,57,Male,B+,Pune,Maharashtra,Fracture,2024-12-15,2024-12-19,Elective,Dr. K. Rao,PrimeCare Hospital,HDFC ERGO,750,Ibuprofen,Normal,30.9,156,84,69,110,4,52455.99,No,3,Current
ADM01945,PAT00457,Ishaan Mehta,28,Female,B-,Bengaluru,Karnataka,Cardiac Disease,2026-08-11,2026-08-19,Emergency,Dr. V. Jain,Sunrise Medical Center,Self Pay,286,Aspirin,Normal,21.2,113,89,69,124,8,103171.0,No,4,Current
ADM01946,PAT00145,Aarav Patel,1,Female,AB+,Mumbai,Maharashtra,Migraine,2025-06-06,2025-06-08,Elective,Dr. K. Rao,Green Valley Hospital,HDFC ERGO,775,Naproxen,Normal,20.6,139,88,86,111,2,25205.82,No,5,Never
ADM01947,PAT01306,Kabir Verma,37,Male,B+,Bhopal,Madhya Pradesh,Diabetes,2024-03-20,2024-03-23,Urgent,Dr. P. Singh,NewHope Hospital,HDFC ERGO,280,Metformin,Abnormal,24.6,103,86,100,151,3,36937.96,No,5,Current
ADM01948,PAT00235,Isha Khan,29,Female,B+,Hyderabad,Telangana,Fracture,2026-02-04,2026-02-10,Elective,Dr. S. Verma,Green Valley Hospital,Star Health,750,Ibuprofen,Borderline,30.8,145,86,87,75,6,63838.9,No,3,Never
ADM01949,PAT00237,Riya Jain,1,Male,AB-,Delhi,Delhi,Fracture,2025-11-28,2025-12-02,Elective,Dr. M. Joshi,NewHope Hospital,Care Health,157,Calcium,Normal,25.8,109,83,89,102,4,37526.91,No,4,Never
ADM01950,PAT00326,Tanya Pandey,73,Female,A+,Patna,Bihar,Hypertension,2026-01-28,2026-01-30,Elective,Dr. V. Jain,Harmony Medical Centre,HDFC ERGO,661,Losartan,Abnormal,28.3,159,97,70,87,2,16081.59,No,5,Current
ADM01951,PAT01621,Riya Kumar,1,Male,O+,Hyderabad,Telangana,Hypertension,2026-05-15,2026-05-17,Elective,Dr. N. Sharma,CityCare Hospital,Star Health,469,Losartan,Normal,19.0,167,95,73,82,2,27176.26,No,4,Never
ADM01952,PAT01001,Vivaan Mishra,36,Female,B-,Pune,Maharashtra,Fracture,2025-03-21,2025-03-27,Emergency,Dr. P. Singh,LifeLine Multispeciality,Star Health,604,Ibuprofen,Borderline,,122,73,98,120,6,59164.49,No,5,Never
ADM01953,PAT00137,Kabir Jain,50,Female,B-,Noida,Uttar Pradesh,Diabetes,2024-01-06,2024-01-08,Emergency,Dr. V. Jain,Green Valley Hospital,Niva Bupa,318,Insulin,Normal,27.8,121,80,100,154,2,33504.98,No,4,Former
ADM01954,PAT00376,Nisha Mehta,77,Male,O-,Kolkata,West Bengal,Arthritis,2025-04-23,2025-04-26,Elective,Dr. M. Joshi,Metro Health Institute,Self Pay,768,Ibuprofen,Borderline,29.9,126,62,64,94,3,29100.01,No,5,Never
ADM01955,PAT01100,Arjun Gupta,15,Female,A-,Hyderabad,Telangana,Fracture,2025-04-11,2025-04-18,Urgent,Dr. I. Khan,CityCare Hospital,Niva Bupa,626,Calcium,Normal,22.3,122,71,77,99,7,66920.64,No,4,Former
ADM01956,PAT00671,Ishaan Saxena,27,Male,A-,Patna,Bihar,Pneumonia,2024-01-30,2024-02-06,Emergency,Dr. S. Verma,Green Valley Hospital,Star Health,765,Amoxicillin,Abnormal,31.7,110,89,111,165,7,72915.96,No,4,Former
ADM01957,PAT00343,Nisha Verma,62,Male,A+,Kolkata,West Bengal,Anemia,2024-02-19,2024-02-22,Emergency,Dr. P. Singh,NewHope Hospital,Self Pay,888,Folic Acid,Borderline,29.2,135,96,87,132,3,21805.32,Yes,3,Former
ADM01958,PAT01516,Meera Srivastava,48,Female,A-,Bhopal,Madhya Pradesh,Arthritis,2025-11-24,2025-11-25,Emergency,Dr. A. Mehta,PrimeCare Hospital,Star Health,771,Naproxen,Normal,18.8,117,76,64,114,1,21891.65,No,3,Current
ADM01959,PAT00526,Arjun Patel,49,Male,AB+,Kolkata,West Bengal,Pneumonia,2026-05-22,2026-05-27,Emergency,Dr. S. Verma,Metro Health Institute,ICICI Lombard,144,Amoxicillin,Normal,27.1,145,85,92,106,5,47663.49,No,4,Never
ADM01960,PAT01395,Vivaan Srivastava,49,Male,B-,Patna,Bihar,Asthma,2025-10-23,2025-10-24,Urgent,Dr. V. Jain,Metro Health Institute,Star Health,166,Montelukast,Normal,24.5,131,86,78,118,1,20460.44,No,4,Former
ADM01961,PAT01465,Kavya Jain,40,Female,A-,Patna,Bihar,Kidney Disease,2025-05-12,2025-05-17,Emergency,Dr. T. Gupta,Green Valley Hospital,Niva Bupa,539,Erythropoietin,Borderline,31.4,116,73,70,110,5,68481.07,No,5,Current
ADM01962,PAT01424,Vivaan Mishra,40,Female,O+,Chandigarh,Chandigarh,Cardiac Disease,2026-03-02,2026-03-07,Urgent,Dr. S. Verma,Metro Health Institute,Star Health,395,Metoprolol,Normal,26.7,126,76,80,104,5,68301.39,No,5,Never
ADM01963,PAT00816,Meera Verma,71,Male,A-,Pune,Maharashtra,Arthritis,2024-12-09,2024-12-10,Elective,Dr. K. Rao,Metro Health Institute,ICICI Lombard,394,Ibuprofen,Normal,33.5,117,93,74,125,1,13963.64,No,3,Never
ADM01964,PAT00584,Riya Pandey,45,Female,B-,Chandigarh,Chandigarh,Hypertension,2024-07-15,2024-07-19,Urgent,Dr. T. Gupta,Metro Health Institute,Self Pay,362,Losartan,Normal,23.1,157,86,87,93,4,18834.33,No,4,Former
ADM01965,PAT01099,Rahul Srivastava,54,Female,A-,Kolkata,West Bengal,Diabetes,2025-05-02,2025-05-05,Elective,Dr. K. Rao,PrimeCare Hospital,Star Health,199,Insulin,Normal,22.6,142,86,75,159,3,36650.91,No,3,Former
ADM01966,PAT00587,Ananya Saxena,66,Male,B+,Lucknow,Uttar Pradesh,Cardiac Disease,2024-07-14,2024-07-22,Emergency,Dr. K. Rao,Green Valley Hospital,Self Pay,209,Atorvastatin,Normal,29.3,128,86,82,108,8,105304.68,No,3,Never
ADM01967,PAT00584,Riya Pandey,45,Female,B-,Chandigarh,Chandigarh,Anemia,2024-11-25,2024-11-30,Emergency,Dr. P. Singh,Metro Health Institute,ICICI Lombard,406,Iron Supplement,Normal,30.3,99,81,65,99,5,54835.49,No,4,Former
ADM01968,PAT01753,Isha Srivastava,38,Female,AB-,Noida,Uttar Pradesh,Pneumonia,2025-12-24,2025-12-29,Elective,Dr. K. Rao,NewHope Hospital,Star Health,566,Azithromycin,Borderline,23.0,120,85,83,93,5,56034.64,No,5,Former
ADM01969,PAT01168,Ishaan Khan,54,Male,AB+,Jaipur,Rajasthan,Asthma,2025-07-15,2025-07-19,Emergency,Dr. K. Rao,Harmony Medical Centre,HDFC ERGO,793,Montelukast,Normal,28.1,120,88,100,95,4,22393.56,No,4,Never
ADM01970,PAT00536,Krishna Kumar,81,Male,A+,Bhopal,Madhya Pradesh,Diabetes,2026-02-17,2026-02-19,Urgent,Dr. P. Singh,Sunrise Medical Center,Self Pay,762,Metformin,Abnormal,24.0,126,77,77,164,2,20733.3,No,3,Never
ADM01971,PAT00223,Riya Pandey,60,Male,O+,Delhi,Delhi,Anemia,2024-10-24,2024-10-25,Urgent,Dr. R. Kapoor,NewHope Hospital,Self Pay,435,Vitamin B12,Normal,22.6,124,73,83,109,1,8297.81,Yes,3,Never
ADM01972,PAT01559,Sneha Rao,42,Male,AB-,Mumbai,Maharashtra,Cardiac Disease,2026-07-09,2026-07-17,Elective,Dr. V. Jain,PrimeCare Hospital,Self Pay,864,Atorvastatin,Normal,23.4,122,85,80,93,8,83475.25,No,4,Current
ADM01973,PAT00245,Meera Kumar,55,Female,AB+,Mumbai,Maharashtra,Pneumonia,2025-01-29,2025-02-04,Emergency,Dr. K. Rao,LifeLine Multispeciality,SBI General,181,Azithromycin,Normal,27.3,123,66,72,134,6,73718.14,No,4,Former
ADM01974,PAT00809,Riya Yadav,46,Male,O+,Bengaluru,Karnataka,Arthritis,2025-05-22,2025-05-25,Emergency,Dr. V. Jain,Harmony Medical Centre,Care Health,723,Ibuprofen,Normal,26.4,128,82,74,86,3,23987.44,No,4,Never
ADM01975,PAT01686,Sneha Rao,27,Male,O+,Mumbai,Maharashtra,Arthritis,2024-11-02,2024-11-05,Elective,Dr. N. Sharma,CityCare Hospital,SBI General,625,Ibuprofen,Borderline,35.3,130,86,76,119,3,28217.68,No,4,Never
ADM01976,PAT00414,Diya Kumar,71,Male,B+,Hyderabad,Telangana,Arthritis,2024-02-18,2024-02-19,Elective,Dr. K. Rao,CityCare Hospital,Care Health,821,Ibuprofen,Borderline,18.1,125,65,74,89,1,32003.65,No,5,Current
ADM01977,PAT00178,Nisha Mishra,24,Male,A-,Delhi,Delhi,Gastroenteritis,2024-10-06,2024-10-07,Urgent,Dr. P. Singh,Metro Health Institute,HDFC ERGO,317,Probiotic,Normal,15.0,114,61,79,80,1,18435.39,No,4,Never
ADM01978,PAT01137,Ananya Joshi,42,Female,B+,Lucknow,Uttar Pradesh,COPD,2026-05-17,2026-05-21,Urgent,Dr. T. Gupta,PrimeCare Hospital,SBI General,291,Salbutamol,Abnormal,29.2,121,79,82,131,4,54088.67,No,5,Never
ADM01979,PAT01734,Aman Agarwal,56,Male,O-,Delhi,Delhi,Cardiac Disease,2024-06-30,2024-07-07,Urgent,Dr. I. Khan,NewHope Hospital,Star Health,109,Metoprolol,Abnormal,26.1,124,76,89,132,7,89702.86,No,3,Never
ADM01980,PAT01020,Tanya Jain,37,Male,A-,Pune,Maharashtra,Kidney Disease,2024-01-16,2024-01-19,Urgent,Dr. K. Rao,Green Valley Hospital,HDFC ERGO,713,Erythropoietin,Normal,21.5,107,95,86,66,3,36680.27,No,4,Current
ADM01981,PAT00412,Arjun Gupta,1,Male,AB-,Bhopal,Madhya Pradesh,Hypertension,2024-11-11,2024-11-14,Urgent,Dr. P. Singh,CityCare Hospital,Star Health,291,Losartan,Borderline,23.8,144,69,71,93,3,19739.26,Yes,5,Never
ADM01982,PAT00261,Ananya Mehta,34,Female,O+,Bhopal,Madhya Pradesh,Cardiac Disease,2026-04-07,2026-04-12,Urgent,Dr. V. Jain,LifeLine Multispeciality,Star Health,523,Metoprolol,Normal,28.3,126,99,86,146,5,69621.6,No,4,Never
ADM01983,PAT01062,Aarav Khan,37,Female,A+,Chandigarh,Chandigarh,Cardiac Disease,2025-01-11,2025-01-18,Emergency,Dr. K. Rao,Green Valley Hospital,Self Pay,827,Atorvastatin,Normal,28.8,104,70,85,100,7,109640.6,Yes,3,Former
ADM01984,PAT00074,Aditya Jain,56,Female,B-,Hyderabad,Telangana,Cardiac Disease,2024-07-31,2024-08-05,Urgent,Dr. P. Singh,LifeLine Multispeciality,Niva Bupa,429,Metoprolol,Borderline,28.6,136,76,99,125,5,63277.04,Yes,4,Never
ADM01985,PAT00961,Krishna Khan,53,Male,O-,Lucknow,Uttar Pradesh,Asthma,2025-09-01,2025-09-02,Elective,Dr. I. Khan,NewHope Hospital,Star Health,800,Budesonide,Normal,27.9,130,86,91,79,1,8251.41,No,4,Current
ADM01986,PAT00981,Nisha Mehta,53,Female,AB+,Delhi,Delhi,Migraine,2025-03-19,2025-03-21,Emergency,Dr. M. Joshi,PrimeCare Hospital,Star Health,510,Sumatriptan,Normal,28.3,158,70,77,88,2,18390.57,No,4,Never
ADM01987,PAT00224,Aman Gupta,48,Female,A+,Jaipur,Rajasthan,Asthma,2024-01-22,2024-01-26,Urgent,Dr. N. Sharma,NewHope Hospital,Self Pay,848,Salbutamol,Normal,24.1,118,77,96,71,4,50466.56,No,5,Never
ADM01988,PAT00229,Diya Mishra,46,Female,A-,Noida,Uttar Pradesh,Asthma,2025-02-19,2025-02-22,Elective,Dr. N. Sharma,Harmony Medical Centre,Care Health,519,Montelukast,Normal,24.6,123,86,77,114,3,19294.33,No,3,Former
ADM01989,PAT00469,Krishna Khan,89,Female,B+,Jaipur,Rajasthan,Diabetes,2024-04-01,2024-04-04,Elective,Dr. T. Gupta,NewHope Hospital,Star Health,681,Insulin,Abnormal,,144,89,59,151,3,27142.03,No,2,Current
ADM01990,PAT00078,Isha Joshi,30,Female,B-,Mumbai,Maharashtra,Diabetes,2025-09-09,2025-09-13,Emergency,Dr. K. Rao,Metro Health Institute,ICICI Lombard,529,Glimepiride,Abnormal,29.3,119,78,77,145,4,62149.61,No,3,Never
ADM01991,PAT01707,Rohan Agarwal,56,Male,B+,Bhopal,Madhya Pradesh,Asthma,2025-05-28,2025-05-29,Elective,Dr. N. Sharma,PrimeCare Hospital,Self Pay,563,Montelukast,Normal,26.8,118,84,87,99,1,23067.18,No,4,Never
ADM01992,PAT00795,Kavya Malhotra,29,Female,A-,Noida,Uttar Pradesh,Fracture,2025-07-14,2025-07-16,Emergency,Dr. R. Kapoor,Sunrise Medical Center,HDFC ERGO,241,Calcium,Abnormal,25.6,143,83,85,139,2,29862.73,No,3,Never
ADM01993,PAT00378,Kabir Kapoor,61,Male,B+,Bhopal,Madhya Pradesh,Diabetes,2025-10-27,2025-10-31,Elective,Dr. A. Mehta,NewHope Hospital,Star Health,302,Metformin,Normal,29.9,103,77,68,191,4,30049.84,No,5,Never
ADM01994,PAT00172,Arjun Malhotra,29,Female,B-,Noida,Uttar Pradesh,Pneumonia,2026-01-23,2026-01-28,Emergency,Dr. P. Singh,NewHope Hospital,Care Health,550,Ceftriaxone,Borderline,24.7,109,74,82,106,5,57749.26,No,4,Never
ADM01995,PAT01562,Tanya Kumar,28,Male,A-,Hyderabad,Telangana,Kidney Disease,2025-03-24,2025-04-01,Urgent,Dr. S. Verma,LifeLine Multispeciality,Care Health,622,Erythropoietin,Borderline,22.8,126,81,69,91,8,100151.78,No,5,Never
ADM01996,PAT01421,Aarav Patel,37,Male,O+,Delhi,Delhi,Arthritis,2024-07-21,2024-07-25,Urgent,Dr. M. Joshi,Metro Health Institute,Star Health,705,Naproxen,Normal,26.5,132,72,93,112,4,46328.46,No,4,Former
ADM01997,PAT01652,Tanya Khan,65,Female,A-,Chandigarh,Chandigarh,Hypertension,2026-02-16,2026-02-20,Emergency,Dr. I. Khan,Harmony Medical Centre,HDFC ERGO,300,Amlodipine,Normal,25.9,155,87,84,111,4,44549.45,No,4,Never
ADM01998,PAT00139,Diya Mehta,79,Male,O+,Mumbai,Maharashtra,Cardiac Disease,2025-04-10,2025-04-16,Elective,Dr. A. Mehta,Metro Health Institute,SBI General,388,Metoprolol,Borderline,22.1,134,79,76,115,6,84041.16,No,3,Never
ADM01999,PAT00496,Krishna Pandey,92,Female,AB+,Jaipur,Rajasthan,Diabetes,2026-03-26,2026-03-29,Elective,Dr. T. Gupta,Green Valley Hospital,Star Health,619,Metformin,Borderline,25.4,124,84,73,145,3,38757.91,No,5,Never
ADM02000,PAT00893,Riya Srivastava,23,Female,AB-,Chandigarh,Chandigarh,Asthma,2026-07-10,2026-07-13,Emergency,Dr. K. Rao,Green Valley Hospital,Niva Bupa,186,Budesonide,Borderline,20.5,122,76,86,122,3,33551.17,No,4,Former
ADM02001,PAT01261,Kavya Kapoor,37,Female,O+,Hyderabad,Telangana,Pneumonia,2025-06-13,2025-06-22,Emergency,Dr. A. Mehta,Sunrise Medical Center,SBI General,283,Ceftriaxone,Normal,29.5,106,88,83,123,9,91148.79,No,3,Former
ADM02002,PAT00760,Riya Singh,84,Female,B+,Chandigarh,Chandigarh,Cardiac Disease,2025-06-17,2025-06-24,Elective,Dr. N. Sharma,Green Valley Hospital,SBI General,480,Aspirin,Normal,15.5,124,72,81,105,7,86129.54,No,4,Never
ADM02003,PAT00898,Krishna Kumar,41,Female,B+,Bhopal,Madhya Pradesh,Arthritis,2025-08-29,2025-09-02,Urgent,Dr. M. Joshi,Harmony Medical Centre,ICICI Lombard,247,Diclofenac,Normal,24.8,124,79,84,65,4,17989.04,No,4,Former
ADM02004,PAT01513,Rohan Singh,42,Female,A-,Jaipur,Rajasthan,Diabetes,2025-08-20,2025-08-24,Urgent,Dr. V. Jain,Green Valley Hospital,HDFC ERGO,786,Insulin,Normal,32.4,115,71,87,147,4,35014.26,Yes,3,Current
ADM02005,PAT00293,Vivaan Sharma,91,Male,AB+,Mumbai,Maharashtra,Kidney Disease,2024-03-31,2024-04-09,Emergency,Dr. R. Kapoor,LifeLine Multispeciality,Self Pay,277,Erythropoietin,Abnormal,26.5,130,73,78,99,9,98108.47,Yes,4,Never
ADM02006,PAT00906,Meera Chauhan,41,Male,AB-,Bhopal,Madhya Pradesh,Anemia,2024-04-04,2024-04-07,Elective,Dr. I. Khan,CityCare Hospital,SBI General,194,Vitamin B12,Normal,22.4,128,87,74,120,3,14228.12,No,4,Never
ADM02007,PAT01223,Sneha Kumar,60,Female,O-,Mumbai,Maharashtra,Pneumonia,2026-01-17,2026-01-21,Urgent,Dr. R. Kapoor,NewHope Hospital,Star Health,820,Azithromycin,Normal,23.6,125,82,94,111,4,41108.23,Yes,4,Never
ADM02008,PAT01576,Sneha Mehta,62,Female,O+,Chandigarh,Chandigarh,Asthma,2025-07-23,2025-07-25,Elective,Dr. R. Kapoor,Sunrise Medical Center,Niva Bupa,688,Budesonide,Normal,16.8,120,92,83,86,2,20571.94,No,4,Never
ADM02009,PAT00085,Rohan Saxena,66,Male,AB+,Chandigarh,Chandigarh,Cardiac Disease,2024-10-14,2024-10-21,Emergency,Dr. T. Gupta,Metro Health Institute,Star Health,697,Aspirin,Borderline,29.3,122,88,83,81,7,88834.07,No,3,Former
ADM02010,PAT01358,Kavya Rao,66,Female,O-,Noida,Uttar Pradesh,Pneumonia,2024-10-06,2024-10-08,Elective,Dr. V. Jain,Harmony Medical Centre,HDFC ERGO,549,Azithromycin,Normal,20.6,144,76,79,65,2,37998.79,Yes,4,Former
ADM02011,PAT01032,Nisha Rao,82,Female,O+,Noida,Uttar Pradesh,Hypertension,2025-01-06,2025-01-08,Urgent,Dr. M. Joshi,Sunrise Medical Center,Self Pay,263,Losartan,Abnormal,19.9,157,80,77,136,2,20712.55,No,4,Current
ADM02012,PAT01571,Meera Saxena,86,Female,AB+,Delhi,Delhi,Diabetes,2025-01-28,2025-02-02,Elective,Dr. A. Mehta,NewHope Hospital,Star Health,635,Glimepiride,Abnormal,21.8,142,85,68,183,5,54613.92,Yes,4,Never
ADM02013,PAT00388,Ananya Saxena,37,Male,A+,Delhi,Delhi,Anemia,2024-12-11,2024-12-12,Emergency,Dr. K. Rao,NewHope Hospital,ICICI Lombard,458,Iron Supplement,Borderline,20.2,131,88,64,113,1,20671.22,No,2,Current
ADM02014,PAT01574,Aman Patel,46,Male,A-,Mumbai,Maharashtra,COPD,2026-05-17,2026-05-22,Elective,Dr. V. Jain,Green Valley Hospital,SBI General,359,Tiotropium,Normal,25.5,112,93,89,70,5,54356.73,Yes,4,Current
ADM02015,PAT00431,Diya Yadav,82,Female,AB+,Delhi,Delhi,Diabetes,2025-08-29,2025-08-31,Emergency,Dr. P. Singh,CityCare Hospital,Niva Bupa,388,Metformin,Abnormal,23.2,117,80,93,203,2,23682.8,No,4,Former
ADM02016,PAT01485,Nisha Pandey,59,Male,A+,Pune,Maharashtra,Hypertension,2026-08-12,2026-08-16,Emergency,Dr. A. Mehta,Metro Health Institute,Self Pay,561,Telmisartan,Borderline,21.4,121,84,92,81,4,31548.6,Yes,4,Never
ADM02017,PAT00652,Nisha Saxena,3,Male,A+,Delhi,Delhi,Migraine,2026-04-16,2026-04-17,Elective,Dr. I. Khan,Sunrise Medical Center,Niva Bupa,298,Paracetamol,Normal,24.5,122,82,72,73,1,13348.24,No,4,Never
ADM02018,PAT00090,Arjun Joshi,63,Female,AB-,Hyderabad,Telangana,Pneumonia,2026-02-11,2026-02-15,Emergency,Dr. M. Joshi,PrimeCare Hospital,HDFC ERGO,521,Ceftriaxone,Normal,24.7,103,90,76,110,4,51805.57,No,5,Former
ADM02019,PAT01165,Nisha Mehta,42,Female,A+,Hyderabad,Telangana,Anemia,2024-11-02,2024-11-07,Urgent,Dr. R. Kapoor,Metro Health Institute,HDFC ERGO,268,Folic Acid,Abnormal,22.5,120,68,72,112,5,26225.1,No,4,Current
ADM02020,PAT00030,Nisha Joshi,53,Female,B-,Jaipur,Rajasthan,Kidney Disease,2024-02-09,2024-02-16,Emergency,Dr. V. Jain,Harmony Medical Centre,ICICI Lombard,706,Sevelamer,Normal,17.8,96,83,89,104,7,77840.8,No,5,Never
ADM02021,PAT00313,Priya Srivastava,90,Female,B-,Bengaluru,Karnataka,Asthma,2024-08-19,2024-08-23,Emergency,Dr. V. Jain,LifeLine Multispeciality,HDFC ERGO,866,Salbutamol,Abnormal,24.3,116,74,108,118,4,36937.19,Yes,3,Former
ADM02022,PAT00700,Isha Patel,24,Male,B-,Bhopal,Madhya Pradesh,Arthritis,2024-03-17,2024-03-20,Elective,Dr. N. Sharma,NewHope Hospital,Self Pay,339,Ibuprofen,Borderline,24.2,123,85,66,102,3,26256.75,No,3,Never
ADM02023,PAT01761,Aarav Yadav,43,Female,AB-,Bengaluru,Karnataka,Gastroenteritis,2024-01-12,2024-01-14,Elective,Dr. I. Khan,PrimeCare Hospital,HDFC ERGO,716,Ondansetron,Borderline,29.8,123,88,58,97,2,19496.0,No,5,Never
ADM02024,PAT00514,Rahul Pandey,66,Male,AB+,Jaipur,Rajasthan,Arthritis,2025-04-16,2025-04-20,Emergency,Dr. V. Jain,LifeLine Multispeciality,ICICI Lombard,530,Ibuprofen,Abnormal,19.4,157,86,77,97,4,24911.73,No,3,Former
ADM02025,PAT00360,Nisha Singh,59,Female,AB-,Mumbai,Maharashtra,Kidney Disease,2025-08-11,2025-08-17,Emergency,Dr. I. Khan,CityCare Hospital,Star Health,127,Erythropoietin,Borderline,27.3,150,83,67,129,6,74820.01,Yes,4,Never
ADM02026,PAT00718,Nisha Saxena,27,Female,AB+,Lucknow,Uttar Pradesh,Kidney Disease,2026-05-31,2026-06-03,Elective,Dr. K. Rao,NewHope Hospital,Self Pay,609,Erythropoietin,Borderline,21.9,123,81,85,104,3,37973.28,No,5,Never
ADM02027,PAT00947,Aditya Kapoor,26,Male,O+,Patna,Bihar,Cardiac Disease,2026-06-24,2026-07-02,Emergency,Dr. P. Singh,NewHope Hospital,SBI General,820,Metoprolol,Borderline,24.1,133,88,71,94,8,105465.52,No,3,Never
ADM02028,PAT00411,Krishna Rao,70,Female,A-,Bengaluru,Karnataka,Hypertension,2025-04-12,2025-04-15,Elective,Dr. T. Gupta,NewHope Hospital,Niva Bupa,378,Losartan,Normal,32.1,153,108,72,164,3,31980.51,No,5,Never
ADM02029,PAT01320,Riya Malhotra,56,Male,O-,Bengaluru,Karnataka,Cardiac Disease,2024-11-28,2024-12-04,Elective,Dr. K. Rao,NewHope Hospital,Self Pay,393,Atorvastatin,Borderline,28.6,146,90,71,97,6,70429.62,No,3,Never
ADM02030,PAT00116,Aditya Mishra,46,Female,A+,Lucknow,Uttar Pradesh,Arthritis,2025-11-23,2025-11-25,Urgent,Dr. I. Khan,PrimeCare Hospital,Star Health,455,Ibuprofen,Normal,20.0,118,84,92,117,2,24098.95,No,4,Current
ADM02031,PAT00802,Rohan Sharma,40,Female,B-,Kolkata,West Bengal,Asthma,2025-05-17,2025-05-20,Elective,Dr. S. Verma,NewHope Hospital,Self Pay,897,Salbutamol,Normal,25.3,140,87,75,100,3,27738.97,No,5,Former
ADM02032,PAT00779,Isha Verma,57,Male,O+,Kolkata,West Bengal,Fracture,2026-01-08,2026-01-16,Urgent,Dr. A. Mehta,Harmony Medical Centre,Care Health,618,Ibuprofen,Normal,31.5,133,80,57,87,8,96341.35,No,4,Never
ADM02033,PAT00314,Meera Malhotra,87,Male,O+,Mumbai,Maharashtra,Cardiac Disease,2026-01-01,2026-01-08,Urgent,Dr. T. Gupta,Green Valley Hospital,HDFC ERGO,517,Atorvastatin,Normal,18.5,131,81,76,92,7,92042.12,No,3,Never
ADM02034,PAT00598,Aditya Singh,35,Female,A+,Lucknow,Uttar Pradesh,Diabetes,2025-02-18,2025-02-23,Urgent,Dr. I. Khan,CityCare Hospital,Niva Bupa,850,Insulin,Borderline,21.1,123,83,99,187,5,43456.74,No,3,Never
ADM02035,PAT01036,Krishna Pandey,47,Male,O+,Kolkata,West Bengal,Anemia,2024-11-18,2024-11-21,Urgent,Dr. A. Mehta,Sunrise Medical Center,Self Pay,805,Folic Acid,Borderline,15.7,127,97,84,65,3,27761.97,No,4,Former
ADM02036,PAT00131,Sneha Patel,83,Female,B-,Jaipur,Rajasthan,Asthma,2024-07-07,2024-07-09,Elective,Dr. P. Singh,PrimeCare Hospital,Star Health,657,Salbutamol,Abnormal,27.0,160,101,96,91,2,29467.8,No,5,Current
ADM02037,PAT00462,Rahul Yadav,44,Female,A+,Bengaluru,Karnataka,Asthma,2026-04-15,2026-04-19,Emergency,Dr. V. Jain,LifeLine Multispeciality,ICICI Lombard,803,Budesonide,Borderline,33.2,120,81,87,107,4,39755.62,No,4,Never
ADM02038,PAT00377,Arjun Sharma,40,Female,AB-,Bhopal,Madhya Pradesh,Arthritis,2025-12-01,2025-12-03,Emergency,Dr. P. Singh,Harmony Medical Centre,ICICI Lombard,844,Diclofenac,Borderline,26.1,122,75,87,143,2,26272.56,No,4,Former
ADM02039,PAT01285,Ananya Gupta,42,Female,A+,Pune,Maharashtra,Fracture,2025-01-01,2025-01-03,Urgent,Dr. T. Gupta,Metro Health Institute,Niva Bupa,764,Paracetamol,Borderline,22.4,113,78,59,93,2,28452.79,No,5,Never
ADM02040,PAT00399,Krishna Srivastava,92,Female,B-,Patna,Bihar,Migraine,2024-09-22,2024-09-24,Urgent,Dr. V. Jain,Green Valley Hospital,Self Pay,527,Sumatriptan,Normal,23.5,122,75,50,72,2,17585.55,No,3,Never
ADM02041,PAT00688,Krishna Mishra,2,Male,AB+,Lucknow,Uttar Pradesh,Anemia,2025-02-19,2025-02-21,Urgent,Dr. V. Jain,LifeLine Multispeciality,SBI General,804,Iron Supplement,Normal,21.7,149,67,67,82,2,27780.13,No,4,Current
ADM02042,PAT01348,Kabir Malhotra,27,Male,A-,Pune,Maharashtra,Fracture,2025-04-14,2025-04-18,Elective,Dr. V. Jain,PrimeCare Hospital,Star Health,493,Ibuprofen,Abnormal,29.0,122,78,61,94,4,43058.53,No,4,Never
ADM02043,PAT01477,Krishna Sharma,22,Male,A-,Chandigarh,Chandigarh,Pneumonia,2026-05-10,2026-05-17,Emergency,Dr. P. Singh,Metro Health Institute,Star Health,843,Amoxicillin,Normal,28.7,102,106,85,98,7,51390.31,No,3,Never
ADM02044,PAT00899,Vivaan Pandey,8,Female,B+,Chandigarh,Chandigarh,Hypertension,2026-02-17,2026-02-21,Emergency,Dr. P. Singh,Metro Health Institute,HDFC ERGO,338,Telmisartan,Abnormal,21.9,140,95,69,101,4,23162.35,No,3,Former
ADM02045,PAT00052,Riya Joshi,49,Male,B+,Pune,Maharashtra,Anemia,2026-04-10,2026-04-12,Elective,Dr. I. Khan,Harmony Medical Centre,Niva Bupa,242,Folic Acid,Normal,30.8,100,87,79,137,2,10018.93,No,4,Current
ADM02046,PAT01785,Diya Jain,74,Female,AB+,Kolkata,West Bengal,Diabetes,2025-11-27,2025-11-30,Elective,Dr. R. Kapoor,Metro Health Institute,Self Pay,887,Insulin,Normal,25.7,105,99,90,157,3,16860.28,No,4,Former
ADM02047,PAT00903,Vivaan Mehta,35,Female,AB+,Lucknow,Uttar Pradesh,Kidney Disease,2025-02-26,2025-03-03,Emergency,Dr. S. Verma,NewHope Hospital,ICICI Lombard,717,Erythropoietin,Borderline,26.3,107,80,64,65,5,51864.31,No,3,Never
ADM02048,PAT00143,Aman Joshi,87,Male,AB+,Chandigarh,Chandigarh,Hypertension,2024-04-22,2024-04-23,Emergency,Dr. T. Gupta,Green Valley Hospital,Niva Bupa,387,Losartan,Normal,31.3,174,89,81,83,1,12656.48,No,3,Never
ADM02049,PAT01728,Aarav Jain,39,Female,AB+,Delhi,Delhi,Gastroenteritis,2025-06-09,2025-06-12,Emergency,Dr. M. Joshi,PrimeCare Hospital,Star Health,292,Ondansetron,Borderline,27.9,145,80,81,118,3,20023.33,No,3,Never
ADM02050,PAT00504,Krishna Jain,51,Male,O-,Jaipur,Rajasthan,Anemia,2024-06-07,2024-06-09,Emergency,Dr. T. Gupta,LifeLine Multispeciality,Niva Bupa,606,Iron Supplement,Abnormal,27.7,127,74,66,90,2,29938.64,No,5,Former
ADM02051,PAT01233,Rahul Gupta,58,Female,B+,Lucknow,Uttar Pradesh,Cardiac Disease,2026-04-24,2026-04-29,Urgent,Dr. T. Gupta,Metro Health Institute,HDFC ERGO,442,Aspirin,Normal,32.5,151,80,68,75,5,55383.69,No,5,Never
ADM02052,PAT01083,Kavya Malhotra,36,Male,B-,Jaipur,Rajasthan,Asthma,2024-03-20,2024-03-25,Emergency,Dr. N. Sharma,CityCare Hospital,Niva Bupa,341,Montelukast,Normal,18.5,142,79,75,65,5,59173.72,No,4,Never
ADM02053,PAT00590,Riya Malhotra,60,Male,O+,Bengaluru,Karnataka,Cardiac Disease,2026-02-23,2026-03-03,Urgent,Dr. M. Joshi,PrimeCare Hospital,Self Pay,729,Metoprolol,Normal,27.6,143,81,88,109,8,100816.85,No,4,Never
ADM02054,PAT01141,Ananya Agarwal,34,Female,O+,Bengaluru,Karnataka,Diabetes,2026-07-15,2026-07-16,Elective,Dr. P. Singh,Sunrise Medical Center,ICICI Lombard,345,Insulin,Normal,27.8,130,70,88,176,1,3500,No,4,Current
ADM02055,PAT00330,Isha Saxena,15,Female,AB-,Mumbai,Maharashtra,Diabetes,2026-07-10,2026-07-13,Elective,Dr. R. Kapoor,Harmony Medical Centre,Care Health,364,Glimepiride,Abnormal,26.7,140,60,86,187,3,33052.79,No,4,Never
ADM02056,PAT00294,Aman Saxena,28,Male,O-,Pune,Maharashtra,COPD,2026-07-07,2026-07-11,Emergency,Dr. A. Mehta,CityCare Hospital,Star Health,114,Budesonide,Borderline,31.2,116,86,75,71,4,43187.77,Yes,3,Current
ADM02057,PAT01121,Priya Patel,26,Male,O+,Pune,Maharashtra,Diabetes,2026-08-21,2026-08-26,Emergency,Dr. V. Jain,Green Valley Hospital,HDFC ERGO,538,Metformin,Normal,26.5,115,82,77,163,5,35796.3,No,4,Current
ADM02058,PAT00651,Tanya Kapoor,39,Male,AB+,Bengaluru,Karnataka,Anemia,2026-06-10,2026-06-15,Elective,Dr. A. Mehta,CityCare Hospital,Star Health,460,Vitamin B12,Normal,25.6,126,82,74,108,5,29618.66,No,4,Former
ADM02059,PAT00117,Nisha Kapoor,18,Female,O-,Delhi,Delhi,Diabetes,2025-06-26,2025-06-30,Elective,Dr. T. Gupta,Harmony Medical Centre,Self Pay,331,Metformin,Normal,25.7,123,69,78,134,4,34589.61,No,4,Current
ADM02060,PAT00229,Diya Mishra,46,Female,A-,Noida,Uttar Pradesh,Arthritis,2024-12-21,2024-12-22,Elective,Dr. V. Jain,Metro Health Institute,Self Pay,603,Ibuprofen,Abnormal,20.7,130,80,65,101,1,11261.76,No,5,Former
ADM02061,PAT01403,Aditya Pandey,85,Male,AB-,Pune,Maharashtra,Cardiac Disease,2024-10-08,2024-10-14,Urgent,Dr. S. Verma,Metro Health Institute,Care Health,265,Atorvastatin,Borderline,31.5,129,78,70,68,6,86365.84,No,4,Never
ADM02062,PAT00134,Priya Saxena,47,Female,A+,Noida,Uttar Pradesh,COPD,2024-11-26,2024-11-30,Emergency,Dr. K. Rao,LifeLine Multispeciality,SBI General,679,Salbutamol,Normal,26.3,150,62,94,93,4,51026.52,Yes,3,Former
ADM02063,PAT00840,Riya Verma,45,Male,A+,Pune,Maharashtra,Diabetes,2025-08-14,2025-08-18,Emergency,Dr. A. Mehta,Harmony Medical Centre,Care Health,408,Metformin,Abnormal,33.7,99,76,86,197,4,29720.05,No,4,Former
ADM02064,PAT01061,Meera Rao,52,Male,O-,Noida,Uttar Pradesh,Gastroenteritis,2026-04-20,2026-04-21,Urgent,Dr. M. Joshi,PrimeCare Hospital,Niva Bupa,412,ORS,Normal,29.9,119,87,80,89,1,13265.65,No,3,Former
ADM02065,PAT01095,Nisha Jain,40,Male,B-,Bengaluru,Karnataka,Arthritis,2024-08-31,2024-09-04,Urgent,Dr. R. Kapoor,Harmony Medical Centre,Star Health,587,Diclofenac,Abnormal,26.6,128,85,74,106,4,33660.37,No,5,Never
ADM02066,PAT00036,Kavya Malhotra,16,Female,O-,Mumbai,Maharashtra,Gastroenteritis,2024-08-11,2024-08-13,Urgent,Dr. N. Sharma,PrimeCare Hospital,SBI General,642,ORS,Normal,29.8,122,91,71,111,2,17170.71,No,4,Never
ADM02067,PAT01267,Isha Chauhan,42,Male,B+,Noida,Uttar Pradesh,Hypertension,2026-03-29,2026-04-02,Emergency,Dr. A. Mehta,PrimeCare Hospital,Self Pay,398,Telmisartan,Normal,20.9,134,77,79,75,4,16747.22,No,2,Never
ADM02068,PAT01476,Ishaan Khan,50,Female,B-,Kolkata,West Bengal,Gastroenteritis,2024-03-28,2024-04-02,Emergency,Dr. P. Singh,Metro Health Institute,Self Pay,614,ORS,Abnormal,20.4,140,74,103,93,5,44277.7,No,2,Never
ADM02069,PAT00348,Isha Malhotra,48,Male,AB-,Chandigarh,Chandigarh,Gastroenteritis,2025-11-09,2025-11-10,Emergency,Dr. K. Rao,NewHope Hospital,SBI General,368,ORS,Abnormal,27.4,107,80,83,109,1,17067.59,No,4,Never
ADM02070,PAT01483,Kavya Patel,54,Female,AB-,Patna,Bihar,Kidney Disease,2024-03-08,2024-03-11,Urgent,Dr. S. Verma,CityCare Hospital,HDFC ERGO,109,Furosemide,Normal,25.7,153,80,79,98,3,42204.0,No,3,Former
ADM02071,PAT00659,Riya Chauhan,79,Female,AB+,Mumbai,Maharashtra,Hypertension,2024-09-10,2024-09-13,Elective,Dr. P. Singh,NewHope Hospital,SBI General,396,Losartan,Normal,19.0,142,88,70,72,3,26017.74,No,4,Former
ADM02072,PAT00759,Kabir Patel,36,Male,A-,Bengaluru,Karnataka,Cardiac Disease,2026-01-18,2026-01-28,Emergency,Dr. M. Joshi,LifeLine Multispeciality,Niva Bupa,146,Metoprolol,Borderline,21.2,120,90,86,83,10,118476.98,Yes,3,Current
ADM02073,PAT00079,Isha Yadav,42,Female,O-,Pune,Maharashtra,Fracture,2025-06-11,2025-06-12,Emergency,Dr. K. Rao,Harmony Medical Centre,Star Health,582,Ibuprofen,Normal,29.4,133,83,69,65,1,27666.53,No,3,Current
ADM02074,PAT00294,Aman Saxena,28,Male,O-,Pune,Maharashtra,Anemia,2025-08-17,2025-08-18,Elective,Dr. M. Joshi,CityCare Hospital,Care Health,615,Vitamin B12,Borderline,32.4,135,86,72,69,1,3500,No,5,Current
ADM02075,PAT00213,Kabir Saxena,45,Male,AB+,Pune,Maharashtra,Cardiac Disease,2025-01-20,2025-01-24,Elective,Dr. M. Joshi,Green Valley Hospital,Care Health,742,Metoprolol,Abnormal,34.0,135,60,76,75,4,46529.81,No,4,Former
ADM02076,PAT01402,Arjun Rao,50,Female,B+,Patna,Bihar,Hypertension,2025-04-18,2025-04-20,Emergency,Dr. R. Kapoor,Metro Health Institute,ICICI Lombard,676,Telmisartan,Normal,32.6,139,92,73,82,2,3744.38,No,4,Current
ADM02077,PAT00479,Ishaan Joshi,66,Male,O-,Bengaluru,Karnataka,Pneumonia,2024-02-23,2024-02-27,Emergency,Dr. N. Sharma,Sunrise Medical Center,HDFC ERGO,104,Ceftriaxone,Normal,28.0,97,74,85,122,4,43519.45,No,2,Current
ADM02078,PAT00013,Ananya Kumar,68,Male,O-,Bhopal,Madhya Pradesh,Diabetes,2025-11-27,2025-11-29,Elective,Dr. M. Joshi,Harmony Medical Centre,Care Health,324,Metformin,Normal,26.3,117,72,84,169,2,20939.73,No,3,Never
ADM02079,PAT00781,Vivaan Kapoor,27,Female,B+,Chandigarh,Chandigarh,Gastroenteritis,2024-08-08,2024-08-09,Urgent,Dr. K. Rao,LifeLine Multispeciality,HDFC ERGO,414,Ondansetron,Normal,25.9,105,85,74,65,1,6813.63,No,3,Never
ADM02080,PAT00008,Kabir Jain,54,Male,A-,Patna,Bihar,Fracture,2026-04-26,2026-04-28,Emergency,Dr. V. Jain,PrimeCare Hospital,Self Pay,487,Paracetamol,Normal,26.3,109,83,86,94,2,24763.57,No,3,Current
ADM02081,PAT01153,Aarav Pandey,76,Female,O-,Patna,Bihar,Diabetes,2026-04-30,2026-05-04,Urgent,Dr. I. Khan,Harmony Medical Centre,HDFC ERGO,781,Insulin,Abnormal,20.1,148,83,98,202,4,28271.24,No,,Never
ADM02082,PAT00120,Vivaan Saxena,71,Female,A-,Kolkata,West Bengal,Hypertension,2024-09-09,2024-09-11,Elective,Dr. I. Khan,Metro Health Institute,SBI General,147,Losartan,Normal,,157,83,74,100,2,23089.6,No,4,Never
ADM02083,PAT01667,Nisha Rao,73,Male,O+,Mumbai,Maharashtra,Kidney Disease,2026-06-06,2026-06-08,Elective,Dr. R. Kapoor,NewHope Hospital,HDFC ERGO,193,Erythropoietin,Normal,19.1,137,79,82,103,2,16922.79,Yes,4,Never
ADM02084,PAT00794,Sneha Mehta,54,Male,A+,Hyderabad,Telangana,COPD,2024-03-31,2024-04-04,Emergency,Dr. S. Verma,Sunrise Medical Center,ICICI Lombard,521,Salbutamol,Abnormal,34.4,121,86,113,134,4,62619.33,No,3,Never
ADM02085,PAT01575,Ishaan Chauhan,31,Female,AB+,Patna,Bihar,Pneumonia,2024-07-20,2024-07-25,Emergency,Dr. A. Mehta,Sunrise Medical Center,Self Pay,190,Amoxicillin,Normal,28.1,116,84,84,100,5,45778.05,No,4,Never
ADM02086,PAT01162,Aditya Srivastava,57,Male,AB+,Bhopal,Madhya Pradesh,Arthritis,2024-09-22,2024-09-23,Emergency,Dr. K. Rao,Metro Health Institute,HDFC ERGO,383,Naproxen,Normal,27.8,117,69,86,70,1,11003.84,No,3,Current
ADM02087,PAT00246,Arjun Srivastava,42,Female,A-,Jaipur,Rajasthan,Cardiac Disease,2025-08-20,2025-08-30,Emergency,Dr. T. Gupta,Green Valley Hospital,Care Health,716,Metoprolol,Borderline,29.2,133,99,63,82,10,125519.47,No,4,Never
ADM02088,PAT01756,Ananya Kapoor,70,Female,A+,Pune,Maharashtra,Diabetes,2025-01-07,2025-01-13,Elective,Dr. P. Singh,LifeLine Multispeciality,SBI General,829,Metformin,Normal,33.1,139,87,86,174,6,51493.45,No,4,Never
ADM02089,PAT00460,Rohan Kapoor,29,Male,B-,Bengaluru,Karnataka,COPD,2024-04-10,2024-04-13,Urgent,Dr. T. Gupta,Metro Health Institute,ICICI Lombard,326,Tiotropium,Normal,24.6,130,80,58,65,3,40503.36,No,4,Former
ADM02090,PAT01561,Kabir Srivastava,1,Male,AB+,Delhi,Delhi,Anemia,2025-05-16,2025-05-18,Urgent,Dr. A. Mehta,Harmony Medical Centre,HDFC ERGO,345,Vitamin B12,Normal,23.5,151,78,64,74,2,35407.68,No,4,Former
ADM02091,PAT01287,Diya Saxena,77,Female,O-,Jaipur,Rajasthan,Hypertension,2026-08-03,2026-08-08,Emergency,Dr. R. Kapoor,NewHope Hospital,Star Health,253,Amlodipine,Abnormal,25.5,147,94,73,98,5,33875.78,No,4,Never
ADM02092,PAT00073,Rahul Kapoor,16,Female,O-,Patna,Bihar,Asthma,2024-11-30,2024-12-01,Elective,Dr. K. Rao,CityCare Hospital,SBI General,836,Montelukast,Normal,24.4,127,85,92,87,1,3500,No,5,Former
ADM02093,PAT01155,Riya Sharma,53,Male,O-,Noida,Uttar Pradesh,Hypertension,2024-04-16,2024-04-18,Urgent,Dr. N. Sharma,Sunrise Medical Center,ICICI Lombard,485,Amlodipine,Normal,30.8,122,90,72,104,2,15076.78,No,3,Former
ADM02094,PAT01118,Aman Jain,54,Male,B+,Pune,Maharashtra,Fracture,2024-08-05,2024-08-06,Urgent,Dr. N. Sharma,LifeLine Multispeciality,Star Health,544,Paracetamol,Normal,24.5,122,97,100,85,1,10908.58,No,3,Former
ADM02095,PAT00152,Isha Sharma,26,Female,AB+,Noida,Uttar Pradesh,Kidney Disease,2025-07-23,2025-07-28,Elective,Dr. I. Khan,CityCare Hospital,HDFC ERGO,577,Erythropoietin,Borderline,21.3,125,74,77,118,5,80350.9,No,4,Never
ADM02096,PAT00041,Ananya Mishra,58,Female,AB+,Bhopal,Madhya Pradesh,COPD,2025-03-10,2025-03-15,Emergency,Dr. N. Sharma,LifeLine Multispeciality,HDFC ERGO,376,Budesonide,Normal,29.2,139,83,72,79,5,67993.91,No,4,Never
ADM02097,PAT01329,Meera Singh,16,Female,AB+,Bengaluru,Karnataka,Migraine,2026-01-14,2026-01-15,Emergency,Dr. R. Kapoor,PrimeCare Hospital,Care Health,129,Naproxen,Normal,30.1,114,75,91,98,1,11006.56,No,3,Former
ADM02098,PAT01688,Isha Mehta,66,Female,A-,Bhopal,Madhya Pradesh,Pneumonia,2025-12-31,2026-01-09,Emergency,Dr. S. Verma,LifeLine Multispeciality,Care Health,233,Amoxicillin,Normal,25.8,137,77,80,131,9,62373.91,No,4,Never
ADM02099,PAT00976,Diya Mehta,40,Female,B+,Chandigarh,Chandigarh,Diabetes,2026-08-05,2026-08-06,Emergency,Dr. M. Joshi,CityCare Hospital,Care Health,627,Metformin,Abnormal,26.4,137,79,72,190,1,18427.66,No,4,Current
ADM02100,PAT01171,Meera Gupta,77,Male,O-,Chandigarh,Chandigarh,Hypertension,2026-04-27,2026-05-01,Emergency,Dr. N. Sharma,NewHope Hospital,Self Pay,695,Amlodipine,Abnormal,27.9,163,98,80,79,4,40284.83,No,5,Never
ADM02101,PAT01321,Arjun Yadav,47,Male,B+,Patna,Bihar,Fracture,2025-08-17,2025-08-22,Elective,Dr. I. Khan,Green Valley Hospital,ICICI Lombard,728,Ibuprofen,Normal,26.1,152,82,83,90,5,32900.97,No,3,Never
ADM02102,PAT00791,Riya Kumar,47,Male,A+,Chandigarh,Chandigarh,COPD,2026-08-08,2026-08-12,Elective,Dr. R. Kapoor,NewHope Hospital,Star Health,456,Tiotropium,Normal,30.5,136,81,87,104,4,58414.76,Yes,4,Never
ADM02103,PAT00579,Ishaan Jain,53,Male,AB+,Mumbai,Maharashtra,Cardiac Disease,2024-05-31,2024-06-06,Urgent,Dr. N. Sharma,Metro Health Institute,Care Health,623,Atorvastatin,Normal,26.5,85,77,81,75,6,57307.95,No,3,Never
ADM02104,PAT01405,Aman Pandey,23,Female,AB+,Delhi,Delhi,Anemia,2024-01-23,2024-01-27,Elective,Dr. S. Verma,NewHope Hospital,HDFC ERGO,229,Vitamin B12,Normal,24.4,118,56,75,116,4,44479.59,No,5,Never
ADM02105,PAT01262,Isha Joshi,53,Female,A-,Lucknow,Uttar Pradesh,Arthritis,2026-03-31,2026-04-02,Urgent,Dr. M. Joshi,Harmony Medical Centre,Care Health,177,Diclofenac,Borderline,25.0,137,84,66,84,2,15977.93,No,4,Former
ADM02106,PAT00793,Kavya Yadav,43,Female,B+,Noida,Uttar Pradesh,Migraine,2025-11-03,2025-11-06,Elective,Dr. S. Verma,NewHope Hospital,Care Health,771,Naproxen,Borderline,19.4,125,68,78,76,3,10953.69,No,3,Former
ADM02107,PAT00921,Isha Yadav,67,Male,AB-,Delhi,Delhi,Hypertension,2024-03-31,2024-04-01,Urgent,Dr. N. Sharma,Green Valley Hospital,HDFC ERGO,447,Telmisartan,Abnormal,24.7,133,78,88,104,1,18054.32,No,5,Former
ADM02108,PAT01533,Sneha Jain,41,Male,B-,Lucknow,Uttar Pradesh,Diabetes,2025-06-29,2025-07-07,Emergency,Dr. K. Rao,LifeLine Multispeciality,Star Health,219,Metformin,Abnormal,24.8,118,72,78,223,8,81753.92,No,4,Never
ADM02109,PAT00487,Aditya Jain,57,Female,O-,Bengaluru,Karnataka,COPD,2025-05-27,2025-05-30,Urgent,Dr. T. Gupta,Harmony Medical Centre,HDFC ERGO,223,Salbutamol,Normal,22.9,127,94,90,106,3,34312.97,Yes,3,Never
ADM02110,PAT01399,Arjun Sharma,32,Male,A+,Kolkata,West Bengal,Pneumonia,2026-03-18,2026-03-23,Emergency,Dr. S. Verma,LifeLine Multispeciality,HDFC ERGO,494,Amoxicillin,Normal,26.9,149,79,81,68,5,57070.4,No,4,Never
ADM02111,PAT01005,Rohan Khan,15,Female,O-,Noida,Uttar Pradesh,Fracture,2025-08-05,2025-08-10,Elective,Dr. R. Kapoor,PrimeCare Hospital,HDFC ERGO,345,Calcium,Normal,22.2,115,69,74,87,5,40308.02,No,4,Never
ADM02112,PAT01255,Kabir Mishra,39,Female,O+,Lucknow,Uttar Pradesh,Fracture,2026-03-20,2026-03-26,Urgent,Dr. R. Kapoor,CityCare Hospital,Self Pay,527,Ibuprofen,Abnormal,27.5,130,88,74,69,6,55952.2,No,4,Never
ADM02113,PAT00513,Aarav Rao,44,Male,B+,Lucknow,Uttar Pradesh,Arthritis,2025-07-07,2025-07-11,Urgent,Dr. P. Singh,CityCare Hospital,ICICI Lombard,103,Diclofenac,Borderline,29.0,134,100,85,97,4,25397.9,No,5,Former
ADM02114,PAT00707,Riya Rao,77,Male,B+,Noida,Uttar Pradesh,Arthritis,2024-01-28,2024-01-29,Urgent,Dr. I. Khan,Metro Health Institute,Self Pay,127,Naproxen,Normal,21.8,137,80,74,106,1,6849.34,No,4,Never
ADM02115,PAT01304,Ananya Jain,27,Male,A-,Chandigarh,Chandigarh,Cardiac Disease,2026-01-11,2026-01-16,Emergency,Dr. I. Khan,Green Valley Hospital,HDFC ERGO,574,Metoprolol,Borderline,25.8,118,86,63,91,5,73246.51,No,4,Never
ADM02116,PAT00932,Krishna Kumar,37,Male,A+,Hyderabad,Telangana,Diabetes,2026-02-26,2026-03-03,Elective,Dr. A. Mehta,Sunrise Medical Center,Care Health,141,Glimepiride,Normal,27.0,119,79,53,178,5,38514.22,No,3,Never
ADM02117,PAT00982,Ananya Rao,53,Male,A-,Noida,Uttar Pradesh,Pneumonia,2025-10-04,2025-10-10,Emergency,Dr. R. Kapoor,Metro Health Institute,SBI General,575,Amoxicillin,Normal,23.5,127,75,92,94,6,55986.67,No,4,Never
ADM02118,PAT00314,Meera Malhotra,87,Male,O+,Mumbai,Maharashtra,Hypertension,2024-04-07,2024-04-08,Emergency,Dr. K. Rao,NewHope Hospital,Self Pay,424,Losartan,Abnormal,24.4,137,89,85,115,1,3500,Yes,4,Never
ADM02119,PAT00931,Arjun Yadav,59,Female,AB+,Noida,Uttar Pradesh,Diabetes,2024-09-19,2024-09-23,Emergency,Dr. R. Kapoor,LifeLine Multispeciality,Star Health,702,Metformin,Normal,31.4,115,104,50,140,4,31611.99,No,5,Never
ADM02120,PAT01099,Rahul Srivastava,54,Female,A-,Kolkata,West Bengal,Arthritis,2025-10-22,2025-10-24,Emergency,Dr. P. Singh,CityCare Hospital,Niva Bupa,514,Diclofenac,Normal,34.4,110,86,83,91,2,28445.25,No,4,Former
ADM02121,PAT00738,Ananya Sharma,44,Male,AB+,Jaipur,Rajasthan,COPD,2024-12-31,2025-01-03,Urgent,Dr. K. Rao,Sunrise Medical Center,Star Health,235,Salbutamol,Normal,,122,75,93,94,3,44340.68,No,3,Current
ADM02122,PAT00459,Nisha Verma,33,Male,A-,Kolkata,West Bengal,Arthritis,2026-03-25,2026-03-26,Elective,Dr. T. Gupta,Harmony Medical Centre,HDFC ERGO,722,Naproxen,Normal,26.8,115,83,71,68,1,15230.8,No,4,Never
ADM02123,PAT00296,Ishaan Sharma,29,Female,AB-,Bhopal,Madhya Pradesh,Pneumonia,2026-07-14,2026-07-19,Emergency,Dr. K. Rao,LifeLine Multispeciality,Self Pay,564,Azithromycin,Abnormal,26.7,161,79,91,120,5,51150.38,No,4,Former
ADM02124,PAT00588,Vivaan Pandey,78,Female,AB+,Chandigarh,Chandigarh,Hypertension,2026-05-11,2026-05-12,Elective,Dr. T. Gupta,NewHope Hospital,SBI General,118,Losartan,Abnormal,24.8,131,76,63,65,1,22404.85,No,4,Never
ADM02125,PAT01305,Isha Verma,37,Female,AB-,Mumbai,Maharashtra,Diabetes,2026-02-28,2026-03-06,Urgent,Dr. M. Joshi,PrimeCare Hospital,HDFC ERGO,210,Glimepiride,Abnormal,26.7,128,84,87,179,6,51779.24,No,3,Never
ADM02126,PAT01498,Rohan Gupta,34,Male,AB+,Kolkata,West Bengal,Migraine,2026-08-13,2026-08-15,Urgent,Dr. T. Gupta,Green Valley Hospital,Care Health,315,Paracetamol,Normal,23.0,124,84,66,134,2,27618.96,No,3,Former
ADM02127,PAT00358,Riya Mishra,53,Female,B+,Noida,Uttar Pradesh,Hypertension,2024-05-15,2024-05-19,Emergency,Dr. K. Rao,PrimeCare Hospital,Niva Bupa,790,Amlodipine,Abnormal,30.0,168,88,65,95,4,36722.34,No,4,Former
ADM02128,PAT00796,Rahul Khan,83,Male,O+,Noida,Uttar Pradesh,Anemia,2026-02-10,2026-02-11,Elective,Dr. K. Rao,PrimeCare Hospital,Self Pay,548,Vitamin B12,Normal,27.9,121,78,83,87,1,27856.63,No,4,Never
ADM02129,PAT00527,Sneha Saxena,55,Male,B+,Bengaluru,Karnataka,Cardiac Disease,2026-02-12,2026-02-18,Elective,Dr. R. Kapoor,NewHope Hospital,ICICI Lombard,453,Metoprolol,Normal,23.2,132,89,88,114,6,77246.61,No,4,Never
ADM02130,PAT00329,Tanya Kumar,46,Male,O+,Jaipur,Rajasthan,COPD,2024-08-01,2024-08-05,Elective,Dr. P. Singh,PrimeCare Hospital,Self Pay,714,Budesonide,Abnormal,25.8,135,85,89,113,4,49218.03,No,4,Current
ADM02131,PAT00754,Aarav Khan,64,Male,A-,Mumbai,Maharashtra,Cardiac Disease,2024-06-12,2024-06-19,Urgent,Dr. T. Gupta,NewHope Hospital,ICICI Lombard,363,Aspirin,Abnormal,25.0,114,100,69,81,7,98248.72,No,3,Never
ADM02132,PAT01516,Meera Srivastava,48,Female,A-,Bhopal,Madhya Pradesh,Hypertension,2026-01-01,2026-01-03,Urgent,Dr. S. Verma,Harmony Medical Centre,Star Health,440,Amlodipine,Normal,23.6,148,79,79,65,2,24257.69,No,4,Current
ADM02133,PAT00043,Krishna Mehta,58,Male,A-,Mumbai,Maharashtra,Anemia,2024-11-14,2024-11-15,Elective,Dr. M. Joshi,Green Valley Hospital,Self Pay,288,Vitamin B12,Borderline,21.4,142,73,69,110,1,26099.42,No,4,Current
ADM02134,PAT00885,Aarav Chauhan,46,Female,B-,Jaipur,Rajasthan,Fracture,2024-12-14,2024-12-19,Emergency,Dr. T. Gupta,PrimeCare Hospital,ICICI Lombard,686,Calcium,Borderline,23.0,125,91,79,94,5,50952.02,No,3,Never
ADM02135,PAT01650,Kabir Jain,36,Female,O-,Noida,Uttar Pradesh,Fracture,2025-07-21,2025-07-24,Elective,Dr. R. Kapoor,Sunrise Medical Center,ICICI Lombard,845,Ibuprofen,Normal,24.4,127,83,91,68,3,29745.44,No,4,Never
ADM02136,PAT00615,Aditya Agarwal,35,Female,B+,Chandigarh,Chandigarh,Migraine,2025-04-21,2025-04-22,Elective,Dr. S. Verma,LifeLine Multispeciality,Niva Bupa,781,Naproxen,Abnormal,22.7,119,78,81,134,1,8693.75,No,3,Current
ADM02137,PAT00295,Arjun Khan,59,Male,B+,Jaipur,Rajasthan,Fracture,2026-01-22,2026-01-24,Elective,Dr. P. Singh,Green Valley Hospital,SBI General,188,Calcium,Normal,37.2,138,83,85,113,2,34674.1,No,5,Former
ADM02138,PAT00088,Aman Pandey,26,Male,A-,Noida,Uttar Pradesh,Pneumonia,2024-05-12,2024-05-14,Elective,Dr. K. Rao,Sunrise Medical Center,Self Pay,553,Azithromycin,Normal,28.7,122,76,86,81,2,20155.82,No,4,Former
ADM02139,PAT00942,Krishna Saxena,63,Female,AB-,Hyderabad,Telangana,Gastroenteritis,2025-02-27,2025-03-02,Emergency,Dr. T. Gupta,Metro Health Institute,Star Health,591,Ondansetron,Abnormal,21.0,135,75,104,76,3,22581.12,No,4,Never
ADM02140,PAT00841,Kabir Joshi,58,Female,O+,Lucknow,Uttar Pradesh,Pneumonia,2026-04-16,2026-04-19,Urgent,Dr. K. Rao,CityCare Hospital,ICICI Lombard,738,Ceftriaxone,Abnormal,21.3,132,68,95,149,3,21740.44,No,4,Former
ADM02141,PAT01456,Sneha Patel,62,Female,A+,Pune,Maharashtra,Diabetes,2024-11-25,2024-11-27,Urgent,Dr. R. Kapoor,NewHope Hospital,Self Pay,824,Insulin,Borderline,31.0,123,82,81,173,2,15358.13,No,4,Never
ADM02142,PAT01109,Priya Jain,52,Male,O+,Patna,Bihar,Asthma,2026-06-15,2026-06-17,Elective,Dr. I. Khan,NewHope Hospital,ICICI Lombard,766,Salbutamol,Borderline,21.9,139,64,95,92,2,28397.62,No,3,Never
ADM02143,PAT01745,Priya Gupta,31,Female,O+,Jaipur,Rajasthan,Diabetes,2025-01-29,2025-02-02,Emergency,Dr. V. Jain,LifeLine Multispeciality,Niva Bupa,310,Metformin,Normal,23.9,125,87,77,169,4,42423.36,No,4,Never
ADM02144,PAT00465,Isha Mehta,51,Male,B+,Chandigarh,Chandigarh,Asthma,2025-01-01,2025-01-04,Elective,Dr. S. Verma,Sunrise Medical Center,Self Pay,537,Budesonide,Abnormal,23.4,112,76,85,92,3,23768.18,No,4,Never
ADM02145,PAT00824,Riya Singh,65,Male,O-,Bhopal,Madhya Pradesh,Anemia,2024-02-16,2024-02-20,Urgent,Dr. A. Mehta,NewHope Hospital,Niva Bupa,436,Vitamin B12,Normal,16.5,117,63,82,126,4,24103.86,No,4,Never
ADM02146,PAT00257,Aditya Verma,60,Female,AB+,Lucknow,Uttar Pradesh,Fracture,2025-02-23,2025-02-28,Urgent,Dr. P. Singh,Harmony Medical Centre,SBI General,499,Calcium,Normal,32.1,113,73,77,84,5,51271.38,No,5,Former
ADM02147,PAT01721,Meera Rao,75,Male,B+,Chandigarh,Chandigarh,Arthritis,2025-03-12,2025-03-13,Urgent,Dr. M. Joshi,Metro Health Institute,Star Health,456,Diclofenac,Normal,26.4,119,82,79,107,1,9795.08,No,4,Never
ADM02148,PAT01284,Ananya Khan,63,Female,B-,Pune,Maharashtra,Diabetes,2024-04-13,2024-04-14,Emergency,Dr. S. Verma,PrimeCare Hospital,Star Health,636,Metformin,Normal,34.6,127,67,82,118,1,26373.01,Yes,2,Current
ADM02149,PAT00723,Krishna Pandey,57,Female,AB+,Kolkata,West Bengal,COPD,2025-04-18,2025-04-25,Urgent,Dr. T. Gupta,Harmony Medical Centre,Niva Bupa,642,Tiotropium,Borderline,37.0,104,79,61,69,7,58693.95,No,3,Never
ADM02150,PAT00427,Ishaan Gupta,35,Male,A+,Bhopal,Madhya Pradesh,Diabetes,2025-10-09,2025-10-11,Emergency,Dr. S. Verma,Sunrise Medical Center,ICICI Lombard,340,Glimepiride,Borderline,17.5,144,70,69,164,2,21706.87,No,4,Former
ADM02151,PAT00832,Sneha Joshi,39,Female,O+,Jaipur,Rajasthan,Kidney Disease,2025-10-15,2025-10-23,Emergency,Dr. A. Mehta,NewHope Hospital,Niva Bupa,333,Sevelamer,Normal,34.4,118,61,107,116,8,99296.49,Yes,3,Never
ADM02152,PAT00863,Rahul Srivastava,25,Male,O+,Hyderabad,Telangana,Anemia,2025-07-28,2025-07-29,Urgent,Dr. M. Joshi,LifeLine Multispeciality,Care Health,416,Iron Supplement,Normal,25.6,141,75,55,68,1,15131.21,No,4,Never
ADM02153,PAT00856,Aditya Agarwal,34,Male,AB+,Kolkata,West Bengal,Migraine,2024-04-16,2024-04-17,Urgent,Dr. N. Sharma,Metro Health Institute,Care Health,762,Sumatriptan,Abnormal,32.7,146,64,65,94,1,6799.61,No,4,Never
ADM02154,PAT00944,Nisha Verma,34,Male,B+,Bhopal,Madhya Pradesh,Kidney Disease,2025-08-19,2025-08-25,Urgent,Dr. S. Verma,NewHope Hospital,SBI General,711,Furosemide,Normal,26.2,115,77,94,101,6,77315.5,No,3,Former
ADM02155,PAT01503,Arjun Joshi,45,Male,AB+,Hyderabad,Telangana,Migraine,2024-11-17,2024-11-18,Emergency,Dr. P. Singh,NewHope Hospital,HDFC ERGO,518,Paracetamol,Borderline,18.9,141,100,71,97,1,42236.52,No,1,Never
ADM02156,PAT00927,Rohan Mishra,28,Male,AB-,Chandigarh,Chandigarh,Cardiac Disease,2025-03-27,2025-03-30,Elective,Dr. K. Rao,Metro Health Institute,ICICI Lombard,607,Aspirin,Normal,22.8,130,89,72,110,3,66553.98,No,5,Never
ADM02157,PAT00910,Diya Agarwal,81,Male,B-,Patna,Bihar,Pneumonia,2025-05-17,2025-05-21,Urgent,Dr. V. Jain,Green Valley Hospital,Care Health,375,Ceftriaxone,Normal,24.6,123,74,85,83,4,48019.47,No,4,Never
ADM02158,PAT00796,Rahul Khan,83,Male,O+,Noida,Uttar Pradesh,Cardiac Disease,2024-03-19,2024-03-27,Emergency,Dr. I. Khan,LifeLine Multispeciality,Self Pay,294,Metoprolol,Normal,26.5,148,91,65,65,8,86320.79,No,4,Never
ADM02159,PAT00950,Aman Saxena,65,Female,A-,Pune,Maharashtra,Hypertension,2024-06-25,2024-06-27,Elective,Dr. K. Rao,NewHope Hospital,HDFC ERGO,298,Losartan,Normal,34.1,136,88,81,65,2,18674.88,No,4,Never
ADM02160,PAT00745,Vivaan Patel,33,Male,O-,Delhi,Delhi,COPD,2024-12-03,2024-12-08,Emergency,Dr. N. Sharma,CityCare Hospital,Niva Bupa,816,Tiotropium,Abnormal,32.6,124,77,93,127,5,60632.24,No,4,Former
ADM02161,PAT00692,Priya Yadav,14,Male,A+,Delhi,Delhi,Arthritis,2026-03-13,2026-03-16,Emergency,Dr. S. Verma,PrimeCare Hospital,HDFC ERGO,551,Diclofenac,Abnormal,22.4,149,93,59,65,3,19265.07,No,4,Never
ADM02162,PAT00668,Diya Pandey,54,Male,AB-,Hyderabad,Telangana,Hypertension,2025-08-06,2025-08-08,Urgent,Dr. N. Sharma,NewHope Hospital,Niva Bupa,530,Telmisartan,Abnormal,25.2,151,100,88,97,2,27315.31,No,3,Never
ADM02163,PAT01363,Kabir Joshi,47,Male,B-,Mumbai,Maharashtra,Asthma,2025-07-19,2025-07-23,Elective,Dr. K. Rao,Green Valley Hospital,Self Pay,749,Montelukast,Abnormal,24.4,122,98,103,128,4,47028.89,Yes,3,Never
ADM02164,PAT00817,Rohan Khan,78,Female,B-,Patna,Bihar,Hypertension,2024-01-19,2024-01-22,Elective,Dr. V. Jain,CityCare Hospital,ICICI Lombard,594,Telmisartan,Abnormal,21.6,167,80,83,84,3,25196.71,Yes,4,Never
ADM02165,PAT00273,Tanya Kapoor,54,Female,B+,Delhi,Delhi,Gastroenteritis,2024-10-01,2024-10-02,Emergency,Dr. V. Jain,Green Valley Hospital,SBI General,279,Probiotic,Normal,28.9,133,91,94,145,1,22037.56,No,4,Never
ADM02166,PAT01482,Arjun Rao,56,Male,A+,Bengaluru,Karnataka,Asthma,2025-05-21,2025-05-25,Emergency,Dr. I. Khan,LifeLine Multispeciality,Niva Bupa,786,Salbutamol,Normal,28.9,131,82,87,74,4,40841.27,No,4,Never
ADM02167,PAT01086,Sneha Patel,26,Male,A+,Mumbai,Maharashtra,Anemia,2025-12-03,2025-12-07,Emergency,Dr. V. Jain,Harmony Medical Centre,HDFC ERGO,214,Iron Supplement,Normal,25.1,103,79,58,119,4,22741.56,No,4,Never
ADM02168,PAT00422,Vivaan Patel,1,Male,AB+,Lucknow,Uttar Pradesh,Gastroenteritis,2026-02-09,2026-02-10,Urgent,Dr. S. Verma,NewHope Hospital,Self Pay,891,Ondansetron,Normal,19.0,120,74,79,76,1,9440.86,No,5,Former
ADM02169,PAT00504,Krishna Jain,51,Male,O-,Jaipur,Rajasthan,Asthma,2025-11-04,2025-11-05,Elective,Dr. P. Singh,Metro Health Institute,SBI General,870,Salbutamol,Normal,31.6,124,80,72,99,1,19967.69,No,3,Former
ADM02170,PAT00445,Krishna Mishra,68,Female,AB+,Bengaluru,Karnataka,Pneumonia,2025-10-25,2025-10-31,Emergency,Dr. M. Joshi,Sunrise Medical Center,SBI General,853,Amoxicillin,Normal,22.4,119,72,86,123,6,56342.73,No,3,Never
ADM02171,PAT01460,Riya Yadav,77,Male,O+,Bengaluru,Karnataka,Migraine,2024-08-26,2024-08-27,Emergency,Dr. A. Mehta,PrimeCare Hospital,ICICI Lombard,849,Naproxen,Abnormal,28.6,135,94,75,94,1,14504.11,No,5,Never
ADM02172,PAT00392,Nisha Malhotra,34,Female,A-,Chandigarh,Chandigarh,Anemia,2025-01-23,2025-01-25,Elective,Dr. I. Khan,PrimeCare Hospital,Star Health,369,Vitamin B12,Normal,15.0,142,98,82,90,2,19864.53,No,2,Never
ADM02173,PAT01165,Nisha Mehta,42,Female,A+,Hyderabad,Telangana,Asthma,2024-12-01,2024-12-02,Elective,Dr. K. Rao,PrimeCare Hospital,Care Health,566,Budesonide,Borderline,29.9,121,61,82,100,1,3500,Yes,4,Current
ADM02174,PAT00399,Krishna Srivastava,92,Female,B-,Patna,Bihar,Fracture,2025-01-12,2025-01-19,Urgent,Dr. T. Gupta,NewHope Hospital,Care Health,632,Ibuprofen,Borderline,32.0,119,82,73,133,7,69782.89,Yes,3,Never
ADM02175,PAT01790,Kavya Pandey,55,Female,AB+,Jaipur,Rajasthan,COPD,2024-08-28,2024-09-02,Urgent,Dr. V. Jain,NewHope Hospital,Self Pay,224,Salbutamol,Abnormal,26.1,123,94,90,84,5,54249.91,No,4,Never
ADM02176,PAT01494,Kavya Jain,66,Female,AB-,Chandigarh,Chandigarh,Cardiac Disease,2024-01-19,2024-01-26,Elective,Dr. M. Joshi,Green Valley Hospital,Star Health,829,Metoprolol,Borderline,25.7,125,77,85,73,7,89404.36,No,4,Never
ADM02177,PAT01351,Diya Yadav,38,Female,O+,Lucknow,Uttar Pradesh,Arthritis,2024-01-30,2024-02-01,Elective,Dr. P. Singh,Metro Health Institute,Care Health,758,Naproxen,Borderline,22.3,142,72,95,91,2,31683.14,No,5,Never
ADM02178,PAT01606,Kabir Kapoor,47,Female,AB+,Patna,Bihar,Asthma,2025-05-07,2025-05-08,Elective,Dr. A. Mehta,LifeLine Multispeciality,Self Pay,572,Montelukast,Normal,24.8,138,88,98,72,1,5514.91,No,4,Never
ADM02179,PAT01268,Diya Kapoor,49,Female,O-,Mumbai,Maharashtra,Cardiac Disease,2026-07-18,2026-07-25,Elective,Dr. T. Gupta,LifeLine Multispeciality,HDFC ERGO,381,Metoprolol,Normal,26.6,140,83,91,110,7,88205.03,No,5,Former
ADM02180,PAT00745,Vivaan Patel,33,Male,O-,Delhi,Delhi,Diabetes,2024-12-25,2024-12-30,Emergency,Dr. M. Joshi,Metro Health Institute,ICICI Lombard,409,Metformin,Normal,28.4,125,85,79,153,5,41335.01,Yes,4,Former
ADM02181,PAT00949,Diya Patel,22,Female,AB-,Bengaluru,Karnataka,Fracture,2024-06-14,2024-06-18,Emergency,Dr. N. Sharma,Green Valley Hospital,Star Health,224,Ibuprofen,Normal,21.8,150,77,54,102,4,38412.62,No,4,Never
ADM02182,PAT01123,Nisha Saxena,51,Female,B+,Delhi,Delhi,Migraine,2024-03-10,2024-03-12,Emergency,Dr. S. Verma,Harmony Medical Centre,Star Health,294,Paracetamol,Normal,21.3,139,71,67,110,2,11508.84,No,4,Current
ADM02183,PAT01767,Meera Mehta,45,Female,A+,Hyderabad,Telangana,Migraine,2026-07-29,2026-07-30,Elective,Dr. V. Jain,NewHope Hospital,Star Health,812,Naproxen,Normal,19.3,99,87,78,65,1,15922.46,No,3,Current
ADM02184,PAT01565,Rahul Pandey,62,Male,O-,Kolkata,West Bengal,Kidney Disease,2024-06-11,2024-06-14,Urgent,Dr. R. Kapoor,CityCare Hospital,Star Health,594,Sevelamer,Borderline,21.9,130,69,84,136,3,32306.92,No,5,Current
ADM02185,PAT01623,Rahul Rao,60,Female,B+,Mumbai,Maharashtra,Migraine,2026-06-17,2026-06-21,Emergency,Dr. K. Rao,CityCare Hospital,SBI General,191,Paracetamol,Normal,31.7,132,75,67,112,4,29789.28,No,5,Never
ADM02186,PAT00837,Sneha Saxena,31,Male,B-,Chandigarh,Chandigarh,Pneumonia,2025-11-21,2025-11-28,Emergency,Dr. V. Jain,NewHope Hospital,SBI General,279,Amoxicillin,Normal,30.0,140,70,92,84,7,65394.28,No,2,Never
ADM02187,PAT00768,Krishna Chauhan,56,Male,B+,Bengaluru,Karnataka,Migraine,2026-04-16,2026-04-17,Elective,Dr. T. Gupta,Sunrise Medical Center,HDFC ERGO,540,Paracetamol,Normal,19.5,133,78,73,120,1,7265.21,No,4,Never
ADM02188,PAT01319,Aditya Malhotra,44,Female,B+,Pune,Maharashtra,Gastroenteritis,2024-07-14,2024-07-15,Elective,Dr. A. Mehta,Sunrise Medical Center,HDFC ERGO,179,ORS,Normal,26.4,116,77,74,65,1,17448.78,No,4,Never
ADM02189,PAT00629,Arjun Rao,36,Male,O-,Pune,Maharashtra,Diabetes,2026-07-08,2026-07-10,Elective,Dr. R. Kapoor,Green Valley Hospital,HDFC ERGO,530,Metformin,Abnormal,29.5,145,72,68,160,2,21618.81,No,4,Never
ADM02190,PAT00438,Tanya Mishra,68,Female,O-,Bhopal,Madhya Pradesh,Kidney Disease,2026-06-04,2026-06-09,Elective,Dr. A. Mehta,LifeLine Multispeciality,HDFC ERGO,148,Sevelamer,Normal,29.0,117,65,87,146,5,58999.31,No,5,Never
ADM02191,PAT00805,Nisha Rao,38,Male,A+,Patna,Bihar,Diabetes,2025-05-27,2025-05-30,Urgent,Dr. I. Khan,LifeLine Multispeciality,Star Health,725,Metformin,Borderline,25.0,119,99,68,183,3,42676.83,Yes,3,Former
ADM02192,PAT00290,Rohan Jain,66,Female,AB-,Hyderabad,Telangana,Fracture,2024-03-23,2024-03-27,Urgent,Dr. R. Kapoor,LifeLine Multispeciality,Self Pay,170,Ibuprofen,Abnormal,30.4,142,72,82,70,4,37213.76,No,5,Never
ADM02193,PAT00964,Tanya Yadav,51,Male,AB-,Noida,Uttar Pradesh,Asthma,2026-01-09,2026-01-17,Emergency,Dr. I. Khan,Green Valley Hospital,Care Health,156,Salbutamol,Normal,24.1,128,71,88,76,8,66846.71,No,3,Current
ADM02194,PAT00223,Riya Pandey,60,Male,O+,Delhi,Delhi,Hypertension,2026-06-04,2026-06-07,Urgent,Dr. N. Sharma,PrimeCare Hospital,Care Health,836,Amlodipine,Abnormal,30.3,154,78,72,100,3,34557.26,No,4,Never
ADM02195,PAT01112,Aman Singh,27,Female,A+,Jaipur,Rajasthan,Anemia,2026-02-22,2026-02-26,Emergency,Dr. N. Sharma,PrimeCare Hospital,HDFC ERGO,539,Folic Acid,Normal,30.6,106,93,71,69,4,27197.42,No,4,Never
ADM02196,PAT01336,Nisha Gupta,55,Female,AB-,Chandigarh,Chandigarh,Kidney Disease,2025-09-25,2025-09-29,Emergency,Dr. S. Verma,CityCare Hospital,Care Health,693,Furosemide,Normal,30.6,110,78,87,92,4,54582.74,No,4,Former
ADM02197,PAT00927,Rohan Mishra,28,Male,AB-,Chandigarh,Chandigarh,Kidney Disease,2026-01-07,2026-01-14,Emergency,Dr. N. Sharma,Sunrise Medical Center,Self Pay,727,Erythropoietin,Normal,30.6,123,69,77,102,7,73553.06,No,4,Never
ADM02198,PAT00616,Aditya Singh,43,Male,A+,Mumbai,Maharashtra,Cardiac Disease,2025-11-12,2025-11-20,Emergency,Dr. N. Sharma,Green Valley Hospital,Self Pay,166,Aspirin,Normal,19.1,125,87,86,95,8,102005.94,No,4,Former
ADM02199,PAT01706,Aman Mehta,66,Female,O+,Chandigarh,Chandigarh,Cardiac Disease,2026-06-18,2026-06-26,Elective,Dr. S. Verma,Green Valley Hospital,ICICI Lombard,815,Aspirin,Normal,,117,85,78,127,8,110730.2,Yes,4,Current
ADM02200,PAT01587,Isha Singh,53,Male,A-,Patna,Bihar,Kidney Disease,2024-07-15,2024-07-22,Emergency,Dr. I. Khan,Harmony Medical Centre,Star Health,284,Erythropoietin,Normal,27.1,132,78,91,92,7,83110.3,No,3,Never
ADM02201,PAT01782,Isha Rao,53,Female,A+,Kolkata,West Bengal,Arthritis,2025-07-02,2025-07-04,Emergency,Dr. T. Gupta,CityCare Hospital,Care Health,438,Ibuprofen,Normal,19.7,120,86,80,83,2,9977.05,No,4,Never
ADM02202,PAT01278,Sneha Kumar,63,Male,B+,Hyderabad,Telangana,Hypertension,2026-02-07,2026-02-11,Urgent,Dr. M. Joshi,NewHope Hospital,Star Health,141,Telmisartan,Abnormal,22.3,144,97,58,104,4,43541.6,No,5,Never
ADM02203,PAT00845,Aditya Srivastava,18,Female,O+,Delhi,Delhi,Fracture,2026-01-25,2026-01-28,Elective,Dr. R. Kapoor,Sunrise Medical Center,SBI General,430,Calcium,Normal,32.0,119,73,83,65,3,28848.5,No,5,Current
ADM02204,PAT00105,Arjun Singh,61,Male,O+,Hyderabad,Telangana,Asthma,2024-02-22,2024-02-27,Urgent,Dr. I. Khan,Metro Health Institute,Star Health,672,Budesonide,Normal,20.3,110,97,77,114,5,51084.44,No,3,Never
ADM02205,PAT00409,Aditya Gupta,42,Female,A+,Bengaluru,Karnataka,Migraine,2026-04-16,2026-04-19,Urgent,Dr. K. Rao,PrimeCare Hospital,Care Health,652,Sumatriptan,Normal,30.2,131,59,80,94,3,33615.77,No,4,Never
ADM02206,PAT00445,Krishna Mishra,68,Female,AB+,Bengaluru,Karnataka,Arthritis,2026-04-01,2026-04-04,Emergency,Dr. A. Mehta,Harmony Medical Centre,ICICI Lombard,430,Ibuprofen,Abnormal,32.4,128,86,90,136,3,7737.2,No,4,Never
ADM02207,PAT00692,Priya Yadav,14,Male,A+,Delhi,Delhi,Asthma,2026-07-27,2026-07-29,Urgent,Dr. M. Joshi,CityCare Hospital,Niva Bupa,624,Budesonide,Abnormal,23.9,122,79,100,65,2,23790.03,No,4,Never
ADM02208,PAT01130,Tanya Srivastava,49,Female,B+,Hyderabad,Telangana,Migraine,2025-10-01,2025-10-05,Emergency,Dr. N. Sharma,PrimeCare Hospital,Star Health,188,Sumatriptan,Normal,22.8,161,90,85,119,4,20530.06,No,4,Never
ADM02209,PAT00321,Vivaan Mehta,32,Male,O+,Hyderabad,Telangana,Asthma,2025-08-10,2025-08-15,Elective,Dr. R. Kapoor,Harmony Medical Centre,HDFC ERGO,240,Montelukast,Abnormal,33.5,116,87,116,92,5,47226.69,No,5,Former
ADM02210,PAT01351,Diya Yadav,38,Female,O+,Lucknow,Uttar Pradesh,Pneumonia,2024-01-26,2024-02-03,Emergency,Dr. V. Jain,Harmony Medical Centre,HDFC ERGO,220,Amoxicillin,Normal,30.1,128,69,83,87,8,59679.17,No,4,Never
ADM02211,PAT00788,Krishna Kumar,74,Male,A+,Noida,Uttar Pradesh,Kidney Disease,2025-07-14,2025-07-20,Emergency,Dr. S. Verma,Sunrise Medical Center,Care Health,872,Sevelamer,Normal,15.5,136,82,79,109,6,63733.46,No,5,Former
ADM02212,PAT01060,Aman Gupta,42,Female,O+,Lucknow,Uttar Pradesh,Pneumonia,2024-04-17,2024-04-22,Urgent,Dr. P. Singh,Metro Health Institute,ICICI Lombard,503,Azithromycin,Abnormal,30.1,106,74,81,70,5,47760.11,No,4,Never
ADM02213,PAT00885,Aarav Chauhan,46,Female,B-,Jaipur,Rajasthan,Asthma,2024-10-23,2024-10-24,Elective,Dr. I. Khan,Sunrise Medical Center,HDFC ERGO,793,Montelukast,Normal,15.5,130,70,93,83,1,7273.54,No,5,Never
ADM02214,PAT00370,Vivaan Mehta,14,Female,A-,Kolkata,West Bengal,Gastroenteritis,2024-11-25,2024-11-29,Emergency,Dr. S. Verma,LifeLine Multispeciality,ICICI Lombard,779,Probiotic,Borderline,35.0,116,76,96,99,4,24347.91,Yes,4,Never
ADM02215,PAT00908,Aditya Rao,56,Female,O-,Jaipur,Rajasthan,Fracture,2024-11-16,2024-11-23,Emergency,Dr. S. Verma,Metro Health Institute,Star Health,202,Paracetamol,Normal,34.3,132,80,78,69,7,65615.57,No,4,Never
ADM02216,PAT00049,Meera Malhotra,37,Male,O+,Bhopal,Madhya Pradesh,Hypertension,2025-07-08,2025-07-09,Emergency,Dr. V. Jain,Harmony Medical Centre,Self Pay,288,Amlodipine,Normal,26.3,147,92,86,105,1,7945.38,No,4,Never
ADM02217,PAT01422,Rahul Chauhan,39,Female,AB+,Kolkata,West Bengal,Fracture,2026-02-03,2026-02-06,Emergency,Dr. T. Gupta,CityCare Hospital,Niva Bupa,110,Calcium,Normal,19.3,125,83,86,109,3,40216.62,No,3,Former
ADM02218,PAT00423,Riya Malhotra,29,Female,B+,Patna,Bihar,Migraine,2025-10-23,2025-10-24,Elective,Dr. R. Kapoor,NewHope Hospital,Self Pay,751,Sumatriptan,Normal,26.1,117,89,81,65,1,11294.58,No,2,Never
ADM02219,PAT00791,Riya Kumar,47,Male,A+,Chandigarh,Chandigarh,Hypertension,2025-05-09,2025-05-13,Emergency,Dr. S. Verma,Green Valley Hospital,Niva Bupa,260,Telmisartan,Normal,26.4,146,91,88,90,4,25786.03,No,4,Never
ADM02220,PAT01163,Rohan Sharma,69,Male,AB+,Mumbai,Maharashtra,Gastroenteritis,2024-06-14,2024-06-17,Elective,Dr. S. Verma,Harmony Medical Centre,HDFC ERGO,595,Ondansetron,Borderline,22.7,107,87,75,113,3,25944.2,No,,Former
ADM02221,PAT01367,Priya Joshi,50,Male,A+,Lucknow,Uttar Pradesh,Hypertension,2024-02-27,2024-03-02,Emergency,Dr. A. Mehta,LifeLine Multispeciality,SBI General,322,Amlodipine,Borderline,15.0,144,70,86,108,4,35548.14,No,4,Never
ADM02222,PAT00353,Rahul Srivastava,55,Female,O+,Noida,Uttar Pradesh,Hypertension,2024-02-14,2024-02-17,Emergency,Dr. T. Gupta,LifeLine Multispeciality,Care Health,502,Losartan,Normal,25.0,120,80,78,116,3,17667.91,Yes,2,Former
ADM02223,PAT00560,Kabir Singh,62,Female,O-,Bengaluru,Karnataka,Diabetes,2024-06-08,2024-06-12,Elective,Dr. M. Joshi,PrimeCare Hospital,Star Health,718,Metformin,Abnormal,29.8,115,81,72,185,4,32857.74,No,3,Never
ADM02224,PAT01528,Aman Pandey,81,Male,AB+,Pune,Maharashtra,Hypertension,2025-12-25,2025-12-27,Emergency,Dr. R. Kapoor,LifeLine Multispeciality,Care Health,561,Amlodipine,Abnormal,28.5,142,86,86,140,2,28192.4,No,4,Former
ADM02225,PAT01394,Aarav Pandey,50,Male,A-,Bhopal,Madhya Pradesh,COPD,2026-02-03,2026-02-12,Emergency,Dr. P. Singh,Harmony Medical Centre,Star Health,335,Tiotropium,Normal,27.2,130,87,94,80,9,91937.77,No,4,Never
ADM02226,PAT01154,Ishaan Joshi,49,Male,O-,Patna,Bihar,Kidney Disease,2024-12-25,2025-01-01,Emergency,Dr. V. Jain,Metro Health Institute,Niva Bupa,542,Erythropoietin,Borderline,32.9,131,87,65,100,7,76586.84,No,4,Former
ADM02227,PAT01576,Sneha Mehta,62,Female,O+,Chandigarh,Chandigarh,Diabetes,2026-03-25,2026-03-26,Elective,Dr. K. Rao,Sunrise Medical Center,Self Pay,786,Glimepiride,Borderline,35.1,99,61,69,196,1,6640.71,No,4,Never
ADM02228,PAT00320,Aman Agarwal,31,Male,A+,Bengaluru,Karnataka,COPD,2024-11-15,2024-11-18,Elective,Dr. K. Rao,PrimeCare Hospital,ICICI Lombard,200,Tiotropium,Normal,24.0,101,72,90,126,3,25678.95,Yes,5,Never
ADM02229,PAT01314,Priya Khan,36,Male,O+,Noida,Uttar Pradesh,Kidney Disease,2026-04-05,2026-04-08,Elective,Dr. V. Jain,NewHope Hospital,Self Pay,707,Erythropoietin,Normal,22.6,113,76,78,65,3,42103.9,No,4,Current
ADM02230,PAT00824,Riya Singh,65,Male,O-,Bhopal,Madhya Pradesh,Anemia,2026-01-16,2026-01-19,Elective,Dr. R. Kapoor,Harmony Medical Centre,Care Health,594,Folic Acid,Normal,30.2,130,84,78,83,3,30587.49,No,4,Never
ADM02231,PAT01178,Rohan Chauhan,51,Male,B+,Chandigarh,Chandigarh,Fracture,2024-09-29,2024-10-04,Emergency,Dr. N. Sharma,Green Valley Hospital,HDFC ERGO,824,Paracetamol,Abnormal,33.6,145,65,82,65,5,51578.83,No,3,Former
ADM02232,PAT01602,Kabir Verma,55,Male,A-,Bhopal,Madhya Pradesh,Hypertension,2025-12-14,2025-12-15,Elective,Dr. I. Khan,CityCare Hospital,ICICI Lombard,830,Losartan,Normal,26.4,138,98,73,88,1,21024.8,No,4,Never
ADM02233,PAT01641,Priya Srivastava,43,Female,O-,Bengaluru,Karnataka,Pneumonia,2026-06-15,2026-06-21,Elective,Dr. M. Joshi,CityCare Hospital,Care Health,680,Ceftriaxone,Abnormal,27.0,148,75,80,82,6,67796.92,No,4,Former
ADM02234,PAT00406,Arjun Yadav,44,Female,O-,Lucknow,Uttar Pradesh,Kidney Disease,2026-05-21,2026-05-26,Urgent,Dr. I. Khan,NewHope Hospital,HDFC ERGO,206,Furosemide,Normal,26.7,114,98,73,109,5,53271.25,No,,Never
ADM02235,PAT00309,Aditya Malhotra,41,Male,A+,Pune,Maharashtra,Arthritis,2026-03-31,2026-04-03,Elective,Dr. S. Verma,Green Valley Hospital,ICICI Lombard,807,Ibuprofen,Normal,26.4,121,70,83,83,3,31753.45,No,4,Current
ADM02236,PAT00843,Kavya Srivastava,62,Female,AB+,Pune,Maharashtra,Diabetes,2024-12-07,2024-12-14,Emergency,Dr. K. Rao,LifeLine Multispeciality,ICICI Lombard,409,Metformin,Abnormal,21.1,129,72,66,134,7,68938.38,No,2,Current
ADM02237,PAT00649,Aditya Srivastava,73,Male,O-,Lucknow,Uttar Pradesh,Hypertension,2026-01-07,2026-01-08,Emergency,Dr. S. Verma,LifeLine Multispeciality,Self Pay,460,Amlodipine,Normal,26.3,154,90,89,95,1,5367.75,No,4,Current
ADM02238,PAT00960,Nisha Gupta,46,Female,AB-,Patna,Bihar,COPD,2024-02-09,2024-02-11,Elective,Dr. M. Joshi,Sunrise Medical Center,Star Health,787,Budesonide,Normal,28.8,124,77,96,65,2,32951.43,No,4,Never
ADM02239,PAT00504,Krishna Jain,51,Male,O-,Jaipur,Rajasthan,Migraine,2025-03-31,2025-04-06,Emergency,Dr. T. Gupta,Green Valley Hospital,HDFC ERGO,441,Sumatriptan,Borderline,15.0,137,79,82,166,6,33011.09,No,5,Former
ADM02240,PAT01778,Isha Yadav,62,Male,AB+,Chandigarh,Chandigarh,Diabetes,2024-07-05,2024-07-07,Emergency,Dr. M. Joshi,NewHope Hospital,SBI General,244,Metformin,Normal,,117,69,85,168,2,23397.65,No,5,Never
ADM02241,PAT01513,Rohan Singh,42,Female,A-,Jaipur,Rajasthan,Asthma,2026-05-19,2026-05-20,Elective,Dr. P. Singh,Green Valley Hospital,Care Health,659,Budesonide,Borderline,19.9,139,92,103,108,1,20621.63,No,4,Current
ADM02242,PAT00268,Rahul Mehta,53,Female,O+,Delhi,Delhi,Anemia,2024-11-04,2024-11-05,Emergency,Dr. P. Singh,Harmony Medical Centre,Self Pay,620,Folic Acid,Normal,31.4,134,96,79,86,1,9180.23,No,5,Never
ADM02243,PAT01562,Tanya Kumar,28,Male,A-,Hyderabad,Telangana,COPD,2024-11-07,2024-11-09,Urgent,Dr. N. Sharma,Harmony Medical Centre,Niva Bupa,295,Salbutamol,Abnormal,21.6,104,81,78,131,2,34756.61,No,3,Never
ADM02244,PAT00997,Nisha Rao,31,Female,B+,Chandigarh,Chandigarh,Arthritis,2026-06-11,2026-06-15,Urgent,Dr. A. Mehta,Sunrise Medical Center,Star Health,366,Naproxen,Normal,22.1,143,86,67,94,4,27500.11,No,5,Never
ADM02245,PAT00648,Rohan Kapoor,9,Male,O+,Noida,Uttar Pradesh,Asthma,2024-10-29,2024-10-30,Urgent,Dr. K. Rao,LifeLine Multispeciality,Self Pay,507,Budesonide,Abnormal,22.6,137,80,102,94,1,30939.38,No,5,Former
ADM02246,PAT01251,Tanya Singh,35,Male,A+,Jaipur,Rajasthan,Diabetes,2026-08-08,2026-08-13,Elective,Dr. K. Rao,Harmony Medical Centre,HDFC ERGO,679,Metformin,Normal,27.2,113,69,75,200,5,54773.84,Yes,4,Never
ADM02247,PAT01564,Vivaan Gupta,41,Female,AB+,Bengaluru,Karnataka,Pneumonia,2025-09-07,2025-09-12,Emergency,Dr. I. Khan,Harmony Medical Centre,ICICI Lombard,858,Amoxicillin,Abnormal,33.7,143,88,95,128,5,65942.94,No,3,Never
ADM02248,PAT01255,Kabir Mishra,39,Female,O+,Lucknow,Uttar Pradesh,Anemia,2024-03-26,2024-03-29,Elective,Dr. P. Singh,Metro Health Institute,ICICI Lombard,269,Vitamin B12,Borderline,31.0,117,78,79,78,3,33768.88,No,4,Never
ADM02249,PAT01087,Nisha Chauhan,26,Male,AB+,Bengaluru,Karnataka,Diabetes,2025-10-20,2025-10-21,Elective,Dr. V. Jain,Harmony Medical Centre,ICICI Lombard,371,Insulin,Normal,21.4,148,75,67,141,1,8219.99,No,3,Never
ADM02250,PAT01506,Kabir Verma,65,Male,A+,Lucknow,Uttar Pradesh,Kidney Disease,2025-03-23,2025-03-30,Urgent,Dr. I. Khan,NewHope Hospital,Self Pay,786,Furosemide,Normal,16.9,129,80,82,101,7,89745.07,Yes,5,Never
ADM02251,PAT01287,Diya Saxena,77,Female,O-,Jaipur,Rajasthan,Arthritis,2025-12-03,2025-12-06,Elective,Dr. I. Khan,LifeLine Multispeciality,SBI General,816,Naproxen,Normal,26.6,132,91,73,81,3,31984.28,No,3,Never
ADM02252,PAT01794,Kavya Kumar,47,Female,A+,Bengaluru,Karnataka,Gastroenteritis,2025-11-03,2025-11-06,Urgent,Dr. V. Jain,PrimeCare Hospital,Self Pay,614,Probiotic,Normal,17.2,137,76,70,111,3,30726.55,No,5,Never
ADM02253,PAT00073,Rahul Kapoor,16,Female,O-,Patna,Bihar,Gastroenteritis,2025-10-27,2025-10-28,Elective,Dr. N. Sharma,LifeLine Multispeciality,ICICI Lombard,877,ORS,Abnormal,27.3,135,82,69,103,1,23839.64,Yes,3,Former
ADM02254,PAT01385,Aditya Malhotra,12,Female,AB+,Pune,Maharashtra,Anemia,2025-07-09,2025-07-10,Elective,Dr. A. Mehta,Harmony Medical Centre,ICICI Lombard,155,Folic Acid,Borderline,23.3,114,70,82,65,1,22250.35,No,4,Former
ADM02255,PAT00199,Priya Singh,54,Female,AB+,Pune,Maharashtra,Anemia,2026-01-25,2026-01-26,Elective,Dr. K. Rao,LifeLine Multispeciality,Self Pay,615,Folic Acid,Normal,21.7,125,80,80,116,1,31210.27,No,4,Never
ADM02256,PAT01612,Rohan Patel,60,Male,B+,Jaipur,Rajasthan,Pneumonia,2024-03-21,2024-03-23,Urgent,Dr. P. Singh,NewHope Hospital,Star Health,502,Azithromycin,Normal,23.9,123,94,60,91,2,31521.5,No,4,Former
ADM02257,PAT00134,Priya Saxena,47,Female,A+,Noida,Uttar Pradesh,Kidney Disease,2024-12-08,2024-12-15,Emergency,Dr. T. Gupta,Metro Health Institute,Self Pay,620,Erythropoietin,Borderline,28.6,137,78,84,107,7,89946.02,No,3,Former
ADM02258,PAT00176,Arjun Joshi,51,Female,AB-,Patna,Bihar,Kidney Disease,2026-07-27,2026-07-31,Elective,Dr. K. Rao,Harmony Medical Centre,SBI General,226,Erythropoietin,Borderline,30.9,152,84,70,90,4,55744.39,No,5,Current
ADM02259,PAT00044,Ishaan Saxena,52,Female,AB+,Mumbai,Maharashtra,Cardiac Disease,2025-07-21,2025-07-28,Urgent,Dr. T. Gupta,Sunrise Medical Center,Self Pay,685,Metoprolol,Abnormal,23.5,143,78,71,87,7,96756.96,No,5,Never
ADM02260,PAT00018,Rahul Malhotra,22,Female,A+,Kolkata,West Bengal,Asthma,2024-01-23,2024-01-26,Emergency,Dr. P. Singh,Harmony Medical Centre,Niva Bupa,561,Montelukast,Abnormal,31.5,146,73,101,94,3,25193.11,No,2,Former
ADM02261,PAT01766,Priya Pandey,44,Female,O-,Jaipur,Rajasthan,Gastroenteritis,2024-08-11,2024-08-12,Emergency,Dr. S. Verma,PrimeCare Hospital,ICICI Lombard,545,Ondansetron,Normal,27.3,115,77,79,94,1,12210.71,No,4,Never
ADM02262,PAT01781,Tanya Saxena,61,Male,O+,Bhopal,Madhya Pradesh,Diabetes,2026-02-10,2026-02-13,Urgent,Dr. N. Sharma,Sunrise Medical Center,Star Health,604,Glimepiride,Normal,30.2,123,67,96,202,3,39657.13,No,5,Former
ADM02263,PAT00109,Rohan Agarwal,22,Male,A-,Jaipur,Rajasthan,Fracture,2025-07-16,2025-07-21,Elective,Dr. M. Joshi,Green Valley Hospital,SBI General,745,Calcium,Abnormal,16.7,120,90,61,83,5,52779.02,No,5,Never
ADM02264,PAT00679,Isha Gupta,46,Female,B+,Lucknow,Uttar Pradesh,COPD,2025-09-03,2025-09-08,Elective,Dr. S. Verma,CityCare Hospital,Care Health,430,Tiotropium,Normal,25.9,145,92,74,75,5,57073.78,Yes,4,Never
ADM02265,PAT01747,Priya Kumar,82,Male,B+,Bhopal,Madhya Pradesh,Anemia,2025-12-23,2025-12-24,Elective,Dr. N. Sharma,Harmony Medical Centre,Niva Bupa,190,Iron Supplement,Normal,32.1,135,78,78,111,1,26986.11,No,5,Never
ADM02266,PAT00185,Rohan Kapoor,26,Female,A-,Mumbai,Maharashtra,Gastroenteritis,2024-01-20,2024-01-23,Emergency,Dr. A. Mehta,LifeLine Multispeciality,Niva Bupa,524,ORS,Abnormal,22.7,126,85,79,123,3,9824.32,No,4,Never
ADM02267,PAT00642,Aarav Chauhan,48,Male,A-,Bhopal,Madhya Pradesh,Fracture,2025-01-08,2025-01-14,Emergency,Dr. I. Khan,Metro Health Institute,HDFC ERGO,342,Paracetamol,Abnormal,22.7,146,72,65,91,6,56905.62,No,4,Never
ADM02268,PAT00731,Riya Joshi,5,Male,A-,Kolkata,West Bengal,Fracture,2025-05-31,2025-06-01,Urgent,Dr. V. Jain,Sunrise Medical Center,Self Pay,593,Paracetamol,Abnormal,21.0,112,91,85,96,1,15570.95,Yes,4,Former
ADM02269,PAT00416,Krishna Mishra,40,Female,AB+,Pune,Maharashtra,Pneumonia,2026-03-27,2026-04-04,Emergency,Dr. A. Mehta,Green Valley Hospital,HDFC ERGO,376,Amoxicillin,Normal,33.4,145,63,48,99,8,73047.89,No,4,Former
ADM02270,PAT01523,Rohan Patel,44,Female,B+,Mumbai,Maharashtra,Asthma,2025-05-12,2025-05-15,Emergency,Dr. P. Singh,Sunrise Medical Center,Star Health,168,Budesonide,Normal,29.3,127,76,76,98,3,27286.57,No,5,Never
ADM02271,PAT00309,Aditya Malhotra,41,Male,A+,Pune,Maharashtra,Kidney Disease,2025-09-03,2025-09-08,Elective,Dr. N. Sharma,LifeLine Multispeciality,Star Health,148,Erythropoietin,Normal,25.3,112,68,64,108,5,67005.64,No,2,Current
ADM02272,PAT00437,Diya Kumar,35,Female,AB+,Lucknow,Uttar Pradesh,Fracture,2024-07-27,2024-08-03,Elective,Dr. V. Jain,Harmony Medical Centre,Star Health,581,Calcium,Borderline,32.2,127,70,69,90,7,76251.16,No,4,Never
ADM02273,PAT00630,Kavya Sharma,30,Male,B-,Patna,Bihar,Anemia,2025-12-19,2025-12-23,Urgent,Dr. S. Verma,Sunrise Medical Center,Star Health,130,Vitamin B12,Abnormal,36.5,146,92,72,136,4,16442.28,No,4,Never
ADM02274,PAT01722,Diya Sharma,14,Male,B+,Lucknow,Uttar Pradesh,Fracture,2026-07-31,2026-08-04,Emergency,Dr. V. Jain,CityCare Hospital,Self Pay,418,Ibuprofen,Borderline,24.2,137,82,86,114,4,50620.92,No,5,Former
ADM02275,PAT00136,Aditya Khan,10,Female,O+,Patna,Bihar,Anemia,2026-04-23,2026-04-24,Elective,Dr. N. Sharma,CityCare Hospital,SBI General,591,Iron Supplement,Abnormal,29.4,151,82,62,96,1,7911.36,No,4,Current
ADM02276,PAT00744,Aman Kapoor,75,Female,A+,Lucknow,Uttar Pradesh,Gastroenteritis,2026-04-28,2026-04-29,Elective,Dr. V. Jain,CityCare Hospital,Self Pay,800,ORS,Normal,27.9,99,87,73,107,1,21776.07,No,3,Never
ADM02277,PAT01277,Krishna Kumar,55,Female,O-,Bhopal,Madhya Pradesh,Hypertension,2026-02-05,2026-02-08,Emergency,Dr. K. Rao,NewHope Hospital,Self Pay,621,Telmisartan,Normal,26.0,147,96,70,93,3,32562.91,No,2,Never
ADM02278,PAT00647,Arjun Mishra,43,Female,O-,Patna,Bihar,Pneumonia,2025-02-06,2025-02-13,Emergency,Dr. N. Sharma,LifeLine Multispeciality,Self Pay,781,Amoxicillin,Abnormal,22.9,118,85,81,114,7,73186.62,No,3,Former
ADM02279,PAT01195,Kabir Verma,41,Female,B-,Bengaluru,Karnataka,Kidney Disease,2025-10-28,2025-11-01,Elective,Dr. R. Kapoor,Sunrise Medical Center,ICICI Lombard,626,Erythropoietin,Normal,27.6,131,107,96,113,4,53115.46,No,5,Current
ADM02280,PAT01697,Nisha Yadav,53,Female,O-,Bengaluru,Karnataka,Pneumonia,2026-05-25,2026-06-01,Emergency,Dr. S. Verma,Green Valley Hospital,ICICI Lombard,301,Azithromycin,Normal,24.1,148,98,83,96,7,70337.9,Yes,2,Never
ADM02281,PAT00915,Kavya Chauhan,45,Female,B-,Pune,Maharashtra,Pneumonia,2026-04-13,2026-04-21,Emergency,Dr. A. Mehta,CityCare Hospital,ICICI Lombard,658,Ceftriaxone,Normal,25.4,132,90,84,65,8,71172.2,No,5,Current
ADM02282,PAT00973,Vivaan Rao,74,Male,A-,Chandigarh,Chandigarh,Diabetes,2026-04-16,2026-04-18,Urgent,Dr. I. Khan,Sunrise Medical Center,HDFC ERGO,217,Glimepiride,Normal,21.9,124,70,72,180,2,30226.45,No,5,Current
ADM02283,PAT00694,Riya Yadav,34,Male,O-,Bhopal,Madhya Pradesh,Asthma,2026-01-17,2026-01-20,Emergency,Dr. A. Mehta,Green Valley Hospital,SBI General,552,Salbutamol,Normal,33.2,112,74,86,102,3,19219.52,No,4,Former
ADM02284,PAT01441,Sneha Rao,40,Female,A+,Noida,Uttar Pradesh,Migraine,2026-01-13,2026-01-14,Elective,Dr. V. Jain,Harmony Medical Centre,Star Health,290,Paracetamol,Abnormal,24.6,138,84,73,83,1,6728.23,No,3,Never
ADM02285,PAT00359,Krishna Singh,57,Male,B+,Hyderabad,Telangana,Asthma,2024-01-24,2024-01-29,Emergency,Dr. N. Sharma,NewHope Hospital,Self Pay,374,Salbutamol,Normal,21.9,135,81,74,85,5,36953.67,No,2,Never
ADM02286,PAT00594,Priya Mehta,39,Female,O-,Lucknow,Uttar Pradesh,Anemia,2025-05-17,2025-05-18,Urgent,Dr. T. Gupta,LifeLine Multispeciality,HDFC ERGO,752,Folic Acid,Borderline,30.6,143,78,77,110,1,15338.85,No,4,Never
ADM02287,PAT00622,Kabir Verma,25,Female,B-,Pune,Maharashtra,Cardiac Disease,2025-12-27,2026-01-01,Elective,Dr. P. Singh,Metro Health Institute,Star Health,478,Aspirin,Abnormal,25.7,120,58,72,65,5,52854.36,No,4,Never
ADM02288,PAT00208,Riya Patel,68,Male,AB-,Mumbai,Maharashtra,Gastroenteritis,2026-01-28,2026-01-30,Elective,Dr. V. Jain,Metro Health Institute,Care Health,629,Ondansetron,Normal,25.4,129,88,74,65,2,20284.28,No,5,Former
ADM02289,PAT01644,Ishaan Singh,17,Male,B+,Bhopal,Madhya Pradesh,Pneumonia,2025-11-20,2025-11-22,Emergency,Dr. I. Khan,Sunrise Medical Center,Star Health,759,Amoxicillin,Normal,26.3,133,84,91,91,2,51554.15,No,,Never
ADM02290,PAT01151,Ananya Khan,56,Female,AB+,Kolkata,West Bengal,Hypertension,2025-01-17,2025-01-21,Urgent,Dr. S. Verma,LifeLine Multispeciality,Self Pay,750,Losartan,Abnormal,25.0,148,84,92,65,4,32286.49,No,5,Current
ADM02291,PAT00328,Aarav Kumar,23,Female,B-,Mumbai,Maharashtra,COPD,2024-01-22,2024-01-26,Elective,Dr. V. Jain,CityCare Hospital,Niva Bupa,247,Salbutamol,Abnormal,23.3,126,85,76,74,4,48670.54,No,4,Current
ADM02292,PAT00312,Aditya Malhotra,1,Female,B+,Bengaluru,Karnataka,Asthma,2024-12-23,2024-12-25,Urgent,Dr. N. Sharma,Green Valley Hospital,Niva Bupa,883,Salbutamol,Borderline,27.9,115,95,89,82,2,34119.02,No,3,Former
ADM02293,PAT00335,Ishaan Malhotra,61,Female,A+,Hyderabad,Telangana,Kidney Disease,2024-11-15,2024-11-19,Urgent,Dr. N. Sharma,Green Valley Hospital,SBI General,354,Furosemide,Normal,23.6,140,73,77,92,4,43296.82,No,5,Never
ADM02294,PAT00851,Aditya Malhotra,47,Male,AB+,Patna,Bihar,Hypertension,2025-05-31,2025-06-01,Urgent,Dr. S. Verma,CityCare Hospital,Care Health,366,Telmisartan,Abnormal,28.8,142,89,70,130,1,20355.26,No,4,Never
ADM02295,PAT00243,Sneha Srivastava,64,Female,AB-,Noida,Uttar Pradesh,Diabetes,2025-06-30,2025-07-05,Elective,Dr. T. Gupta,Sunrise Medical Center,HDFC ERGO,460,Insulin,Normal,19.8,134,58,84,174,5,51441.99,Yes,4,Never
ADM02296,PAT01091,Nisha Mehta,62,Female,O-,Jaipur,Rajasthan,Pneumonia,2024-09-10,2024-09-14,Elective,Dr. K. Rao,NewHope Hospital,Self Pay,781,Azithromycin,Normal,26.3,130,72,86,65,4,38329.33,No,4,Never
ADM02297,PAT01267,Isha Chauhan,42,Male,B+,Noida,Uttar Pradesh,Gastroenteritis,2025-04-05,2025-04-10,Emergency,Dr. S. Verma,Sunrise Medical Center,Care Health,625,ORS,Normal,22.8,140,90,98,76,5,28017.19,No,3,Never
ADM02298,PAT00840,Riya Verma,45,Male,A+,Pune,Maharashtra,Kidney Disease,2025-11-04,2025-11-09,Emergency,Dr. P. Singh,Harmony Medical Centre,HDFC ERGO,893,Furosemide,Normal,27.1,110,95,69,71,5,61080.1,No,4,Former
ADM02299,PAT00325,Diya Singh,54,Female,B-,Hyderabad,Telangana,Arthritis,2024-08-24,2024-08-25,Elective,Dr. V. Jain,Harmony Medical Centre,HDFC ERGO,346,Ibuprofen,Normal,25.9,125,86,62,98,1,40396.39,No,5,Never
ADM02300,PAT01151,Ananya Khan,56,Female,AB+,Kolkata,West Bengal,Hypertension,2025-01-02,2025-01-04,Emergency,Dr. S. Verma,CityCare Hospital,HDFC ERGO,620,Telmisartan,Normal,15.6,130,90,71,68,2,12408.96,No,4,Current
ADM02301,PAT01132,Riya Verma,18,Female,O-,Pune,Maharashtra,Migraine,2024-01-04,2024-01-05,Emergency,Dr. I. Khan,PrimeCare Hospital,Self Pay,268,Sumatriptan,Normal,20.5,121,74,90,80,1,20569.46,No,3,Former
ADM02302,PAT01288,Ananya Sharma,37,Male,AB-,Lucknow,Uttar Pradesh,COPD,2024-06-02,2024-06-07,Emergency,Dr. T. Gupta,Sunrise Medical Center,Care Health,523,Salbutamol,Normal,21.2,134,71,97,112,5,44206.49,No,3,Current
ADM02303,PAT00962,Ishaan Verma,37,Male,AB+,Pune,Maharashtra,Kidney Disease,2026-03-22,2026-03-30,Emergency,Dr. S. Verma,PrimeCare Hospital,HDFC ERGO,330,Erythropoietin,Normal,31.4,114,69,106,65,8,75705.59,No,3,Never
ADM02304,PAT01434,Ishaan Srivastava,46,Male,O-,Mumbai,Maharashtra,COPD,2025-08-25,2025-08-29,Elective,Dr. A. Mehta,NewHope Hospital,Care Health,278,Tiotropium,Normal,20.8,139,85,79,101,4,48014.4,No,3,Never
ADM02305,PAT00576,Diya Srivastava,27,Female,B+,Patna,Bihar,COPD,2026-02-28,2026-03-06,Emergency,Dr. V. Jain,Sunrise Medical Center,SBI General,246,Salbutamol,Normal,20.6,137,72,78,98,6,51077.38,No,3,Never
ADM02306,PAT01414,Diya Srivastava,82,Male,AB+,Pune,Maharashtra,Cardiac Disease,2025-06-22,2025-06-27,Elective,Dr. K. Rao,CityCare Hospital,Star Health,402,Atorvastatin,Normal,26.3,130,75,98,111,5,69584.49,No,3,Never
ADM02307,PAT01737,Rohan Khan,27,Female,AB+,Mumbai,Maharashtra,Fracture,2025-04-12,2025-04-16,Elective,Dr. I. Khan,CityCare Hospital,Niva Bupa,688,Paracetamol,Normal,18.0,110,73,84,78,4,58977.32,No,4,Never
ADM02308,PAT00511,Rahul Singh,31,Female,AB+,Delhi,Delhi,Fracture,2026-06-21,2026-06-23,Urgent,Dr. A. Mehta,NewHope Hospital,ICICI Lombard,112,Calcium,Normal,30.2,143,70,57,100,2,26307.47,No,5,Never
ADM02309,PAT00233,Riya Rao,40,Male,AB+,Bengaluru,Karnataka,Hypertension,2024-10-09,2024-10-12,Elective,Dr. M. Joshi,CityCare Hospital,Self Pay,595,Telmisartan,Borderline,,120,88,73,93,3,7162.03,No,4,Never
ADM02310,PAT01360,Krishna Srivastava,75,Male,AB-,Lucknow,Uttar Pradesh,Anemia,2026-01-13,2026-01-15,Elective,Dr. V. Jain,CityCare Hospital,Star Health,284,Vitamin B12,Abnormal,,142,87,65,124,2,14693.11,No,4,Never
ADM02311,PAT00301,Aman Gupta,28,Male,AB+,Bhopal,Madhya Pradesh,Migraine,2025-02-01,2025-02-02,Emergency,Dr. S. Verma,Green Valley Hospital,Niva Bupa,643,Sumatriptan,Normal,30.8,120,82,74,76,1,5774.61,No,4,Never
ADM02312,PAT00912,Aman Pandey,40,Female,B+,Jaipur,Rajasthan,Pneumonia,2024-06-28,2024-07-04,Elective,Dr. K. Rao,NewHope Hospital,ICICI Lombard,404,Azithromycin,Normal,37.3,125,72,73,71,6,65118.51,No,5,Former
ADM02313,PAT00199,Priya Singh,54,Female,AB+,Pune,Maharashtra,Kidney Disease,2024-11-18,2024-11-20,Emergency,Dr. T. Gupta,LifeLine Multispeciality,Self Pay,498,Sevelamer,Normal,21.1,148,75,68,65,2,45401.37,No,4,Never
ADM02314,PAT01548,Sneha Singh,25,Male,AB+,Bengaluru,Karnataka,Pneumonia,2026-08-31,2026-09-04,Emergency,Dr. A. Mehta,CityCare Hospital,Self Pay,559,Ceftriaxone,Normal,29.6,139,62,97,118,4,57015.22,Yes,3,Never
ADM02315,PAT00081,Rahul Patel,60,Female,AB-,Lucknow,Uttar Pradesh,Migraine,2026-08-22,2026-08-23,Urgent,Dr. N. Sharma,CityCare Hospital,Care Health,204,Sumatriptan,Normal,24.5,130,81,92,80,1,3500,No,5,Never
ADM02316,PAT00278,Sneha Gupta,22,Male,B-,Lucknow,Uttar Pradesh,COPD,2025-11-01,2025-11-05,Elective,Dr. P. Singh,Harmony Medical Centre,ICICI Lombard,457,Tiotropium,Normal,23.0,120,76,87,94,4,20733.94,Yes,5,Never
ADM02317,PAT00781,Vivaan Kapoor,27,Female,B+,Chandigarh,Chandigarh,Arthritis,2024-04-09,2024-04-10,Elective,Dr. I. Khan,NewHope Hospital,ICICI Lombard,603,Ibuprofen,Borderline,27.4,109,86,79,118,1,9120.1,No,4,Never
ADM02318,PAT00969,Krishna Saxena,30,Male,AB-,Pune,Maharashtra,Hypertension,2025-11-10,2025-11-12,Elective,Dr. S. Verma,NewHope Hospital,Star Health,775,Telmisartan,Borderline,18.6,161,98,84,78,2,15676.52,No,5,Never
ADM02319,PAT00777,Isha Khan,42,Female,O+,Bhopal,Madhya Pradesh,Hypertension,2025-08-12,2025-08-14,Urgent,Dr. S. Verma,Harmony Medical Centre,Niva Bupa,730,Amlodipine,Normal,20.1,138,88,80,71,2,27816.52,No,4,Never
ADM02320,PAT00977,Aarav Kapoor,39,Male,B-,Chandigarh,Chandigarh,Cardiac Disease,2026-07-09,2026-07-13,Elective,Dr. V. Jain,NewHope Hospital,ICICI Lombard,837,Metoprolol,Normal,24.8,124,79,73,90,4,59671.34,No,3,Former
ADM02321,PAT00350,Ananya Pandey,18,Male,O+,Noida,Uttar Pradesh,Migraine,2024-12-15,2024-12-17,Elective,Dr. V. Jain,CityCare Hospital,Self Pay,359,Sumatriptan,Abnormal,33.4,166,73,64,81,2,30405.66,No,4,Current
ADM02322,PAT01572,Priya Kapoor,57,Male,B-,Pune,Maharashtra,Migraine,2026-04-12,2026-04-14,Elective,Dr. P. Singh,Metro Health Institute,Self Pay,135,Paracetamol,Normal,32.1,146,71,75,65,2,13411.29,No,4,Never
ADM02323,PAT00041,Ananya Mishra,58,Female,AB+,Bhopal,Madhya Pradesh,Anemia,2025-01-31,2025-02-01,Urgent,Dr. S. Verma,NewHope Hospital,Care Health,507,Folic Acid,Normal,29.2,121,66,85,91,1,11512.28,No,4,Never
ADM02324,PAT01201,Aman Joshi,33,Male,O+,Jaipur,Rajasthan,Arthritis,2025-05-13,2025-05-15,Elective,Dr. I. Khan,NewHope Hospital,Niva Bupa,258,Diclofenac,Abnormal,32.8,143,86,95,129,2,40741.83,No,5,Never
ADM02325,PAT01410,Kavya Pandey,60,Female,AB-,Hyderabad,Telangana,COPD,2025-12-18,2025-12-21,Elective,Dr. N. Sharma,NewHope Hospital,HDFC ERGO,158,Salbutamol,Abnormal,27.1,127,86,81,85,3,51282.22,No,4,Never
ADM02326,PAT01676,Aarav Patel,39,Male,A-,Bhopal,Madhya Pradesh,Fracture,2025-05-17,2025-05-21,Elective,Dr. A. Mehta,Metro Health Institute,Star Health,617,Paracetamol,Normal,22.5,130,95,64,123,4,59140.48,No,4,Former
ADM02327,PAT00743,Arjun Mishra,26,Female,A+,Bengaluru,Karnataka,Hypertension,2024-05-28,2024-05-31,Urgent,Dr. P. Singh,CityCare Hospital,ICICI Lombard,616,Losartan,Borderline,27.3,146,88,68,65,3,39120.82,No,4,Former
ADM02328,PAT00904,Tanya Saxena,47,Female,A+,Pune,Maharashtra,Pneumonia,2024-12-09,2024-12-15,Elective,Dr. A. Mehta,Metro Health Institute,Niva Bupa,536,Azithromycin,Normal,30.0,136,68,69,65,6,53725.56,No,4,Never
ADM02329,PAT01198,Priya Patel,20,Male,AB-,Delhi,Delhi,COPD,2025-07-01,2025-07-08,Elective,Dr. K. Rao,PrimeCare Hospital,SBI General,262,Tiotropium,Normal,22.0,127,71,66,131,7,81822.94,No,5,Never
ADM02330,PAT01172,Vivaan Patel,35,Male,AB-,Lucknow,Uttar Pradesh,Diabetes,2026-04-22,2026-04-25,Emergency,Dr. R. Kapoor,Metro Health Institute,Care Health,748,Glimepiride,Borderline,24.9,151,88,67,205,3,20172.08,No,4,Current
ADM02331,PAT00373,Sneha Kapoor,29,Male,B+,Patna,Bihar,Anemia,2024-03-09,2024-03-12,Elective,Dr. V. Jain,PrimeCare Hospital,ICICI Lombard,654,Vitamin B12,Normal,26.0,130,92,74,111,3,17876.32,No,4,Never
ADM02332,PAT00917,Priya Patel,44,Female,O-,Bengaluru,Karnataka,Arthritis,2026-05-26,2026-05-30,Urgent,Dr. I. Khan,LifeLine Multispeciality,Care Health,658,Diclofenac,Normal,15.6,112,69,91,106,4,30922.18,No,5,Former
ADM02333,PAT00041,Ananya Mishra,58,Female,AB+,Bhopal,Madhya Pradesh,Migraine,2025-02-09,2025-02-13,Elective,Dr. A. Mehta,Metro Health Institute,Self Pay,890,Naproxen,Normal,27.8,100,69,68,88,4,26872.83,No,5,Never
ADM02334,PAT01008,Isha Mishra,47,Female,A-,Chandigarh,Chandigarh,Kidney Disease,2024-02-22,2024-02-24,Urgent,Dr. I. Khan,NewHope Hospital,Niva Bupa,462,Furosemide,Normal,23.8,136,74,106,105,2,30270.22,No,5,Former
ADM02335,PAT01376,Rahul Malhotra,67,Female,AB-,Kolkata,West Bengal,Arthritis,2026-03-07,2026-03-12,Emergency,Dr. A. Mehta,LifeLine Multispeciality,SBI General,533,Ibuprofen,Borderline,32.7,110,84,79,85,5,42760.18,No,4,Current
ADM02336,PAT01161,Sneha Pandey,52,Female,B+,Bhopal,Madhya Pradesh,Kidney Disease,2024-05-20,2024-05-28,Emergency,Dr. S. Verma,Harmony Medical Centre,Care Health,119,Sevelamer,Borderline,29.7,145,89,79,65,8,87339.77,No,4,Never
ADM02337,PAT00705,Aarav Rao,45,Female,B-,Delhi,Delhi,COPD,2026-05-01,2026-05-03,Emergency,Dr. S. Verma,Harmony Medical Centre,Star Health,295,Salbutamol,Normal,23.8,117,80,69,102,2,33122.56,No,3,Never
ADM02338,PAT00696,Diya Joshi,43,Female,AB+,Mumbai,Maharashtra,Asthma,2024-02-10,2024-02-13,Emergency,Dr. P. Singh,LifeLine Multispeciality,HDFC ERGO,172,Budesonide,Borderline,28.7,122,73,80,151,3,31347.0,No,4,Never
ADM02339,PAT00175,Diya Srivastava,54,Male,A+,Bhopal,Madhya Pradesh,Arthritis,2024-02-03,2024-02-08,Emergency,Dr. V. Jain,Green Valley Hospital,ICICI Lombard,312,Ibuprofen,Normal,29.0,128,83,94,153,5,32277.08,No,3,Never
ADM02340,PAT00758,Isha Agarwal,79,Male,AB-,Noida,Uttar Pradesh,Hypertension,2026-01-31,2026-02-05,Emergency,Dr. T. Gupta,Sunrise Medical Center,Self Pay,581,Amlodipine,Borderline,28.9,144,93,65,82,5,26965.82,No,3,Current
ADM02341,PAT00142,Aarav Saxena,37,Female,AB+,Mumbai,Maharashtra,Anemia,2025-05-02,2025-05-04,Elective,Dr. V. Jain,Metro Health Institute,HDFC ERGO,893,Folic Acid,Normal,22.7,118,75,67,117,2,21603.76,No,5,Former
ADM02342,PAT00363,Tanya Srivastava,28,Female,AB+,Patna,Bihar,Anemia,2025-02-24,2025-02-28,Emergency,Dr. N. Sharma,Metro Health Institute,Care Health,353,Iron Supplement,Normal,21.6,117,74,75,72,4,35102.38,No,3,Never
ADM02343,PAT00277,Priya Pandey,42,Male,O+,Delhi,Delhi,Asthma,2024-01-06,2024-01-10,Emergency,Dr. K. Rao,Harmony Medical Centre,Care Health,783,Montelukast,Normal,25.0,111,87,85,102,4,21902.69,No,5,Never
ADM02344,PAT01279,Meera Pandey,51,Male,A-,Bengaluru,Karnataka,Asthma,2026-07-17,2026-07-20,Urgent,Dr. T. Gupta,Metro Health Institute,Star Health,554,Budesonide,Normal,22.0,119,77,101,90,3,13618.79,No,4,Current
ADM02345,PAT00615,Aditya Agarwal,35,Female,B+,Chandigarh,Chandigarh,Kidney Disease,2024-11-02,2024-11-07,Urgent,Dr. A. Mehta,CityCare Hospital,ICICI Lombard,413,Erythropoietin,Normal,24.2,130,83,88,126,5,57297.69,No,4,Current
ADM02346,PAT01388,Isha Agarwal,35,Male,B-,Bhopal,Madhya Pradesh,Cardiac Disease,2025-12-07,2025-12-17,Elective,Dr. P. Singh,NewHope Hospital,Niva Bupa,594,Aspirin,Normal,26.5,128,73,86,69,10,111788.61,No,4,Former
ADM02347,PAT00807,Aman Chauhan,52,Female,AB-,Kolkata,West Bengal,Migraine,2024-06-29,2024-07-01,Elective,Dr. V. Jain,Metro Health Institute,ICICI Lombard,209,Sumatriptan,Borderline,24.1,103,79,97,118,2,12994.87,No,3,Never
ADM02348,PAT00307,Kavya Saxena,54,Female,A+,Kolkata,West Bengal,Migraine,2025-08-20,2025-08-21,Elective,Dr. V. Jain,Sunrise Medical Center,HDFC ERGO,570,Naproxen,Normal,20.1,109,82,70,86,1,31437.18,No,4,Never
ADM02349,PAT00228,Nisha Verma,66,Male,O+,Bengaluru,Karnataka,Pneumonia,2024-01-11,2024-01-17,Emergency,Dr. S. Verma,NewHope Hospital,Star Health,497,Amoxicillin,Abnormal,27.0,105,87,89,117,6,52740.27,No,4,Current
ADM02350,PAT01620,Ishaan Saxena,50,Female,O-,Mumbai,Maharashtra,Cardiac Disease,2025-10-06,2025-10-14,Urgent,Dr. V. Jain,Harmony Medical Centre,Self Pay,407,Atorvastatin,Normal,20.2,132,65,81,92,8,103360.0,No,5,Never
ADM02351,PAT01370,Ishaan Agarwal,47,Male,O-,Bengaluru,Karnataka,Kidney Disease,2025-03-06,2025-03-13,Emergency,Dr. R. Kapoor,Green Valley Hospital,Self Pay,654,Sevelamer,Abnormal,24.3,129,81,77,65,7,81156.02,No,4,Never
ADM02352,PAT00404,Nisha Agarwal,26,Female,AB-,Jaipur,Rajasthan,Arthritis,2025-12-07,2025-12-10,Elective,Dr. V. Jain,PrimeCare Hospital,Self Pay,473,Ibuprofen,Normal,28.1,123,86,75,90,3,26996.69,No,4,Former
ADM02353,PAT01299,Arjun Chauhan,44,Female,AB-,Bhopal,Madhya Pradesh,Migraine,2024-02-19,2024-02-20,Elective,Dr. I. Khan,PrimeCare Hospital,Niva Bupa,757,Naproxen,Normal,26.9,125,87,94,120,1,23198.34,No,4,Never
ADM02354,PAT00657,Isha Chauhan,54,Female,A+,Hyderabad,Telangana,Pneumonia,2025-10-30,2025-11-03,Urgent,Dr. A. Mehta,Metro Health Institute,Self Pay,724,Ceftriaxone,Normal,25.7,111,78,99,147,4,45514.47,No,4,Never
ADM02355,PAT00599,Rahul Joshi,23,Female,O+,Jaipur,Rajasthan,Anemia,2026-06-18,2026-06-22,Emergency,Dr. K. Rao,LifeLine Multispeciality,Care Health,666,Vitamin B12,Normal,23.0,111,79,71,118,4,25097.01,No,3,Never
ADM02356,PAT01457,Krishna Khan,71,Male,AB-,Chandigarh,Chandigarh,Diabetes,2024-03-29,2024-04-01,Urgent,Dr. A. Mehta,Green Valley Hospital,HDFC ERGO,246,Insulin,Normal,25.6,130,86,88,160,3,21490.98,No,3,Never
ADM02357,PAT01624,Tanya Verma,76,Male,B-,Delhi,Delhi,COPD,2026-02-04,2026-02-08,Urgent,Dr. I. Khan,Harmony Medical Centre,HDFC ERGO,159,Salbutamol,Normal,17.5,134,70,89,96,4,47692.29,No,2,Never
ADM02358,PAT01611,Nisha Sharma,81,Male,O+,Bengaluru,Karnataka,Pneumonia,2025-03-14,2025-03-17,Urgent,Dr. A. Mehta,NewHope Hospital,HDFC ERGO,655,Ceftriaxone,Normal,29.7,129,76,91,92,3,43709.62,No,4,Never
ADM02359,PAT00171,Ananya Patel,29,Female,AB+,Bhopal,Madhya Pradesh,Hypertension,2025-09-04,2025-09-05,Emergency,Dr. K. Rao,Metro Health Institute,Star Health,400,Losartan,Normal,25.9,168,107,76,98,1,23443.36,No,2,Never
ADM02360,PAT00727,Nisha Singh,41,Male,O-,Jaipur,Rajasthan,Anemia,2025-07-23,2025-07-24,Urgent,Dr. R. Kapoor,LifeLine Multispeciality,ICICI Lombard,690,Folic Acid,Normal,22.3,118,78,64,87,1,22881.93,Yes,3,Former
ADM02361,PAT01235,Rahul Yadav,42,Male,B+,Hyderabad,Telangana,Arthritis,2026-04-11,2026-04-15,Elective,Dr. T. Gupta,Sunrise Medical Center,HDFC ERGO,122,Ibuprofen,Normal,19.5,110,83,92,111,4,32571.83,No,3,Former
ADM02362,PAT01638,Priya Singh,63,Female,AB-,Kolkata,West Bengal,COPD,2026-05-27,2026-06-01,Urgent,Dr. M. Joshi,Harmony Medical Centre,Niva Bupa,797,Budesonide,Borderline,30.3,138,78,94,83,5,46033.43,No,3,Former
ADM02363,PAT01014,Aman Joshi,34,Male,O+,Delhi,Delhi,Cardiac Disease,2026-07-18,2026-07-21,Emergency,Dr. I. Khan,NewHope Hospital,SBI General,453,Aspirin,Normal,33.1,109,80,86,67,3,19366.38,No,4,Never
ADM02364,PAT00033,Aditya Saxena,33,Male,A-,Jaipur,Rajasthan,Diabetes,2024-11-19,2024-11-21,Elective,Dr. T. Gupta,Harmony Medical Centre,Self Pay,267,Insulin,Abnormal,28.9,134,64,81,170,2,32798.24,No,5,Never
ADM02365,PAT01274,Aditya Gupta,34,Female,AB-,Bhopal,Madhya Pradesh,Gastroenteritis,2026-05-02,2026-05-05,Elective,Dr. R. Kapoor,Metro Health Institute,Self Pay,146,Ondansetron,Abnormal,25.4,129,74,104,67,3,28224.03,No,5,Former
ADM02366,PAT01209,Isha Chauhan,43,Female,A+,Bengaluru,Karnataka,Kidney Disease,2025-09-21,2025-09-24,Urgent,Dr. V. Jain,Green Valley Hospital,Self Pay,887,Sevelamer,Borderline,27.3,137,85,73,102,3,34681.25,Yes,5,Never
ADM02367,PAT00856,Aditya Agarwal,34,Male,AB+,Kolkata,West Bengal,COPD,2025-12-03,2025-12-07,Elective,Dr. K. Rao,Green Valley Hospital,Star Health,367,Salbutamol,Borderline,27.3,129,72,102,104,4,45142.9,No,4,Never
ADM02368,PAT00347,Isha Singh,59,Female,AB+,Delhi,Delhi,Arthritis,2025-10-31,2025-11-01,Urgent,Dr. I. Khan,NewHope Hospital,Care Health,414,Naproxen,Normal,25.5,136,73,80,110,1,25867.03,No,5,Never
ADM02369,PAT00748,Krishna Srivastava,59,Female,O-,Bhopal,Madhya Pradesh,Diabetes,2024-05-18,2024-05-22,Emergency,Dr. M. Joshi,CityCare Hospital,HDFC ERGO,842,Insulin,Abnormal,25.8,128,79,101,140,4,47678.53,No,4,Never
ADM02370,PAT01744,Rahul Mehta,26,Female,AB-,Jaipur,Rajasthan,Cardiac Disease,2025-04-28,2025-05-04,Urgent,Dr. A. Mehta,LifeLine Multispeciality,ICICI Lombard,452,Metoprolol,Normal,25.0,114,67,75,87,6,68355.75,No,4,Never
ADM02371,PAT00518,Aman Kumar,55,Female,B+,Patna,Bihar,Pneumonia,2025-02-10,2025-02-16,Elective,Dr. T. Gupta,Metro Health Institute,HDFC ERGO,257,Azithromycin,Normal,19.9,105,76,77,65,6,53895.47,No,4,Never
ADM02372,PAT00394,Kabir Jain,12,Female,A+,Noida,Uttar Pradesh,Migraine,2025-12-02,2025-12-04,Elective,Dr. V. Jain,Sunrise Medical Center,Care Health,507,Sumatriptan,Borderline,26.2,138,68,63,134,2,34582.71,No,3,Never
ADM02373,PAT01052,Krishna Rao,39,Female,AB+,Lucknow,Uttar Pradesh,Anemia,2025-07-25,2025-07-29,Elective,Dr. K. Rao,Harmony Medical Centre,ICICI Lombard,495,Iron Supplement,Normal,31.4,113,106,61,105,4,30411.16,No,5,Former
ADM02374,PAT00574,Krishna Srivastava,46,Female,O+,Hyderabad,Telangana,Fracture,2024-03-30,2024-04-04,Urgent,Dr. N. Sharma,Sunrise Medical Center,ICICI Lombard,615,Ibuprofen,Normal,39.3,130,101,76,95,5,68807.42,No,3,Never
ADM02375,PAT01066,Krishna Gupta,91,Female,AB+,Mumbai,Maharashtra,Hypertension,2024-06-02,2024-06-03,Urgent,Dr. K. Rao,Sunrise Medical Center,ICICI Lombard,582,Amlodipine,Borderline,29.4,170,92,68,65,1,3500,No,3,Never
ADM02376,PAT00049,Meera Malhotra,37,Male,O+,Bhopal,Madhya Pradesh,Fracture,2025-09-07,2025-09-11,Elective,Dr. T. Gupta,PrimeCare Hospital,Self Pay,604,Paracetamol,Normal,25.6,154,98,90,114,4,28217.88,No,3,Never
ADM02377,PAT01003,Kavya Chauhan,63,Male,O+,Hyderabad,Telangana,Diabetes,2025-06-06,2025-06-09,Emergency,Dr. N. Sharma,Metro Health Institute,HDFC ERGO,700,Metformin,Borderline,30.0,139,81,83,150,3,51485.74,No,4,Never
ADM02378,PAT00653,Priya Mishra,58,Female,B+,Kolkata,West Bengal,COPD,2024-09-17,2024-09-21,Elective,Dr. T. Gupta,LifeLine Multispeciality,Self Pay,496,Tiotropium,Normal,22.3,125,71,107,74,4,52430.47,Yes,3,Former
ADM02379,PAT00342,Kabir Jain,33,Male,A-,Bhopal,Madhya Pradesh,Gastroenteritis,2026-08-18,2026-08-20,Emergency,Dr. K. Rao,Sunrise Medical Center,Niva Bupa,157,Probiotic,Abnormal,24.2,142,70,83,109,2,24839.71,No,2,Former
ADM02380,PAT00107,Tanya Pandey,70,Male,B-,Chandigarh,Chandigarh,Cardiac Disease,2024-04-26,2024-05-03,Urgent,Dr. A. Mehta,PrimeCare Hospital,Niva Bupa,865,Aspirin,Normal,21.1,112,79,84,90,7,90396.77,No,5,Former
ADM02381,PAT01330,Rohan Singh,74,Male,AB+,Kolkata,West Bengal,Pneumonia,2025-01-18,2025-01-22,Urgent,Dr. I. Khan,Sunrise Medical Center,Self Pay,172,Ceftriaxone,Borderline,23.9,152,82,89,71,4,37427.22,No,3,Current
ADM02382,PAT00490,Ishaan Saxena,64,Female,A+,Pune,Maharashtra,Pneumonia,2025-10-27,2025-11-03,Elective,Dr. R. Kapoor,CityCare Hospital,SBI General,528,Azithromycin,Normal,25.4,135,88,97,110,7,60017.54,No,5,Never
ADM02383,PAT01435,Krishna Yadav,60,Male,AB-,Jaipur,Rajasthan,Hypertension,2024-01-14,2024-01-15,Urgent,Dr. R. Kapoor,PrimeCare Hospital,Self Pay,354,Amlodipine,Abnormal,23.1,171,91,82,93,1,11617.74,No,3,Never
ADM02384,PAT00628,Krishna Yadav,45,Female,B+,Jaipur,Rajasthan,Anemia,2026-06-21,2026-06-23,Emergency,Dr. P. Singh,CityCare Hospital,HDFC ERGO,338,Vitamin B12,Borderline,25.5,152,85,90,113,2,27712.81,No,4,Never
ADM02385,PAT00539,Nisha Srivastava,37,Female,B-,Mumbai,Maharashtra,Kidney Disease,2025-05-31,2025-06-07,Elective,Dr. M. Joshi,PrimeCare Hospital,Star Health,352,Sevelamer,Normal,21.2,149,80,61,101,7,70343.33,No,4,Former
ADM02386,PAT00920,Nisha Jain,28,Male,B+,Lucknow,Uttar Pradesh,Fracture,2024-07-11,2024-07-16,Elective,Dr. I. Khan,PrimeCare Hospital,HDFC ERGO,275,Ibuprofen,Normal,23.7,124,83,90,124,5,44739.28,No,4,Former
ADM02387,PAT00887,Vivaan Patel,53,Male,A-,Bhopal,Madhya Pradesh,Pneumonia,2024-09-18,2024-09-25,Emergency,Dr. A. Mehta,NewHope Hospital,HDFC ERGO,433,Azithromycin,Normal,26.9,112,76,79,114,7,80549.86,No,4,Never
ADM02388,PAT00692,Priya Yadav,14,Male,A+,Delhi,Delhi,Diabetes,2025-10-08,2025-10-12,Urgent,Dr. M. Joshi,PrimeCare Hospital,HDFC ERGO,624,Glimepiride,Normal,18.3,115,75,85,134,4,29749.84,No,4,Never
ADM02389,PAT00083,Diya Mishra,15,Male,A-,Lucknow,Uttar Pradesh,Asthma,2025-03-21,2025-03-22,Urgent,Dr. I. Khan,NewHope Hospital,HDFC ERGO,392,Budesonide,Borderline,24.8,136,87,104,120,1,28801.78,No,5,Former
ADM02390,PAT00559,Vivaan Kapoor,39,Female,B-,Mumbai,Maharashtra,Fracture,2024-07-25,2024-07-31,Elective,Dr. S. Verma,LifeLine Multispeciality,ICICI Lombard,714,Ibuprofen,Normal,29.0,158,92,90,73,6,56212.82,No,4,Never
ADM02391,PAT01536,Aman Khan,56,Male,O-,Pune,Maharashtra,Cardiac Disease,2025-08-12,2025-08-20,Emergency,Dr. S. Verma,Metro Health Institute,Self Pay,266,Atorvastatin,Borderline,23.4,149,82,58,119,8,101403.99,No,4,Never
ADM02392,PAT01556,Sneha Kapoor,57,Female,AB-,Jaipur,Rajasthan,Cardiac Disease,2026-08-02,2026-08-06,Elective,Dr. P. Singh,PrimeCare Hospital,Niva Bupa,678,Metoprolol,Normal,27.2,149,85,97,90,4,59226.27,No,3,Never
ADM02393,PAT01345,Aarav Joshi,25,Male,AB-,Bhopal,Madhya Pradesh,Asthma,2024-08-01,2024-08-02,Elective,Dr. K. Rao,LifeLine Multispeciality,HDFC ERGO,351,Salbutamol,Normal,31.3,146,69,69,141,1,21999.35,No,4,Never
ADM02394,PAT00939,Sneha Srivastava,52,Male,O-,Pune,Maharashtra,Migraine,2024-08-12,2024-08-13,Urgent,Dr. I. Khan,NewHope Hospital,Self Pay,615,Paracetamol,Normal,27.7,115,72,82,65,1,3500,No,4,Never
ADM02395,PAT01351,Diya Yadav,38,Female,O+,Lucknow,Uttar Pradesh,Gastroenteritis,2024-05-25,2024-05-26,Elective,Dr. P. Singh,LifeLine Multispeciality,Niva Bupa,713,Ondansetron,Borderline,26.3,113,88,74,115,1,5207.87,No,5,Never
ADM02396,PAT00165,Sneha Khan,59,Male,A+,Jaipur,Rajasthan,Migraine,2025-12-11,2025-12-12,Elective,Dr. V. Jain,CityCare Hospital,Star Health,764,Paracetamol,Normal,34.6,142,80,92,89,1,11672.74,No,,Never
ADM02397,PAT00682,Sneha Malhotra,30,Male,B+,Chandigarh,Chandigarh,Gastroenteritis,2024-04-26,2024-04-27,Urgent,Dr. P. Singh,Harmony Medical Centre,Care Health,518,Probiotic,Normal,21.0,123,65,80,94,1,22470.59,No,4,Current
ADM02398,PAT01130,Tanya Srivastava,49,Female,B+,Hyderabad,Telangana,Hypertension,2026-04-21,2026-04-22,Emergency,Dr. I. Khan,PrimeCare Hospital,Self Pay,133,Losartan,Abnormal,28.4,153,85,86,65,1,27610.76,No,2,Never
ADM02399,PAT00065,Tanya Khan,42,Male,O-,Chandigarh,Chandigarh,COPD,2025-06-08,2025-06-12,Elective,Dr. P. Singh,Metro Health Institute,HDFC ERGO,640,Salbutamol,Normal,24.5,108,64,86,104,4,49212.54,No,3,Never
ADM02400,PAT00268,Rahul Mehta,53,Female,O+,Delhi,Delhi,Arthritis,2026-08-03,2026-08-08,Urgent,Dr. M. Joshi,Metro Health Institute,Self Pay,209,Ibuprofen,Normal,21.3,130,89,87,69,5,59154.29,No,4,Never
ADM02401,PAT01786,Meera Sharma,62,Female,B+,Patna,Bihar,Fracture,2025-07-01,2025-07-05,Emergency,Dr. I. Khan,Harmony Medical Centre,Care Health,826,Calcium,Normal,24.2,133,72,89,101,4,35059.13,No,3,Former
ADM02402,PAT01279,Meera Pandey,51,Male,A-,Bengaluru,Karnataka,Cardiac Disease,2026-07-13,2026-07-20,Emergency,Dr. S. Verma,PrimeCare Hospital,Niva Bupa,726,Atorvastatin,Borderline,31.8,105,83,74,72,7,99076.34,Yes,3,Current
ADM02403,PAT00022,Priya Sharma,35,Male,AB-,Kolkata,West Bengal,Migraine,2024-07-29,2024-08-02,Urgent,Dr. N. Sharma,PrimeCare Hospital,HDFC ERGO,761,Sumatriptan,Normal,23.9,129,86,85,99,4,39726.37,No,4,Never
ADM02404,PAT01505,Nisha Gupta,24,Male,AB-,Hyderabad,Telangana,COPD,2025-10-10,2025-10-12,Elective,Dr. S. Verma,Sunrise Medical Center,HDFC ERGO,457,Salbutamol,Normal,24.7,135,83,86,86,2,32623.53,No,5,Current
ADM02405,PAT01175,Tanya Sharma,49,Female,O-,Patna,Bihar,Cardiac Disease,2025-04-06,2025-04-12,Elective,Dr. K. Rao,PrimeCare Hospital,SBI General,539,Metoprolol,Normal,26.1,126,93,70,76,6,78213.51,No,3,Never
ADM02406,PAT00040,Tanya Verma,41,Male,A-,Chandigarh,Chandigarh,Asthma,2025-11-28,2025-11-29,Emergency,Dr. R. Kapoor,Metro Health Institute,ICICI Lombard,722,Salbutamol,Abnormal,24.2,96,85,83,103,1,3500,No,4,Never
ADM02407,PAT00620,Krishna Saxena,63,Male,B+,Kolkata,West Bengal,Asthma,2024-04-13,2024-04-15,Emergency,Dr. T. Gupta,PrimeCare Hospital,HDFC ERGO,379,Montelukast,Borderline,31.3,142,70,89,93,2,17993.2,No,5,Never
ADM02408,PAT00780,Aman Saxena,37,Male,O+,Jaipur,Rajasthan,Arthritis,2026-02-01,2026-02-02,Elective,Dr. N. Sharma,Metro Health Institute,Care Health,401,Ibuprofen,Normal,20.1,111,82,61,137,1,15935.68,Yes,4,Current
ADM02409,PAT00409,Aditya Gupta,42,Female,A+,Bengaluru,Karnataka,Anemia,2024-01-27,2024-01-29,Emergency,Dr. A. Mehta,Metro Health Institute,HDFC ERGO,187,Vitamin B12,Normal,26.1,125,72,84,99,2,24475.11,No,4,Never
ADM02410,PAT00963,Aditya Kapoor,62,Female,B-,Patna,Bihar,Cardiac Disease,2025-04-19,2025-04-23,Elective,Dr. T. Gupta,Sunrise Medical Center,Niva Bupa,578,Atorvastatin,Borderline,27.3,130,84,71,65,4,56013.71,No,4,Former
ADM02411,PAT00779,Isha Verma,57,Male,O+,Kolkata,West Bengal,Fracture,2026-07-20,2026-07-25,Urgent,Dr. K. Rao,Sunrise Medical Center,ICICI Lombard,208,Calcium,Normal,22.2,127,61,61,139,5,46225.35,No,5,Never
ADM02412,PAT00796,Rahul Khan,83,Male,O+,Noida,Uttar Pradesh,Diabetes,2024-10-22,2024-10-25,Elective,Dr. S. Verma,LifeLine Multispeciality,SBI General,472,Glimepiride,Normal,32.7,138,75,91,165,3,22872.95,No,4,Never
ADM02413,PAT00074,Aditya Jain,56,Female,B-,Hyderabad,Telangana,COPD,2026-06-06,2026-06-10,Emergency,Dr. P. Singh,PrimeCare Hospital,Niva Bupa,441,Salbutamol,Normal,20.4,128,90,81,68,4,53028.06,Yes,4,Never
ADM02414,PAT01424,Vivaan Mishra,40,Female,O+,Chandigarh,Chandigarh,Arthritis,2024-11-24,2024-11-29,Emergency,Dr. V. Jain,PrimeCare Hospital,Self Pay,506,Naproxen,Normal,21.7,140,98,71,109,5,58811.68,No,4,Never
ADM02415,PAT01377,Aditya Rao,40,Female,O+,Bengaluru,Karnataka,Pneumonia,2024-02-25,2024-02-28,Elective,Dr. I. Khan,PrimeCare Hospital,Star Health,745,Azithromycin,Normal,32.6,128,87,97,103,3,27014.99,No,5,Never
ADM02416,PAT00554,Kavya Saxena,63,Female,A+,Noida,Uttar Pradesh,Pneumonia,2025-07-10,2025-07-16,Emergency,Dr. T. Gupta,PrimeCare Hospital,HDFC ERGO,414,Ceftriaxone,Normal,27.0,134,76,84,118,6,59292.28,No,4,Never
ADM02417,PAT01428,Rohan Pandey,72,Male,A+,Noida,Uttar Pradesh,Arthritis,2025-03-09,2025-03-11,Emergency,Dr. S. Verma,PrimeCare Hospital,ICICI Lombard,403,Ibuprofen,Borderline,28.4,140,76,85,114,2,35983.12,No,4,Former
ADM02418,PAT00769,Aarav Khan,61,Male,O+,Delhi,Delhi,Pneumonia,2024-08-15,2024-08-22,Emergency,Dr. M. Joshi,NewHope Hospital,HDFC ERGO,845,Ceftriaxone,Normal,31.6,111,68,91,104,7,72914.0,No,4,Current
ADM02419,PAT00688,Krishna Mishra,2,Male,AB+,Lucknow,Uttar Pradesh,Hypertension,2025-04-01,2025-04-04,Emergency,Dr. T. Gupta,Harmony Medical Centre,Niva Bupa,620,Losartan,Abnormal,17.8,119,84,56,93,3,22439.12,No,3,Current
ADM02420,PAT00752,Tanya Saxena,55,Male,B+,Pune,Maharashtra,Pneumonia,2026-08-18,2026-08-24,Elective,Dr. A. Mehta,PrimeCare Hospital,HDFC ERGO,711,Azithromycin,Normal,27.9,120,76,89,92,6,63758.83,No,4,Never
ADM02421,PAT01645,Riya Mishra,61,Female,AB+,Bengaluru,Karnataka,Diabetes,2025-06-13,2025-06-15,Elective,Dr. K. Rao,Green Valley Hospital,Care Health,478,Glimepiride,Normal,25.2,119,70,75,199,2,31086.75,No,3,Never
ADM02422,PAT01050,Ishaan Agarwal,47,Male,B+,Chandigarh,Chandigarh,Migraine,2024-06-05,2024-06-06,Urgent,Dr. R. Kapoor,NewHope Hospital,HDFC ERGO,464,Naproxen,Normal,24.9,131,85,80,107,1,13304.55,No,4,Never
ADM02423,PAT01749,Krishna Kumar,30,Female,B+,Patna,Bihar,COPD,2024-12-28,2025-01-03,Emergency,Dr. S. Verma,LifeLine Multispeciality,HDFC ERGO,607,Salbutamol,Borderline,26.4,101,75,97,86,6,59696.82,No,3,Never
ADM02424,PAT01606,Kabir Kapoor,47,Female,AB+,Patna,Bihar,COPD,2024-09-20,2024-09-23,Emergency,Dr. M. Joshi,LifeLine Multispeciality,Self Pay,639,Budesonide,Borderline,20.6,141,85,107,114,3,30753.74,Yes,3,Never
ADM02425,PAT00870,Tanya Kumar,30,Male,A-,Lucknow,Uttar Pradesh,Arthritis,2024-09-29,2024-10-02,Elective,Dr. T. Gupta,Green Valley Hospital,Self Pay,609,Ibuprofen,Borderline,27.8,121,85,60,112,3,29456.19,No,4,Former
ADM02426,PAT00834,Riya Gupta,43,Female,O-,Pune,Maharashtra,Migraine,2024-11-10,2024-11-11,Emergency,Dr. M. Joshi,Harmony Medical Centre,SBI General,499,Naproxen,Normal,24.0,125,78,86,65,1,19059.12,No,3,Never
ADM02427,PAT01449,Krishna Rao,62,Female,B+,Kolkata,West Bengal,COPD,2025-11-16,2025-11-17,Emergency,Dr. M. Joshi,LifeLine Multispeciality,SBI General,747,Tiotropium,Normal,19.6,113,81,84,108,1,17218.37,Yes,3,Former
ADM02428,PAT00701,Rahul Jain,30,Female,AB+,Chandigarh,Chandigarh,Diabetes,2025-09-28,2025-10-01,Elective,Dr. V. Jain,LifeLine Multispeciality,SBI General,785,Glimepiride,Normal,34.0,156,63,60,174,3,39268.12,No,3,Never
ADM02429,PAT00272,Vivaan Verma,67,Female,A+,Kolkata,West Bengal,Cardiac Disease,2025-09-05,2025-09-10,Elective,Dr. I. Khan,NewHope Hospital,HDFC ERGO,884,Aspirin,Normal,20.7,121,84,58,89,5,54342.49,No,4,Never
ADM02430,PAT00710,Ishaan Verma,92,Female,A-,Pune,Maharashtra,Diabetes,2026-08-02,2026-08-06,Emergency,Dr. P. Singh,LifeLine Multispeciality,HDFC ERGO,414,Insulin,Abnormal,27.1,141,71,72,123,4,48474.01,No,3,Never
ADM02431,PAT01473,Tanya Patel,49,Female,A+,Jaipur,Rajasthan,Pneumonia,2024-10-28,2024-11-01,Elective,Dr. V. Jain,Sunrise Medical Center,ICICI Lombard,874,Ceftriaxone,Borderline,29.3,103,72,78,90,4,47079.65,No,4,Former
ADM02432,PAT00536,Krishna Kumar,81,Male,A+,Bhopal,Madhya Pradesh,Asthma,2024-03-14,2024-03-17,Urgent,Dr. I. Khan,PrimeCare Hospital,SBI General,277,Budesonide,Normal,30.0,148,78,83,101,3,14722.38,No,2,Never
ADM02433,PAT01132,Riya Verma,18,Female,O-,Pune,Maharashtra,Fracture,2026-03-25,2026-03-29,Urgent,Dr. A. Mehta,NewHope Hospital,HDFC ERGO,624,Paracetamol,Abnormal,30.7,129,89,73,94,4,48463.01,No,3,Former
ADM02434,PAT00396,Tanya Srivastava,40,Female,B-,Delhi,Delhi,Migraine,2024-07-03,2024-07-07,Emergency,Dr. P. Singh,CityCare Hospital,Star Health,447,Paracetamol,Normal,24.2,116,82,73,113,4,34046.23,No,3,Former
ADM02435,PAT01002,Aditya Singh,61,Female,AB+,Chandigarh,Chandigarh,COPD,2025-04-11,2025-04-14,Elective,Dr. M. Joshi,Metro Health Institute,SBI General,497,Salbutamol,Abnormal,28.9,151,89,85,88,3,17614.41,No,5,Never
ADM02436,PAT00577,Nisha Chauhan,39,Female,O+,Kolkata,West Bengal,Asthma,2024-08-09,2024-08-10,Emergency,Dr. S. Verma,PrimeCare Hospital,HDFC ERGO,202,Montelukast,Abnormal,29.7,120,80,108,78,1,28153.01,No,5,Former
ADM02437,PAT00547,Aman Mehta,56,Male,AB-,Lucknow,Uttar Pradesh,Cardiac Disease,2024-11-20,2024-11-27,Elective,Dr. A. Mehta,LifeLine Multispeciality,SBI General,120,Atorvastatin,Normal,27.6,121,96,76,96,7,79763.55,No,5,Never
ADM02438,PAT00171,Ananya Patel,29,Female,AB+,Bhopal,Madhya Pradesh,Fracture,2024-04-19,2024-04-22,Urgent,Dr. A. Mehta,NewHope Hospital,Niva Bupa,179,Calcium,Normal,20.0,138,70,61,74,3,20201.78,No,5,Never
ADM02439,PAT00922,Aditya Patel,43,Male,AB-,Patna,Bihar,Kidney Disease,2025-12-11,2025-12-14,Elective,Dr. V. Jain,PrimeCare Hospital,Star Health,536,Sevelamer,Normal,22.3,113,84,69,107,3,25928.57,No,4,Never
ADM02440,PAT01376,Rahul Malhotra,67,Female,AB-,Kolkata,West Bengal,Hypertension,2025-07-24,2025-07-30,Emergency,Dr. K. Rao,CityCare Hospital,ICICI Lombard,700,Telmisartan,Normal,25.5,157,98,68,102,6,60984.83,No,4,Current
ADM02441,PAT00174,Krishna Rao,65,Female,A-,Pune,Maharashtra,Asthma,2025-07-20,2025-07-23,Emergency,Dr. I. Khan,Harmony Medical Centre,Self Pay,564,Budesonide,Abnormal,24.3,118,66,64,100,3,21345.6,No,4,Never
ADM02442,PAT01650,Kabir Jain,36,Female,O-,Noida,Uttar Pradesh,Kidney Disease,2025-12-13,2025-12-20,Elective,Dr. T. Gupta,PrimeCare Hospital,Niva Bupa,326,Sevelamer,Abnormal,24.0,124,84,93,121,7,83968.53,No,5,Never
ADM02443,PAT01365,Rahul Kumar,48,Male,B+,Lucknow,Uttar Pradesh,Anemia,2024-12-27,2024-12-29,Urgent,Dr. V. Jain,Green Valley Hospital,Star Health,651,Iron Supplement,Normal,26.1,93,91,69,125,2,24211.1,Yes,5,Never
ADM02444,PAT00653,Priya Mishra,58,Female,B+,Kolkata,West Bengal,Migraine,2025-02-05,2025-02-06,Elective,Dr. K. Rao,Green Valley Hospital,ICICI Lombard,273,Sumatriptan,Borderline,25.3,142,80,75,83,1,18500.37,No,4,Former
ADM02445,PAT01765,Aditya Srivastava,70,Male,A+,Bengaluru,Karnataka,Fracture,2025-07-16,2025-07-21,Elective,Dr. I. Khan,NewHope Hospital,HDFC ERGO,117,Paracetamol,Normal,23.4,128,75,84,65,5,58389.04,No,4,Never
ADM02446,PAT01043,Aman Rao,79,Male,O+,Mumbai,Maharashtra,Pneumonia,2025-04-28,2025-05-03,Elective,Dr. R. Kapoor,NewHope Hospital,Self Pay,153,Amoxicillin,Borderline,21.4,135,66,98,108,5,51116.87,No,3,Never
ADM02447,PAT00233,Riya Rao,40,Male,AB+,Bengaluru,Karnataka,Fracture,2025-05-14,2025-05-19,Elective,Dr. A. Mehta,CityCare Hospital,HDFC ERGO,559,Paracetamol,Borderline,28.9,108,84,90,114,5,67385.36,No,5,Never
ADM02448,PAT00048,Kavya Agarwal,34,Male,A+,Noida,Uttar Pradesh,Hypertension,2026-01-16,2026-01-17,Emergency,Dr. R. Kapoor,PrimeCare Hospital,Care Health,863,Losartan,Borderline,24.7,134,63,65,83,1,21745.02,No,3,Never
ADM02449,PAT01661,Priya Khan,51,Female,B-,Noida,Uttar Pradesh,Anemia,2024-09-30,2024-10-03,Emergency,Dr. A. Mehta,Metro Health Institute,Self Pay,449,Vitamin B12,Abnormal,27.7,134,77,60,78,3,42388.87,No,5,Former
ADM02450,PAT00264,Ishaan Khan,61,Female,AB-,Jaipur,Rajasthan,Kidney Disease,2024-01-25,2024-02-01,Emergency,Dr. V. Jain,Green Valley Hospital,Self Pay,439,Sevelamer,Normal,20.5,150,91,94,65,7,93984.99,No,4,Never
ADM02451,PAT01652,Tanya Khan,65,Female,A-,Chandigarh,Chandigarh,COPD,2026-03-19,2026-03-25,Emergency,Dr. V. Jain,LifeLine Multispeciality,ICICI Lombard,550,Salbutamol,Normal,21.4,146,74,80,68,6,66892.56,No,3,Never
ADM02452,PAT01561,Kabir Srivastava,1,Male,AB+,Delhi,Delhi,Arthritis,2024-07-13,2024-07-17,Emergency,Dr. M. Joshi,LifeLine Multispeciality,Star Health,471,Naproxen,Normal,30.8,134,78,78,95,4,15922.84,No,5,Former
ADM02453,PAT00220,Diya Mishra,39,Female,O+,Kolkata,West Bengal,Gastroenteritis,2024-11-01,2024-11-07,Elective,Dr. R. Kapoor,Sunrise Medical Center,Star Health,520,ORS,Normal,19.6,106,88,85,88,6,43589.55,No,4,Current
ADM02454,PAT00498,Tanya Chauhan,59,Male,O+,Bhopal,Madhya Pradesh,Kidney Disease,2026-01-27,2026-02-03,Urgent,Dr. T. Gupta,Green Valley Hospital,Star Health,420,Furosemide,Normal,29.4,136,68,83,90,7,79122.55,No,4,Never
ADM02455,PAT00153,Sneha Patel,25,Female,AB-,Mumbai,Maharashtra,Fracture,2024-05-13,2024-05-17,Elective,Dr. T. Gupta,Sunrise Medical Center,SBI General,604,Paracetamol,Normal,28.9,106,72,79,97,4,36137.85,No,5,Never
ADM02456,PAT00363,Tanya Srivastava,28,Female,AB+,Patna,Bihar,Migraine,2026-02-16,2026-02-17,Elective,Dr. M. Joshi,LifeLine Multispeciality,Self Pay,850,Naproxen,Abnormal,27.9,133,67,97,117,1,11957.39,No,4,Never
ADM02457,PAT00765,Priya Pandey,42,Female,B-,Bengaluru,Karnataka,Kidney Disease,2025-10-01,2025-10-09,Emergency,Dr. P. Singh,Harmony Medical Centre,Care Health,420,Sevelamer,Normal,28.1,116,81,87,125,8,89007.57,Yes,5,Never
ADM02458,PAT00134,Priya Saxena,47,Female,A+,Noida,Uttar Pradesh,Asthma,2024-01-11,2024-01-12,Elective,Dr. S. Verma,Metro Health Institute,Star Health,231,Budesonide,Normal,25.9,138,63,82,123,1,19248.61,No,4,Former
ADM02459,PAT00316,Aarav Mishra,64,Female,B-,Chandigarh,Chandigarh,Cardiac Disease,2026-02-16,2026-02-24,Elective,Dr. K. Rao,Harmony Medical Centre,HDFC ERGO,505,Aspirin,Borderline,30.0,122,95,75,125,8,111166.82,No,4,Never
ADM02460,PAT01172,Vivaan Patel,35,Male,AB-,Lucknow,Uttar Pradesh,Fracture,2026-04-13,2026-04-14,Urgent,Dr. M. Joshi,PrimeCare Hospital,Self Pay,572,Calcium,Borderline,25.8,146,95,71,109,1,26741.49,No,4,Current
ADM02461,PAT01642,Meera Sharma,54,Male,B+,Delhi,Delhi,Cardiac Disease,2025-11-06,2025-11-12,Emergency,Dr. S. Verma,CityCare Hospital,HDFC ERGO,409,Aspirin,Normal,27.9,151,73,94,89,6,79898.87,No,5,Never
ADM02462,PAT00486,Arjun Verma,91,Female,O+,Jaipur,Rajasthan,Hypertension,2025-12-19,2025-12-21,Urgent,Dr. P. Singh,PrimeCare Hospital,Self Pay,144,Amlodipine,Borderline,,140,72,69,180,2,18961.75,No,4,Never
ADM02463,PAT01596,Vivaan Gupta,39,Female,A+,Bhopal,Madhya Pradesh,Arthritis,2024-04-12,2024-04-14,Elective,Dr. I. Khan,NewHope Hospital,Niva Bupa,134,Ibuprofen,Normal,15.0,131,88,78,73,2,33330.23,No,4,Never
ADM02464,PAT00179,Kavya Malhotra,58,Female,A+,Jaipur,Rajasthan,Arthritis,2025-07-05,2025-07-07,Urgent,Dr. K. Rao,Sunrise Medical Center,HDFC ERGO,541,Diclofenac,Abnormal,29.3,133,80,59,147,2,19355.9,No,4,Never
ADM02465,PAT01769,Kavya Sharma,35,Male,O-,Pune,Maharashtra,Hypertension,2025-12-16,2025-12-18,Emergency,Dr. R. Kapoor,PrimeCare Hospital,ICICI Lombard,688,Losartan,Normal,23.4,152,88,84,65,2,9617.33,No,3,Never
ADM02466,PAT00155,Aman Joshi,30,Male,A-,Hyderabad,Telangana,Fracture,2026-07-24,2026-07-28,Urgent,Dr. R. Kapoor,Sunrise Medical Center,Care Health,886,Paracetamol,Abnormal,19.8,131,86,68,81,4,34030.32,No,4,Never
ADM02467,PAT00020,Rahul Kapoor,25,Female,B+,Lucknow,Uttar Pradesh,Asthma,2025-11-17,2025-11-19,Urgent,Dr. T. Gupta,PrimeCare Hospital,Star Health,659,Salbutamol,Normal,32.9,128,85,94,106,2,35711.3,No,4,Never
ADM02468,PAT01481,Aditya Singh,59,Male,O-,Delhi,Delhi,Diabetes,2026-08-29,2026-09-04,Emergency,Dr. S. Verma,PrimeCare Hospital,Star Health,310,Insulin,Normal,19.7,114,85,80,178,6,43592.74,No,4,Former
ADM02469,PAT00028,Vivaan Mishra,56,Male,A-,Noida,Uttar Pradesh,Arthritis,2025-09-05,2025-09-06,Urgent,Dr. T. Gupta,Harmony Medical Centre,Care Health,232,Naproxen,Abnormal,28.9,146,86,82,111,1,25600.58,No,3,Current
ADM02470,PAT01509,Rahul Khan,82,Male,O+,Noida,Uttar Pradesh,Hypertension,2025-12-12,2025-12-16,Emergency,Dr. N. Sharma,CityCare Hospital,ICICI Lombard,667,Losartan,Normal,15.0,157,93,74,144,4,41223.26,No,4,Never
ADM02471,PAT01653,Kabir Yadav,58,Male,AB+,Hyderabad,Telangana,Fracture,2024-09-20,2024-09-25,Urgent,Dr. P. Singh,Harmony Medical Centre,Self Pay,382,Paracetamol,Borderline,24.0,117,73,89,108,5,29424.31,No,4,Current
ADM02472,PAT00699,Kavya Malhotra,53,Male,O+,Jaipur,Rajasthan,Kidney Disease,2025-05-28,2025-06-03,Emergency,Dr. T. Gupta,Sunrise Medical Center,Star Health,797,Erythropoietin,Normal,25.9,121,72,68,93,6,64390.05,No,4,Never
ADM02473,PAT01783,Nisha Kumar,35,Female,B+,Hyderabad,Telangana,Gastroenteritis,2024-01-03,2024-01-05,Urgent,Dr. P. Singh,Harmony Medical Centre,ICICI Lombard,553,ORS,Abnormal,25.6,128,77,77,89,2,27125.84,No,3,Former
ADM02474,PAT01265,Aarav Sharma,44,Male,AB-,Jaipur,Rajasthan,Diabetes,2024-08-06,2024-08-09,Elective,Dr. P. Singh,PrimeCare Hospital,Care Health,861,Metformin,Borderline,19.8,127,66,72,177,3,24249.7,Yes,4,Never
ADM02475,PAT00145,Aarav Patel,1,Female,AB+,Mumbai,Maharashtra,Anemia,2024-09-22,2024-09-26,Emergency,Dr. T. Gupta,CityCare Hospital,HDFC ERGO,280,Vitamin B12,Borderline,30.0,136,94,81,65,4,21856.12,No,3,Never
ADM02476,PAT00320,Aman Agarwal,31,Male,A+,Bengaluru,Karnataka,Anemia,2024-11-08,2024-11-09,Urgent,Dr. S. Verma,Metro Health Institute,HDFC ERGO,433,Iron Supplement,Normal,28.3,113,87,80,118,1,3500,No,4,Never
ADM02477,PAT01194,Krishna Srivastava,60,Male,B-,Noida,Uttar Pradesh,Pneumonia,2024-08-08,2024-08-13,Urgent,Dr. I. Khan,Sunrise Medical Center,Care Health,700,Amoxicillin,Normal,22.3,135,67,93,65,5,45979.35,No,5,Never
ADM02478,PAT01283,Nisha Rao,30,Male,AB-,Mumbai,Maharashtra,Kidney Disease,2026-02-01,2026-02-04,Elective,Dr. V. Jain,Harmony Medical Centre,Niva Bupa,495,Erythropoietin,Borderline,25.7,121,95,81,74,3,32277.03,No,3,Never
ADM02479,PAT01785,Diya Jain,74,Female,AB+,Kolkata,West Bengal,Arthritis,2026-04-26,2026-04-27,Urgent,Dr. R. Kapoor,PrimeCare Hospital,Care Health,750,Ibuprofen,Normal,23.5,104,78,85,128,1,8840.06,No,5,Former
ADM02480,PAT00944,Nisha Verma,34,Male,B+,Bhopal,Madhya Pradesh,Fracture,2024-09-26,2024-10-02,Elective,Dr. S. Verma,NewHope Hospital,SBI General,102,Ibuprofen,Abnormal,30.5,116,84,71,102,6,66998.8,No,5,Former
ADM02481,PAT01293,Rohan Yadav,23,Male,A-,Jaipur,Rajasthan,Asthma,2025-12-01,2025-12-03,Emergency,Dr. R. Kapoor,CityCare Hospital,HDFC ERGO,434,Montelukast,Normal,23.4,118,80,72,95,2,17549.78,No,3,Never
ADM02482,PAT01789,Ishaan Yadav,49,Male,O+,Mumbai,Maharashtra,Diabetes,2026-08-06,2026-08-07,Elective,Dr. K. Rao,Harmony Medical Centre,SBI General,862,Metformin,Abnormal,24.5,121,78,93,196,1,35871.8,No,4,Never
ADM02483,PAT00678,Priya Malhotra,37,Female,AB-,Delhi,Delhi,Cardiac Disease,2026-05-22,2026-05-26,Emergency,Dr. N. Sharma,Sunrise Medical Center,SBI General,241,Aspirin,Normal,25.6,115,81,84,101,4,64492.51,No,3,Former
ADM02484,PAT01610,Rahul Chauhan,50,Male,O+,Mumbai,Maharashtra,Pneumonia,2025-01-11,2025-01-13,Elective,Dr. T. Gupta,Metro Health Institute,SBI General,484,Azithromycin,Normal,25.1,159,76,77,79,2,39733.22,No,4,Never
ADM02485,PAT01362,Aditya Joshi,58,Female,B-,Hyderabad,Telangana,Migraine,2025-01-05,2025-01-06,Emergency,Dr. N. Sharma,Metro Health Institute,Care Health,727,Naproxen,Normal,25.6,131,95,61,74,1,3500,No,3,Never
ADM02486,PAT00217,Diya Malhotra,51,Male,A-,Hyderabad,Telangana,Kidney Disease,2024-07-05,2024-07-09,Elective,Dr. M. Joshi,Metro Health Institute,Self Pay,692,Furosemide,Borderline,30.4,115,77,86,65,4,51960.84,No,4,Former
ADM02487,PAT01255,Kabir Mishra,39,Female,O+,Lucknow,Uttar Pradesh,Asthma,2025-11-03,2025-11-04,Urgent,Dr. A. Mehta,Sunrise Medical Center,ICICI Lombard,724,Montelukast,Borderline,19.3,118,83,76,68,1,11659.95,No,3,Never
ADM02488,PAT00250,Aditya Singh,33,Male,AB+,Chandigarh,Chandigarh,Arthritis,2024-12-30,2025-01-02,Elective,Dr. M. Joshi,LifeLine Multispeciality,SBI General,857,Diclofenac,Normal,22.1,119,82,89,74,3,41407.93,No,5,Never
ADM02489,PAT00116,Aditya Mishra,46,Female,A+,Lucknow,Uttar Pradesh,Pneumonia,2026-04-16,2026-04-20,Urgent,Dr. M. Joshi,PrimeCare Hospital,Self Pay,365,Azithromycin,Normal,26.0,142,80,86,145,4,31460.07,No,5,Current
ADM02490,PAT01443,Meera Agarwal,26,Female,A+,Kolkata,West Bengal,Arthritis,2026-02-22,2026-02-27,Emergency,Dr. A. Mehta,Green Valley Hospital,Self Pay,193,Ibuprofen,Normal,28.4,111,86,83,124,5,35737.65,No,3,Former
ADM02491,PAT00285,Krishna Jain,62,Female,A+,Pune,Maharashtra,Kidney Disease,2026-08-22,2026-08-27,Elective,Dr. A. Mehta,NewHope Hospital,Star Health,374,Sevelamer,Normal,23.1,125,79,78,108,5,69640.41,No,5,Never
ADM02492,PAT00409,Aditya Gupta,42,Female,A+,Bengaluru,Karnataka,Migraine,2025-12-09,2025-12-10,Emergency,Dr. S. Verma,CityCare Hospital,SBI General,550,Paracetamol,Borderline,28.3,113,69,79,117,1,10662.64,No,4,Never
ADM02493,PAT01528,Aman Pandey,81,Male,AB+,Pune,Maharashtra,Kidney Disease,2024-02-25,2024-03-03,Elective,Dr. R. Kapoor,PrimeCare Hospital,Self Pay,251,Furosemide,Normal,29.6,154,93,101,65,7,89047.95,Yes,3,Former
ADM02494,PAT00167,Arjun Saxena,29,Female,B-,Chandigarh,Chandigarh,Migraine,2026-02-27,2026-03-04,Emergency,Dr. M. Joshi,CityCare Hospital,Care Health,675,Sumatriptan,Normal,28.6,123,79,81,71,5,48197.16,No,4,Current
ADM02495,PAT00381,Rahul Singh,24,Female,A-,Jaipur,Rajasthan,Migraine,2024-02-24,2024-02-28,Emergency,Dr. S. Verma,LifeLine Multispeciality,Star Health,736,Sumatriptan,Borderline,22.7,139,83,82,99,4,24345.49,Yes,4,Former
ADM02496,PAT00188,Arjun Sharma,46,Female,O-,Pune,Maharashtra,Migraine,2025-06-12,2025-06-17,Emergency,Dr. R. Kapoor,Sunrise Medical Center,HDFC ERGO,367,Sumatriptan,Normal,25.4,132,72,83,107,5,39519.18,No,4,Former
ADM02497,PAT01471,Vivaan Sharma,46,Female,A+,Bengaluru,Karnataka,Migraine,2026-04-23,2026-04-25,Elective,Dr. I. Khan,Harmony Medical Centre,SBI General,660,Naproxen,Abnormal,24.8,125,68,85,81,2,13263.9,No,4,Never
ADM02498,PAT00188,Arjun Sharma,46,Female,O-,Pune,Maharashtra,Cardiac Disease,2026-08-06,2026-08-10,Emergency,Dr. I. Khan,Harmony Medical Centre,ICICI Lombard,207,Aspirin,Normal,31.2,118,74,65,116,4,54062.76,No,4,Former
ADM02499,PAT00008,Kabir Jain,54,Male,A-,Patna,Bihar,Anemia,2026-02-04,2026-02-07,Emergency,Dr. S. Verma,LifeLine Multispeciality,Care Health,837,Iron Supplement,Normal,29.3,135,67,86,95,3,28574.62,No,5,Current
ADM02500,PAT00887,Vivaan Patel,53,Male,A-,Bhopal,Madhya Pradesh,COPD,2026-04-08,2026-04-12,Elective,Dr. V. Jain,Harmony Medical Centre,Star Health,177,Tiotropium,Abnormal,24.2,134,70,99,68,4,36022.11,Yes,3,Never
